month,ppi_value,article_count,avg_sentiment,negative_share,avg_title_len,avg_full_text_len,avg_text_len,article_body_share,avg_relevance_score,avg_pressure_direction_score,avg_pressure_strength,upward_pressure_share,downward_pressure_share,unique_sources,topic_shortage,topic_tariff,topic_demand,topic_supply_chain,topic_export_controls,topic_oversupply,kw_semiconductor,kw_supply_chain,kw_shortage,kw_tariff,kw_memory,kw_nand,kw_dram,kw_ssd,kw_ram,kw_electronics,kw_ai_demand,ai_enriched_article_count,ai_avg_relevance_score,ai_avg_sentiment,ai_negative_share,ai_relevant_share,ai_relevant_article_count,ai_avg_content_char_count,ai_avg_scored_char_count,ai_avg_pressure_direction_score,ai_avg_pressure_strength,ai_upward_pressure_share,ai_downward_pressure_share,ai_neutral_pressure_share,ai_topic_shortage_article_count,ai_topic_shortage_term_count,ai_topic_tariff_article_count,ai_topic_tariff_term_count,ai_topic_demand_article_count,ai_topic_demand_term_count,ai_topic_supply_chain_article_count,ai_topic_supply_chain_term_count,ai_topic_export_controls_article_count,ai_topic_export_controls_term_count,ai_topic_oversupply_article_count,ai_topic_oversupply_term_count,gscpi,wti_oil_price,ppi_pct_change,ppi_lag_1,ppi_pct_change_lag_1,ppi_ma_3,ppi_std_3,gscpi_pct_change,gscpi_lag_1,gscpi_pct_change_lag_1,wti_oil_price_pct_change,wti_oil_price_lag_1,wti_oil_price_pct_change_lag_1,target_pct_change_next_month,target_class
1998-01-01,92.9,0.0,0.0,0.0,0.0,0.0,0.0,0.0,0.0,0.0,0.0,0.0,0.0,0.0,0.0,0.0,0.0,0.0,0.0,0.0,0.0,0.0,0.0,0.0,0.0,0.0,0.0,0.0,0.0,0.0,0.0,0.0,0.0,0.0,0.0,0.0,0.0,0.0,0.0,0.0,0.0,0.0,0.0,0.0,0.0,0.0,0.0,0.0,0.0,0.0,0.0,0.0,0.0,0.0,0.0,0.0,-1.1015301642448057,16.724,-0.4287245444801635,93.3,0.0,93.39999999999999,0.1732050807601407,,,,-8.77516612119409,18.332727272727272,-9.216459624999063,-0.32292787944027124,low
1998-02-01,92.6,0.0,0.0,0.0,0.0,0.0,0.0,0.0,0.0,0.0,0.0,0.0,0.0,0.0,0.0,0.0,0.0,0.0,0.0,0.0,0.0,0.0,0.0,0.0,0.0,0.0,0.0,0.0,0.0,0.0,0.0,0.0,0.0,0.0,0.0,0.0,0.0,0.0,0.0,0.0,0.0,0.0,0.0,0.0,0.0,0.0,0.0,0.0,0.0,0.0,0.0,0.0,0.0,0.0,0.0,0.0,-0.43617031542893936,16.06,-0.32292787944027124,92.9,-0.4287245444801635,93.16666666666667,0.23094010767829865,-60.40323455618014,-1.1015301642448057,,-3.970342023439377,16.724,-8.77516612119409,-0.10799136069113979,medium
1998-03-01,92.5,0.0,0.0,0.0,0.0,0.0,0.0,0.0,0.0,0.0,0.0,0.0,0.0,0.0,0.0,0.0,0.0,0.0,0.0,0.0,0.0,0.0,0.0,0.0,0.0,0.0,0.0,0.0,0.0,0.0,0.0,0.0,0.0,0.0,0.0,0.0,0.0,0.0,0.0,0.0,0.0,0.0,0.0,0.0,0.0,0.0,0.0,0.0,0.0,0.0,0.0,0.0,0.0,0.0,0.0,0.0,-0.05006568845625184,15.115454545454547,-0.10799136069113979,92.6,-0.32292787944027124,92.93333333333332,0.35118845843004354,-88.5215277873699,-0.43617031542893936,-60.40323455618014,-5.881354013358974,16.06,-3.970342023439377,-0.108108108108107,medium
1998-04-01,92.4,0.0,0.0,0.0,0.0,0.0,0.0,0.0,0.0,0.0,0.0,0.0,0.0,0.0,0.0,0.0,0.0,0.0,0.0,0.0,0.0,0.0,0.0,0.0,0.0,0.0,0.0,0.0,0.0,0.0,0.0,0.0,0.0,0.0,0.0,0.0,0.0,0.0,0.0,0.0,0.0,0.0,0.0,0.0,0.0,0.0,0.0,0.0,0.0,0.0,0.0,0.0,0.0,0.0,0.0,0.0,-0.11184325560720146,15.353809523809524,-0.108108108108107,92.5,-0.10799136069113979,92.66666666666667,0.20816659994935155,123.3930243562551,-0.05006568845625184,-88.5215277873699,1.5768958693118007,15.115454545454547,-5.881354013358974,-0.32467532467533866,low
1998-05-01,92.1,0.0,0.0,0.0,0.0,0.0,0.0,0.0,0.0,0.0,0.0,0.0,0.0,0.0,0.0,0.0,0.0,0.0,0.0,0.0,0.0,0.0,0.0,0.0,0.0,0.0,0.0,0.0,0.0,0.0,0.0,0.0,0.0,0.0,0.0,0.0,0.0,0.0,0.0,0.0,0.0,0.0,0.0,0.0,0.0,0.0,0.0,0.0,0.0,0.0,0.0,0.0,0.0,0.0,0.0,0.0,-0.42584751383021113,14.914000000000001,-0.32467532467533866,92.4,-0.108108108108107,92.5,0.10000000000570727,280.7538608548796,-0.11184325560720146,123.3930243562551,-2.8644977204354327,15.353809523809524,1.5768958693118007,-0.10857763300758938,medium
1998-06-01,92.0,0.0,0.0,0.0,0.0,0.0,0.0,0.0,0.0,0.0,0.0,0.0,0.0,0.0,0.0,0.0,0.0,0.0,0.0,0.0,0.0,0.0,0.0,0.0,0.0,0.0,0.0,0.0,0.0,0.0,0.0,0.0,0.0,0.0,0.0,0.0,0.0,0.0,0.0,0.0,0.0,0.0,0.0,0.0,0.0,0.0,0.0,0.0,0.0,0.0,0.0,0.0,0.0,0.0,0.0,0.0,-0.7466700120322463,13.72181818181818,-0.10857763300758938,92.1,-0.32467532467533866,92.33333333333333,0.208166599949374,75.33741252037687,-0.42584751383021113,280.7538608548796,-7.993709388372139,14.914000000000001,-2.8644977204354327,-0.3260869565217317,low
1998-07-01,91.7,1.0,-0.9704,1.0,31.0,8790.0,5000.0,1.0,1.0,0.0,0.0,0.0,0.0,1.0,0.0,0.0,1.0,0.0,0.0,0.0,0.0,0.0,0.0,0.0,0.0,0.0,0.0,0.0,0.0,0.0,0.0,0.0,0.0,0.0,0.0,0.0,0.0,0.0,0.0,0.0,0.0,0.0,0.0,0.0,0.0,0.0,0.0,0.0,0.0,0.0,0.0,0.0,0.0,0.0,0.0,0.0,-0.9269443360850029,14.172727272727274,-0.3260869565217317,92.0,-0.10857763300758938,92.16666666666667,0.20816659994938397,24.14377451186176,-0.7466700120322463,75.33741252037687,3.2860739366635805,13.72181818181818,-7.993709388372139,-0.21810250817885235,low
1998-08-01,91.5,0.0,0.0,0.0,0.0,0.0,0.0,0.0,0.0,0.0,0.0,0.0,0.0,0.0,0.0,0.0,0.0,0.0,0.0,0.0,0.0,0.0,0.0,0.0,0.0,0.0,0.0,0.0,0.0,0.0,0.0,0.0,0.0,0.0,0.0,0.0,0.0,0.0,0.0,0.0,0.0,0.0,0.0,0.0,0.0,0.0,0.0,0.0,0.0,0.0,0.0,0.0,0.0,0.0,0.0,0.0,-0.9065279156950766,13.47190476190476,-0.21810250817885235,91.7,-0.3260869565217317,91.93333333333334,0.20816659994938794,-2.2025508539332717,-0.9269443360850029,24.14377451186176,-4.944866978221718,14.172727272727274,3.2860739366635805,-0.21857923497268228,low
1998-09-01,91.3,0.0,0.0,0.0,0.0,0.0,0.0,0.0,0.0,0.0,0.0,0.0,0.0,0.0,0.0,0.0,0.0,0.0,0.0,0.0,0.0,0.0,0.0,0.0,0.0,0.0,0.0,0.0,0.0,0.0,0.0,0.0,0.0,0.0,0.0,0.0,0.0,0.0,0.0,0.0,0.0,0.0,0.0,0.0,0.0,0.0,0.0,0.0,0.0,0.0,0.0,0.0,0.0,0.0,0.0,0.0,-0.9146488425833204,15.031428571428572,-0.21857923497268228,91.5,-0.21810250817885235,91.73333333333333,0.2516611478446605,0.8958275578327957,-0.9065279156950766,-2.2025508539332717,11.57611961401155,13.47190476190476,-4.944866978221718,-0.10952902519166807,medium
1998-10-01,91.2,0.0,0.0,0.0,0.0,0.0,0.0,0.0,0.0,0.0,0.0,0.0,0.0,0.0,0.0,0.0,0.0,0.0,0.0,0.0,0.0,0.0,0.0,0.0,0.0,0.0,0.0,0.0,0.0,0.0,0.0,0.0,0.0,0.0,0.0,0.0,0.0,0.0,0.0,0.0,0.0,0.0,0.0,0.0,0.0,0.0,0.0,0.0,0.0,0.0,0.0,0.0,0.0,0.0,0.0,0.0,-0.6827023004243739,14.460909090909091,-0.10952902519166807,91.3,-0.21857923497268228,91.5,0.20000000000289572,-25.359081142424035,-0.9146488425833204,0.8958275578327957,-3.79551070484353,15.031428571428572,11.57611961401155,-0.21929824561404132,low
1998-11-01,91.0,0.0,0.0,0.0,0.0,0.0,0.0,0.0,0.0,0.0,0.0,0.0,0.0,0.0,0.0,0.0,0.0,0.0,0.0,0.0,0.0,0.0,0.0,0.0,0.0,0.0,0.0,0.0,0.0,0.0,0.0,0.0,0.0,0.0,0.0,0.0,0.0,0.0,0.0,0.0,0.0,0.0,0.0,0.0,0.0,0.0,0.0,0.0,0.0,0.0,0.0,0.0,0.0,0.0,0.0,0.0,-0.8656641925020707,13.002105263157894,-0.21929824561404132,91.2,-0.10952902519166807,91.33333333333333,0.15275252316898838,26.79965952421226,-0.6827023004243739,-25.359081142424035,-10.087912306068503,14.460909090909091,-3.79551070484353,0.0,medium
1998-12-01,91.0,0.0,0.0,0.0,0.0,0.0,0.0,0.0,0.0,0.0,0.0,0.0,0.0,0.0,0.0,0.0,0.0,0.0,0.0,0.0,0.0,0.0,0.0,0.0,0.0,0.0,0.0,0.0,0.0,0.0,0.0,0.0,0.0,0.0,0.0,0.0,0.0,0.0,0.0,0.0,0.0,0.0,0.0,0.0,0.0,0.0,0.0,0.0,0.0,0.0,0.0,0.0,0.0,0.0,0.0,0.0,-0.6147683195754039,11.347272727272726,0.0,91.0,-0.21929824561404132,91.16666666666667,0.15275252316900195,-28.983048519252076,-0.8656641925020707,26.79965952421226,-12.727419924634953,13.002105263157894,-10.087912306068503,-0.219780219780219,low
1999-01-01,90.8,14.0,0.5800714285714286,0.21428571428571427,25.071428571428573,5746.0,3895.0714285714284,1.0,0.6785714285714286,-0.14285714285714285,0.14285714285714285,0.0,0.07142857142857142,1.0,0.0,0.0,2.0,1.0,0.0,1.0,2.0,0.0,0.0,0.0,2.0,0.0,1.0,0.0,8.0,5.0,0.0,0.0,0.0,0.0,0.0,0.0,0.0,0.0,0.0,0.0,0.0,0.0,0.0,0.0,0.0,0.0,0.0,0.0,0.0,0.0,0.0,0.0,0.0,0.0,0.0,0.0,-0.27904903328179725,12.514736842105263,-0.219780219780219,91.0,0.0,91.06666666666666,0.11547005384297178,-54.60907395577485,-0.6147683195754039,-28.983048519252076,10.288499650022365,11.347272727272726,-12.727419924634953,-0.11013215859030367,medium
1999-02-01,90.7,17.0,0.6795411764705882,0.11764705882352941,31.11764705882353,5092.294117647059,3994.0588235294117,1.0,0.8235294117647058,-0.11764705882352941,0.11764705882352941,0.0,0.058823529411764705,1.0,0.0,0.0,2.0,1.0,0.0,0.0,3.0,0.0,0.0,0.0,1.0,0.0,5.0,0.0,10.0,2.0,0.0,0.0,0.0,0.0,0.0,0.0,0.0,0.0,0.0,0.0,0.0,0.0,0.0,0.0,0.0,0.0,0.0,0.0,0.0,0.0,0.0,0.0,0.0,0.0,0.0,0.0,0.002026630561592402,12.013684210526316,-0.11013215859030367,90.8,-0.219780219780219,90.93333333333334,0.11547005384298613,-100.72626324404636,-0.27904903328179725,-54.60907395577485,-4.003700899991591,12.514736842105263,10.288499650022365,0.0,medium
1999-03-01,90.7,19.0,0.1666684210526316,0.42105263157894735,26.789473684210527,4464.421052631579,3704.4210526315787,1.0,0.8947368421052632,0.10526315789473684,0.10526315789473684,0.05263157894736842,0.0,1.0,0.0,0.0,4.0,0.0,1.0,0.0,2.0,0.0,0.0,0.0,5.0,0.0,2.0,0.0,11.0,2.0,0.0,0.0,0.0,0.0,0.0,0.0,0.0,0.0,0.0,0.0,0.0,0.0,0.0,0.0,0.0,0.0,0.0,0.0,0.0,0.0,0.0,0.0,0.0,0.0,0.0,0.0,-0.2774412746909577,14.676521739130434,0.0,90.7,-0.11013215859030367,90.83333333333333,0.15275252316902443,-13789.780463636222,0.002026630561592402,-100.72626324404636,22.16503681918787,12.013684210526316,-4.003700899991591,-0.22050716648290836,low
1999-04-01,90.5,16.0,0.42998749999999997,0.25,28.4375,4219.8125,3483.8125,1.0,0.71875,0.125,0.125,0.0625,0.0,1.0,0.0,1.0,2.0,0.0,0.0,0.0,1.0,0.0,0.0,1.0,2.0,0.0,1.0,0.0,6.0,7.0,0.0,0.0,0.0,0.0,0.0,0.0,0.0,0.0,0.0,0.0,0.0,0.0,0.0,0.0,0.0,0.0,0.0,0.0,0.0,0.0,0.0,0.0,0.0,0.0,0.0,0.0,-0.2130164009113138,17.312380952380952,-0.22050716648290836,90.7,0.0,90.73333333333335,0.05773502692912004,-23.22108484089358,-0.2774412746909577,-13789.780463636222,17.959699580744726,14.676521739130434,22.16503681918787,-0.11049723756905161,medium
1999-05-01,90.4,8.0,0.6176875,0.125,26.5,4153.375,3455.875,1.0,0.875,0.0,0.0,0.0,0.0,1.0,0.0,0.0,0.0,0.0,0.0,0.0,3.0,0.0,0.0,0.0,1.0,0.0,1.0,0.0,3.0,4.0,0.0,0.0,0.0,0.0,0.0,0.0,0.0,0.0,0.0,0.0,0.0,0.0,0.0,0.0,0.0,0.0,0.0,0.0,0.0,0.0,0.0,0.0,0.0,0.0,0.0,0.0,-0.3544127553617587,17.7185,-0.11049723756905161,90.5,-0.22050716648290836,90.63333333333333,0.11547005384301845,66.37815390999549,-0.2130164009113138,-23.22108484089358,2.345830124326098,17.312380952380952,17.959699580744726,-0.553097345132747,low
1999-06-01,89.9,9.0,0.6286,0.2222222222222222,22.333333333333332,3811.1111111111113,3605.3333333333335,1.0,0.9444444444444444,0.0,0.0,0.0,0.0,1.0,0.0,0.0,1.0,0.0,0.0,0.0,3.0,0.0,0.0,0.0,1.0,0.0,0.0,0.0,4.0,3.0,0.0,0.0,0.0,0.0,0.0,0.0,0.0,0.0,0.0,0.0,0.0,0.0,0.0,0.0,0.0,0.0,0.0,0.0,0.0,0.0,0.0,0.0,0.0,0.0,0.0,0.0,-0.3676366849958858,17.923181818181817,-0.553097345132747,90.4,-0.11049723756905161,90.53333333333335,0.15275252316904886,3.731222828204661,-0.3544127553617587,66.37815390999549,1.1551870541062659,17.7185,2.345830124326098,-0.22246941045606095,low
1999-07-01,89.7,15.0,0.7394333333333333,0.13333333333333333,25.666666666666668,3416.5333333333333,3294.266666666667,1.0,0.7,-0.06666666666666667,0.06666666666666667,0.0,0.06666666666666667,1.0,0.0,0.0,2.0,1.0,0.0,0.0,3.0,0.0,0.0,0.0,1.0,0.0,6.0,0.0,11.0,3.0,0.0,0.0,0.0,0.0,0.0,0.0,0.0,0.0,0.0,0.0,0.0,0.0,0.0,0.0,0.0,0.0,0.0,0.0,0.0,0.0,0.0,0.0,0.0,0.0,0.0,0.0,-0.6203700146401392,20.103333333333335,-0.22246941045606095,89.9,-0.553097345132747,90.26666666666667,0.3214550253682735,68.74540543936243,-0.3676366849958858,3.731222828204661,12.163864303044146,17.923181818181817,1.1551870541062659,0.22296544035673715,high
1999-08-01,89.9,15.0,0.7112066666666667,0.13333333333333333,31.666666666666668,4237.6,3431.9333333333334,1.0,0.8333333333333334,0.2,0.2,0.13333333333333333,0.0,1.0,0.0,1.0,3.0,1.0,0.0,0.0,6.0,0.0,0.0,1.0,1.0,0.0,1.0,0.0,4.0,4.0,0.0,0.0,0.0,0.0,0.0,0.0,0.0,0.0,0.0,0.0,0.0,0.0,0.0,0.0,0.0,0.0,0.0,0.0,0.0,0.0,0.0,0.0,0.0,0.0,0.0,0.0,-0.45160994521823755,21.278636363636362,0.22296544035673715,89.7,-0.22246941045606095,90.0,0.3605551275480544,-27.203131266715886,-0.6203700146401392,68.74540543936243,5.846309220542323,20.103333333333335,12.163864303044146,0.11123470522802492,high
1999-09-01,90.0,15.0,0.31270666666666663,0.3333333333333333,25.733333333333334,4894.733333333334,3719.4666666666667,1.0,0.8333333333333334,0.0,0.0,0.0,0.0,1.0,0.0,0.0,7.0,1.0,0.0,0.0,4.0,0.0,0.0,0.0,1.0,0.0,4.0,0.0,6.0,5.0,0.0,0.0,0.0,0.0,0.0,0.0,0.0,0.0,0.0,0.0,0.0,0.0,0.0,0.0,0.0,0.0,0.0,0.0,0.0,0.0,0.0,0.0,0.0,0.0,0.0,0.0,-0.3906346620127848,23.796666666666667,0.11123470522802492,89.9,0.22296544035673715,89.83333333333333,0.1154700538431087,-13.501758287450215,-0.45160994521823755,-27.203131266715886,11.833607473707453,21.278636363636362,5.846309220542323,-0.33333333333332993,low
1999-10-01,89.7,29.0,0.5666310344827586,0.20689655172413793,26.482758620689655,4792.482758620689,3707.8275862068967,1.0,0.7931034482758621,-0.034482758620689655,0.034482758620689655,0.0,0.034482758620689655,1.0,0.0,0.0,4.0,1.0,0.0,0.0,4.0,0.0,0.0,0.0,5.0,0.0,2.0,1.0,7.0,7.0,0.0,0.0,0.0,0.0,0.0,0.0,0.0,0.0,0.0,0.0,0.0,0.0,0.0,0.0,0.0,0.0,0.0,0.0,0.0,0.0,0.0,0.0,0.0,0.0,0.0,0.0,-0.11974469955125604,22.69142857142857,-0.33333333333332993,90.0,0.11123470522802492,89.86666666666667,0.15275252316910934,-69.34611513114088,-0.3906346620127848,-13.501758287450215,-4.644508034338546,23.796666666666667,11.833607473707453,-0.22296544035674826,low
1999-11-01,89.5,29.0,0.652355172413793,0.1724137931034483,23.655172413793103,5673.379310344828,4180.827586206897,1.0,0.6379310344827587,0.034482758620689655,0.1724137931034483,0.10344827586206896,0.06896551724137931,1.0,0.0,3.0,2.0,3.0,0.0,0.0,6.0,1.0,0.0,3.0,0.0,0.0,5.0,0.0,9.0,11.0,0.0,0.0,0.0,0.0,0.0,0.0,0.0,0.0,0.0,0.0,0.0,0.0,0.0,0.0,0.0,0.0,0.0,0.0,0.0,0.0,0.0,0.0,0.0,0.0,0.0,0.0,-0.1667570858383597,25.00238095238095,-0.22296544035674826,89.7,-0.33333333333332993,89.86666666666667,0.15275252316910934,39.260515466056404,-0.11974469955125604,-69.34611513114088,10.184252497271885,22.69142857142857,-4.644508034338546,-0.22346368715083775,low
1999-12-01,89.3,24.0,0.8163458333333334,0.08333333333333333,33.916666666666664,4806.375,3669.2916666666665,1.0,0.7708333333333334,0.0,0.0,0.0,0.0,1.0,0.0,0.0,3.0,1.0,0.0,0.0,6.0,0.0,0.0,0.0,2.0,0.0,0.0,0.0,8.0,8.0,0.0,0.0,0.0,0.0,0.0,0.0,0.0,0.0,0.0,0.0,0.0,0.0,0.0,0.0,0.0,0.0,0.0,0.0,0.0,0.0,0.0,0.0,0.0,0.0,0.0,0.0,-0.20608595344690947,26.10238095238095,-0.22346368715083775,89.5,-0.22296544035674826,89.73333333333333,0.2516611478447369,23.584525605509743,-0.1667570858383597,39.260515466056404,4.399580992286456,25.00238095238095,10.184252497271885,-0.5599104143337086,low
2000-01-01,88.8,18.0,0.6250666666666667,0.16666666666666666,27.055555555555557,4374.333333333333,3437.5,1.0,0.8333333333333334,0.0,0.0,0.0,0.0,1.0,0.0,0.0,2.0,0.0,0.0,0.0,3.0,0.0,0.0,0.0,2.0,0.0,1.0,0.0,8.0,5.0,0.0,0.0,0.0,0.0,0.0,0.0,0.0,0.0,0.0,0.0,0.0,0.0,0.0,0.0,0.0,0.0,0.0,0.0,0.0,0.0,0.0,0.0,0.0,0.0,0.0,0.0,-0.6171356170058285,27.259473684210523,-0.5599104143337086,89.3,-0.22346368715083775,89.5,0.20000000000299192,199.45544889589527,-0.20608595344690947,23.584525605509743,4.432901097951469,26.10238095238095,4.399580992286456,-0.22522522522522292,low
2000-02-01,88.6,23.0,0.727513043478261,0.13043478260869565,28.956521739130434,3808.913043478261,3166.8260869565215,1.0,0.8043478260869565,-0.08695652173913043,0.08695652173913043,0.0,0.043478260869565216,1.0,0.0,0.0,6.0,1.0,0.0,0.0,3.0,0.0,0.0,0.0,4.0,0.0,2.0,0.0,11.0,8.0,0.0,0.0,0.0,0.0,0.0,0.0,0.0,0.0,0.0,0.0,0.0,0.0,0.0,0.0,0.0,0.0,0.0,0.0,0.0,0.0,0.0,0.0,0.0,0.0,0.0,0.0,-0.42300311601790164,29.366000000000003,-0.22522522522522292,88.8,-0.5599104143337086,89.2,0.36055512754806307,-31.457024297155968,-0.6171356170058285,199.45544889589527,7.727685208425883,27.259473684210523,4.432901097951469,0.0,medium
2000-03-01,88.6,20.0,0.58647,0.2,28.55,2981.9,2867.05,1.0,0.725,0.0,0.1,0.05,0.05,1.0,1.0,0.0,3.0,0.0,0.0,0.0,4.0,0.0,1.0,0.0,1.0,0.0,2.0,0.0,6.0,9.0,0.0,0.0,0.0,0.0,0.0,0.0,0.0,0.0,0.0,0.0,0.0,0.0,0.0,0.0,0.0,0.0,0.0,0.0,0.0,0.0,0.0,0.0,0.0,0.0,0.0,0.0,-0.28114141588345115,29.84173913043478,0.0,88.6,-0.22522522522522292,88.89999999999999,0.36055512754807345,-33.53679790114048,-0.42300311601790164,-31.457024297155968,1.6200338160961003,29.366000000000003,7.727685208425883,0.3386004514672747,high
2000-04-01,88.9,21.0,0.561652380952381,0.23809523809523808,26.333333333333332,5110.714285714285,3747.714285714286,1.0,0.7619047619047619,0.0,0.0,0.0,0.0,1.0,0.0,0.0,2.0,1.0,0.0,0.0,3.0,0.0,0.0,0.0,2.0,0.0,3.0,0.0,7.0,7.0,0.0,0.0,0.0,0.0,0.0,0.0,0.0,0.0,0.0,0.0,0.0,0.0,0.0,0.0,0.0,0.0,0.0,0.0,0.0,0.0,0.0,0.0,0.0,0.0,0.0,0.0,0.12705524459718315,25.722105263157896,0.3386004514672747,88.6,0.0,88.66666666666667,0.11547005384318768,-145.19264591377552,-0.28114141588345115,-33.53679790114048,-13.804938945650736,29.84173913043478,1.6200338160961003,-0.4499437570303799,low
2000-05-01,88.5,17.0,0.7274764705882353,0.11764705882352941,37.35294117647059,3422.823529411765,3128.470588235294,1.0,0.7647058823529411,0.058823529411764705,0.058823529411764705,0.058823529411764705,0.0,1.0,1.0,0.0,3.0,1.0,0.0,0.0,8.0,0.0,1.0,0.0,0.0,0.0,1.0,0.0,5.0,2.0,0.0,0.0,0.0,0.0,0.0,0.0,0.0,0.0,0.0,0.0,0.0,0.0,0.0,0.0,0.0,0.0,0.0,0.0,0.0,0.0,0.0,0.0,0.0,0.0,0.0,0.0,0.28151228724259125,28.78818181818182,-0.4499437570303799,88.9,0.3386004514672747,88.7,0.17320508076040086,121.56683742973367,0.12705524459718315,-145.19264591377552,11.920006250092996,25.722105263157896,-13.804938945650736,0.3389830508474523,high
2000-06-01,88.8,11.0,0.6178454545454545,0.18181818181818182,23.363636363636363,4041.181818181818,3490.909090909091,1.0,0.8181818181818182,0.0,0.0,0.0,0.0,1.0,0.0,0.0,1.0,0.0,0.0,0.0,1.0,0.0,0.0,0.0,2.0,0.0,2.0,0.0,3.0,3.0,0.0,0.0,0.0,0.0,0.0,0.0,0.0,0.0,0.0,0.0,0.0,0.0,0.0,0.0,0.0,0.0,0.0,0.0,0.0,0.0,0.0,0.0,0.0,0.0,0.0,0.0,0.0435167129662301,31.82227272727273,0.3389830508474523,88.5,-0.4499437570303799,88.66666666666667,0.20816659994953557,-84.54180689856359,0.28151228724259125,121.56683742973367,10.539362743550074,28.78818181818182,11.920006250092996,0.5630630630630629,high
2000-07-01,89.3,16.0,0.66866875,0.1875,33.5625,4440.0625,3715.1875,1.0,0.78125,0.0625,0.1875,0.0625,0.0625,1.0,1.0,0.0,1.0,1.0,0.0,0.0,1.0,1.0,1.0,0.0,1.0,0.0,3.0,0.0,6.0,6.0,0.0,0.0,0.0,0.0,0.0,0.0,0.0,0.0,0.0,0.0,0.0,0.0,0.0,0.0,0.0,0.0,0.0,0.0,0.0,0.0,0.0,0.0,0.0,0.0,0.0,0.0,-0.015869874981165735,29.69684210526316,0.5630630630630629,88.8,0.3389830508474523,88.73333333333333,0.20816659994952877,-136.46845981561407,0.0435167129662301,-84.54180689856359,-6.679066074963302,31.82227272727273,10.539362743550074,-0.11198208286673506,medium
2000-08-01,89.2,19.0,0.8179210526315789,0.05263157894736842,31.157894736842106,3436.315789473684,2876.3684210526317,1.0,0.7631578947368421,0.05263157894736842,0.2631578947368421,0.15789473684210525,0.10526315789473684,1.0,3.0,0.0,4.0,0.0,0.0,0.0,6.0,0.0,3.0,0.0,1.0,1.0,2.0,0.0,5.0,6.0,0.0,0.0,0.0,0.0,0.0,0.0,0.0,0.0,0.0,0.0,0.0,0.0,0.0,0.0,0.0,0.0,0.0,0.0,0.0,0.0,0.0,0.0,0.0,0.0,0.0,0.0,0.08743640583890946,31.26391304347826,-0.11198208286673506,89.3,0.5630630630630629,88.86666666666667,0.40414518843423236,-650.9583783279857,-0.015869874981165735,-136.46845981561407,5.276894198583393,29.69684210526316,-6.679066074963302,-0.11210762331839152,medium
2000-09-01,89.1,29.0,0.41924137931034483,0.3103448275862069,31.20689655172414,4207.3448275862065,3474.4827586206898,1.0,0.7758620689655172,-0.1724137931034483,0.3103448275862069,0.06896551724137931,0.1724137931034483,1.0,3.0,0.0,8.0,5.0,0.0,0.0,4.0,2.0,3.0,0.0,4.0,0.0,3.0,0.0,10.0,6.0,0.0,0.0,0.0,0.0,0.0,0.0,0.0,0.0,0.0,0.0,0.0,0.0,0.0,0.0,0.0,0.0,0.0,0.0,0.0,0.0,0.0,0.0,0.0,0.0,0.0,0.0,0.04503380428508711,33.884,-0.11210762331839152,89.2,-0.11198208286673506,89.10000000000001,0.2645751311087322,-48.495362025680464,0.08743640583890946,-650.9583783279857,8.38054709555398,31.26391304347826,5.276894198583393,-0.33670033670033517,low
2000-10-01,88.8,36.0,0.5240527777777778,0.19444444444444445,33.72222222222222,4654.25,3628.6111111111113,1.0,0.6527777777777778,-0.1388888888888889,0.19444444444444445,0.027777777777777776,0.16666666666666666,1.0,0.0,0.0,7.0,2.0,0.0,0.0,10.0,0.0,0.0,0.0,3.0,0.0,9.0,0.0,18.0,12.0,0.0,0.0,0.0,0.0,0.0,0.0,0.0,0.0,0.0,0.0,0.0,0.0,0.0,0.0,0.0,0.0,0.0,0.0,0.0,0.0,0.0,0.0,0.0,0.0,0.0,0.0,-0.526568382816282,33.108636363636364,-0.33670033670033517,89.1,-0.11210762331839152,89.19999999999999,0.10000000000599678,-1269.2735960809212,0.04503380428508711,-48.495362025680464,-2.288288384971182,33.884,8.38054709555398,-0.22522522522522292,low
2000-11-01,88.6,27.0,0.7225592592592592,0.1111111111111111,27.333333333333332,4980.814814814815,3262.6296296296296,1.0,0.7037037037037037,0.1111111111111111,0.18518518518518517,0.1111111111111111,0.037037037037037035,1.0,2.0,0.0,7.0,1.0,1.0,0.0,11.0,0.0,2.0,0.0,3.0,0.0,5.0,0.0,9.0,6.0,0.0,0.0,0.0,0.0,0.0,0.0,0.0,0.0,0.0,0.0,0.0,0.0,0.0,0.0,0.0,0.0,0.0,0.0,0.0,0.0,0.0,0.0,0.0,0.0,0.0,0.0,-0.7417826214017357,34.417142857142856,-0.22522522522522292,88.8,-0.33670033670033517,89.03333333333335,0.20816659994949888,40.87109017719759,-0.526568382816282,-1269.2735960809212,3.952160636079971,33.108636363636364,-2.288288384971182,-0.7900677200902817,low
2000-12-01,87.9,32.0,0.348425,0.3125,32.5,5410.34375,3418.09375,1.0,0.75,-0.125,0.125,0.0,0.09375,1.0,1.0,0.0,8.0,0.0,0.0,1.0,3.0,0.0,1.0,0.0,5.0,0.0,2.0,0.0,9.0,9.0,0.0,0.0,0.0,0.0,0.0,0.0,0.0,0.0,0.0,0.0,0.0,0.0,0.0,0.0,0.0,0.0,0.0,0.0,0.0,0.0,0.0,0.0,0.0,0.0,0.0,0.0,-0.9268678987646702,28.436500000000002,-0.7900677200902817,88.6,-0.22522522522522292,88.83333333333333,0.2516611478447407,24.95141730513741,-0.7417826214017357,40.87109017719759,-17.376930101278422,34.417142857142856,3.952160636079971,0.0,medium
2001-01-01,87.9,26.0,0.47726153846153846,0.23076923076923078,29.192307692307693,3193.1153846153848,3030.576923076923,1.0,0.8461538461538461,0.11538461538461539,0.4230769230769231,0.15384615384615385,0.15384615384615385,1.0,3.0,1.0,4.0,0.0,0.0,0.0,5.0,0.0,3.0,1.0,6.0,0.0,1.0,0.0,5.0,12.0,0.0,0.0,0.0,0.0,0.0,0.0,0.0,0.0,0.0,0.0,0.0,0.0,0.0,0.0,0.0,0.0,0.0,0.0,0.0,0.0,0.0,0.0,0.0,0.0,0.0,0.0,-0.9232320327873631,29.585714285714282,0.0,87.9,-0.7900677200902817,88.43333333333332,0.47258156262651724,-0.3922744527189881,-0.9268678987646702,24.95141730513741,4.041335205507979,28.436500000000002,-17.376930101278422,-0.4550625711035372,low
2001-02-01,87.5,19.0,0.6925315789473684,0.15789473684210525,27.42105263157895,3426.0526315789475,3085.315789473684,1.0,0.8157894736842105,0.0,0.21052631578947367,0.10526315789473684,0.10526315789473684,1.0,2.0,0.0,2.0,0.0,0.0,0.0,4.0,0.0,2.0,0.0,0.0,0.0,2.0,0.0,5.0,6.0,0.0,0.0,0.0,0.0,0.0,0.0,0.0,0.0,0.0,0.0,0.0,0.0,0.0,0.0,0.0,0.0,0.0,0.0,0.0,0.0,0.0,0.0,0.0,0.0,0.0,0.0,-0.776442219724513,29.609473684210528,-0.4550625711035372,87.9,0.0,88.13333333333333,0.4041451884341963,-15.89955805797506,-0.9232320327873631,-0.3922744527189881,0.08030699636587535,29.585714285714282,4.041335205507979,-0.22857142857143353,low
2001-03-01,87.3,23.0,0.3073304347826087,0.34782608695652173,30.17391304347826,3843.0434782608695,3506.6521739130435,1.0,0.8043478260869565,-0.2608695652173913,0.34782608695652173,0.043478260869565216,0.21739130434782608,1.0,0.0,0.0,4.0,0.0,1.0,0.0,5.0,0.0,0.0,0.0,3.0,0.0,4.0,0.0,12.0,5.0,0.0,0.0,0.0,0.0,0.0,0.0,0.0,0.0,0.0,0.0,0.0,0.0,0.0,0.0,0.0,0.0,0.0,0.0,0.0,0.0,0.0,0.0,0.0,0.0,0.0,0.0,-0.5831561215068664,27.244545454545456,-0.22857142857143353,87.5,-0.4550625711035372,87.76666666666667,0.2309401076783965,-24.893816089267517,-0.776442219724513,-15.89955805797506,-7.987066081914818,29.609473684210528,0.08030699636587535,-0.22909507445589838,low
2001-04-01,87.1,26.0,0.1586576923076923,0.38461538461538464,30.153846153846153,4929.307692307692,3551.269230769231,1.0,0.6346153846153846,-0.6153846153846154,0.6153846153846154,0.0,0.46153846153846156,1.0,1.0,0.0,9.0,1.0,0.0,0.0,8.0,0.0,1.0,0.0,0.0,0.0,2.0,0.0,4.0,8.0,0.0,0.0,0.0,0.0,0.0,0.0,0.0,0.0,0.0,0.0,0.0,0.0,0.0,0.0,0.0,0.0,0.0,0.0,0.0,0.0,0.0,0.0,0.0,0.0,0.0,0.0,-1.0020432056705337,27.49,-0.22909507445589838,87.3,-0.22857142857143353,87.56666666666666,0.30550504633230896,71.83103610080775,-0.5831561215068664,-24.893816089267517,0.9009309619940398,27.244545454545456,-7.987066081914818,-0.22962112514349764,low
2001-05-01,86.9,18.0,0.2321277777777778,0.4444444444444444,20.944444444444443,3619.5,2953.8888888888887,1.0,0.6944444444444444,-0.2222222222222222,0.2222222222222222,0.0,0.16666666666666666,1.0,0.0,0.0,1.0,0.0,0.0,0.0,7.0,0.0,0.0,0.0,1.0,0.0,2.0,0.0,7.0,6.0,0.0,0.0,0.0,0.0,0.0,0.0,0.0,0.0,0.0,0.0,0.0,0.0,0.0,0.0,0.0,0.0,0.0,0.0,0.0,0.0,0.0,0.0,0.0,0.0,0.0,0.0,-1.119861806966222,28.62909090909091,-0.22962112514349764,87.1,-0.22909507445589838,87.3,0.20000000000292079,11.757836451458004,-1.0020432056705337,71.83103610080775,4.143655544164826,27.49,0.9009309619940398,-0.4602991944764212,low
2001-06-01,86.5,27.0,0.2487666666666667,0.37037037037037035,33.03703703703704,3711.814814814815,3369.037037037037,1.0,0.7407407407407407,-0.4074074074074074,0.4074074074074074,0.0,0.2962962962962963,1.0,0.0,0.0,6.0,0.0,0.0,0.0,7.0,0.0,0.0,0.0,2.0,0.0,4.0,0.0,8.0,6.0,0.0,0.0,0.0,0.0,0.0,0.0,0.0,0.0,0.0,0.0,0.0,0.0,0.0,0.0,0.0,0.0,0.0,0.0,0.0,0.0,0.0,0.0,0.0,0.0,0.0,0.0,-0.6946482225850958,27.59904761904762,-0.4602991944764212,86.9,-0.22962112514349764,87.10000000000001,0.20000000000290835,-37.97018361873214,-1.119861806966222,11.757836451458004,-3.597890318327246,28.62909090909091,4.143655544164826,-0.23121387283236983,low
2001-07-01,86.3,39.0,0.05982564102564103,0.48717948717948717,31.923076923076923,3392.4102564102564,2877.769230769231,1.0,0.7564102564102564,-0.5384615384615384,0.5384615384615384,0.0,0.41025641025641024,1.0,0.0,0.0,10.0,0.0,0.0,1.0,18.0,0.0,0.0,0.0,2.0,0.0,3.0,1.0,13.0,8.0,0.0,0.0,0.0,0.0,0.0,0.0,0.0,0.0,0.0,0.0,0.0,0.0,0.0,0.0,0.0,0.0,0.0,0.0,0.0,0.0,0.0,0.0,0.0,0.0,0.0,0.0,-0.8349659535430118,26.4247619047619,-0.23121387283236983,86.5,-0.4602991944764212,86.83333333333333,0.30550504633229114,20.199825810498883,-0.6946482225850958,-37.97018361873214,-4.254805203768264,27.59904761904762,-3.597890318327246,-0.8111239860950192,low
2001-08-01,85.6,43.0,0.45903255813953486,0.23255813953488372,31.25581395348837,4030.3953488372094,3273.0697674418607,1.0,0.7209302325581395,-0.20930232558139536,0.3953488372093023,0.046511627906976744,0.3023255813953488,1.0,1.0,1.0,6.0,2.0,0.0,1.0,13.0,0.0,1.0,1.0,9.0,0.0,8.0,0.0,23.0,14.0,0.0,0.0,0.0,0.0,0.0,0.0,0.0,0.0,0.0,0.0,0.0,0.0,0.0,0.0,0.0,0.0,0.0,0.0,0.0,0.0,0.0,0.0,0.0,0.0,0.0,0.0,-0.7877880228081635,27.37391304347826,-0.8111239860950192,86.3,-0.23121387283236983,86.56666666666668,0.30550504633228803,-5.650281970738824,-0.8349659535430118,20.199825810498883,3.5919004384494357,26.4247619047619,-4.254805203768264,-0.2336448598130758,low
2001-09-01,85.4,21.0,0.1812,0.42857142857142855,32.523809523809526,5338.285714285715,2963.1428571428573,1.0,0.8571428571428571,-0.47619047619047616,0.47619047619047616,0.0,0.47619047619047616,1.0,0.0,0.0,6.0,1.0,0.0,0.0,6.0,1.0,0.0,0.0,2.0,1.0,6.0,0.0,10.0,7.0,0.0,0.0,0.0,0.0,0.0,0.0,0.0,0.0,0.0,0.0,0.0,0.0,0.0,0.0,0.0,0.0,0.0,0.0,0.0,0.0,0.0,0.0,0.0,0.0,0.0,0.0,-0.6745244094834457,26.199473684210528,-0.2336448598130758,85.6,-0.8111239860950192,86.13333333333333,0.47258156262648165,-14.37742261185646,-0.7877880228081635,-5.650281970738824,-4.290359794021259,27.37391304347826,3.5919004384494357,-0.11709601873537423,medium
2001-10-01,85.3,21.0,0.3409857142857143,0.3333333333333333,23.904761904761905,4132.571428571428,3410.7619047619046,1.0,0.7142857142857143,-0.38095238095238093,0.38095238095238093,0.0,0.2857142857142857,1.0,0.0,0.0,5.0,0.0,0.0,0.0,7.0,0.0,0.0,0.0,2.0,0.0,2.0,0.0,8.0,4.0,0.0,0.0,0.0,0.0,0.0,0.0,0.0,0.0,0.0,0.0,0.0,0.0,0.0,0.0,0.0,0.0,0.0,0.0,0.0,0.0,0.0,0.0,0.0,0.0,0.0,0.0,-1.2183865595312449,22.169565217391302,-0.11709601873537423,85.4,-0.2336448598130758,85.76666666666665,0.472581562626472,80.62897982658501,-0.6745244094834457,-14.37742261185646,-15.38163901837427,26.199473684210528,-4.290359794021259,0.11723329425556983,high
2001-11-01,85.4,20.0,0.54017,0.25,24.7,5163.9,3772.25,1.0,0.775,-0.25,0.25,0.0,0.2,1.0,1.0,1.0,3.0,1.0,0.0,0.0,5.0,0.0,0.0,0.0,2.0,1.0,5.0,0.0,10.0,5.0,0.0,0.0,0.0,0.0,0.0,0.0,0.0,0.0,0.0,0.0,0.0,0.0,0.0,0.0,0.0,0.0,0.0,0.0,0.0,0.0,0.0,0.0,0.0,0.0,0.0,0.0,-1.4433891949854651,19.634999999999998,0.11723329425556983,85.3,-0.11709601873537423,85.43333333333334,0.1527525231689495,18.467261781087487,-1.2183865595312449,80.62897982658501,-11.432633849774465,22.169565217391302,-15.38163901837427,0.0,medium
2001-12-01,85.4,24.0,0.5709166666666666,0.20833333333333334,31.083333333333332,5530.625,3994.625,1.0,0.8333333333333334,-0.125,0.125,0.0,0.125,1.0,0.0,0.0,6.0,0.0,0.0,0.0,11.0,0.0,0.0,0.0,4.0,1.0,12.0,0.0,14.0,4.0,0.0,0.0,0.0,0.0,0.0,0.0,0.0,0.0,0.0,0.0,0.0,0.0,0.0,0.0,0.0,0.0,0.0,0.0,0.0,0.0,0.0,0.0,0.0,0.0,0.0,0.0,-1.1623601709439157,19.388947368421054,0.0,85.4,0.11723329425556983,85.36666666666667,0.05773502692891657,-19.47007951963915,-1.4433891949854651,18.467261781087487,-1.2531328320801838,19.634999999999998,-11.432633849774465,0.3512880562060783,high
2002-01-01,85.7,30.0,0.42921333333333334,0.26666666666666666,27.7,3903.5666666666666,3070.766666666667,1.0,0.6333333333333333,-0.1,0.16666666666666666,0.03333333333333333,0.13333333333333333,1.0,1.0,0.0,4.0,1.0,0.0,0.0,4.0,0.0,1.0,0.0,4.0,0.0,3.0,0.0,6.0,16.0,0.0,0.0,0.0,0.0,0.0,0.0,0.0,0.0,0.0,0.0,0.0,0.0,0.0,0.0,0.0,0.0,0.0,0.0,0.0,0.0,0.0,0.0,0.0,0.0,0.0,0.0,-0.9247996527772634,19.714761904761904,0.3512880562060783,85.4,0.0,85.36666666666667,0.05773502692891657,-20.437771708379948,-1.1623601709439157,-19.47007951963915,1.6804137437162137,19.388947368421054,-1.2531328320801838,0.1166861143523823,high
2002-02-01,85.8,20.0,0.57936,0.2,27.1,6966.0,4136.95,1.0,0.725,0.0,0.1,0.05,0.05,1.0,1.0,1.0,3.0,0.0,0.0,0.0,1.0,0.0,1.0,0.0,1.0,1.0,3.0,0.0,8.0,2.0,0.0,0.0,0.0,0.0,0.0,0.0,0.0,0.0,0.0,0.0,0.0,0.0,0.0,0.0,0.0,0.0,0.0,0.0,0.0,0.0,0.0,0.0,0.0,0.0,0.0,0.0,-0.4731057852001271,20.723684210526315,0.1166861143523823,85.7,0.3512880562060783,85.5,0.17320508076020383,-48.84234830978317,-0.9247996527772634,-20.437771708379948,5.1175982273502285,19.714761904761904,1.6804137437162137,0.34965034965035446,high
2002-03-01,86.1,25.0,0.745084,0.08,26.36,6344.92,4020.72,1.0,0.7,0.16,0.24,0.08,0.04,1.0,0.0,2.0,2.0,1.0,1.0,1.0,4.0,0.0,0.0,2.0,6.0,0.0,3.0,0.0,9.0,5.0,0.0,0.0,0.0,0.0,0.0,0.0,0.0,0.0,0.0,0.0,0.0,0.0,0.0,0.0,0.0,0.0,0.0,0.0,0.0,0.0,0.0,0.0,0.0,0.0,0.0,0.0,-0.4359701175575618,24.531,0.34965034965035446,85.8,0.1166861143523823,85.63333333333334,0.2081665999493759,-7.84933704136731,-0.4731057852001271,-48.84234830978317,18.371809523809524,20.723684210526315,5.1175982273502285,-0.813008130081283,low
2002-04-01,85.4,14.0,0.5697571428571429,0.21428571428571427,27.857142857142858,5674.071428571428,3280.5,1.0,0.75,-0.14285714285714285,0.14285714285714285,0.0,0.14285714285714285,1.0,0.0,1.0,2.0,0.0,0.0,0.0,3.0,0.0,0.0,0.0,0.0,0.0,1.0,0.0,3.0,4.0,0.0,0.0,0.0,0.0,0.0,0.0,0.0,0.0,0.0,0.0,0.0,0.0,0.0,0.0,0.0,0.0,0.0,0.0,0.0,0.0,0.0,0.0,0.0,0.0,0.0,0.0,-0.5900121400346232,26.179090909090913,-0.813008130081283,86.1,0.34965034965035446,85.86666666666666,0.20816659994938982,35.333160754239756,-0.4359701175575618,-7.84933704136731,6.718400836047911,24.531,18.371809523809524,-0.5854800936768156,low
2002-05-01,84.9,16.0,0.44824375,0.3125,28.625,6967.0,4015.5625,1.0,0.65625,0.0,0.125,0.0625,0.0625,1.0,0.0,0.0,4.0,1.0,1.0,0.0,5.0,0.0,0.0,0.0,0.0,0.0,2.0,0.0,6.0,4.0,0.0,0.0,0.0,0.0,0.0,0.0,0.0,0.0,0.0,0.0,0.0,0.0,0.0,0.0,0.0,0.0,0.0,0.0,0.0,0.0,0.0,0.0,0.0,0.0,0.0,0.0,-0.3077089254288682,27.041363636363634,-0.5854800936768156,85.4,-0.813008130081283,85.76666666666667,0.35118845843006674,-47.84701795952687,-0.5900121400346232,35.333160754239756,3.293745876306531,26.179090909090913,6.718400836047911,-0.11778563015313326,medium
2002-06-01,84.8,19.0,0.3439736842105263,0.2631578947368421,34.1578947368421,5763.9473684210525,3678.8947368421054,1.0,0.6842105263157895,-0.21052631578947367,0.21052631578947367,0.0,0.21052631578947367,1.0,0.0,0.0,9.0,2.0,0.0,0.0,6.0,0.0,0.0,0.0,1.0,0.0,5.0,0.0,8.0,4.0,0.0,0.0,0.0,0.0,0.0,0.0,0.0,0.0,0.0,0.0,0.0,0.0,0.0,0.0,0.0,0.0,0.0,0.0,0.0,0.0,0.0,0.0,0.0,0.0,0.0,0.0,-0.6244873529863603,25.5185,-0.11778563015313326,84.9,-0.5854800936768156,85.46666666666665,0.602771377335125,102.94742900810672,-0.3077089254288682,-47.84701795952687,-5.631608142408084,27.041363636363634,3.293745876306531,0.0,medium
2002-07-01,84.8,24.0,0.30095,0.3333333333333333,32.875,5454.583333333333,3596.8333333333335,1.0,0.8125,-0.16666666666666666,0.25,0.041666666666666664,0.20833333333333334,1.0,1.0,0.0,5.0,0.0,0.0,0.0,6.0,0.0,1.0,0.0,1.0,0.0,5.0,0.0,12.0,10.0,0.0,0.0,0.0,0.0,0.0,0.0,0.0,0.0,0.0,0.0,0.0,0.0,0.0,0.0,0.0,0.0,0.0,0.0,0.0,0.0,0.0,0.0,0.0,0.0,0.0,0.0,-0.943964526818441,26.966190476190473,0.0,84.8,-0.11778563015313326,85.03333333333335,0.32145502536823395,51.158309660605504,-0.6244873529863603,102.94742900810672,5.673101773969758,25.5185,-5.631608142408084,-0.2358490566037763,low
2002-08-01,84.6,10.0,0.24655,0.4,32.1,6043.1,3687.6,1.0,0.75,-0.2,0.2,0.0,0.2,1.0,0.0,0.0,1.0,1.0,0.0,0.0,2.0,0.0,0.0,0.0,0.0,0.0,0.0,0.0,1.0,1.0,0.0,0.0,0.0,0.0,0.0,0.0,0.0,0.0,0.0,0.0,0.0,0.0,0.0,0.0,0.0,0.0,0.0,0.0,0.0,0.0,0.0,0.0,0.0,0.0,0.0,0.0,-1.0846414497884669,28.385,-0.2358490566037763,84.8,0.0,84.83333333333333,0.05773502692895955,14.902776425737784,-0.943964526818441,51.158309660605504,5.261438485581604,26.966190476190473,5.673101773969758,0.0,medium
2002-09-01,84.6,20.0,0.24486499999999997,0.4,29.75,5807.25,3909.7,1.0,0.75,0.1,0.1,0.05,0.0,1.0,1.0,0.0,5.0,0.0,0.0,0.0,2.0,0.0,1.0,0.0,4.0,0.0,0.0,0.0,6.0,2.0,0.0,0.0,0.0,0.0,0.0,0.0,0.0,0.0,0.0,0.0,0.0,0.0,0.0,0.0,0.0,0.0,0.0,0.0,0.0,0.0,0.0,0.0,0.0,0.0,0.0,0.0,-1.137068248891692,29.6635,0.0,84.6,-0.2358490566037763,84.73333333333333,0.11547005384291154,4.833560354294919,-1.0846414497884669,14.902776425737784,4.504139510304728,28.385,5.261438485581604,-0.35460992907800915,low
2002-10-01,84.3,25.0,0.46300399999999997,0.24,28.32,4249.08,3351.24,1.0,0.76,-0.16,0.16,0.0,0.16,1.0,0.0,0.0,3.0,0.0,0.0,0.0,9.0,0.0,0.0,0.0,5.0,0.0,4.0,0.0,12.0,10.0,0.0,0.0,0.0,0.0,0.0,0.0,0.0,0.0,0.0,0.0,0.0,0.0,0.0,0.0,0.0,0.0,0.0,0.0,0.0,0.0,0.0,0.0,0.0,0.0,0.0,0.0,-1.2477890924519968,28.836521739130436,-0.35460992907800915,84.6,0.0,84.66666666666667,0.1154700538429064,9.737396472746918,-1.137068248891692,4.833560354294919,-2.787864752539526,29.6635,4.504139510304728,0.0,medium
2002-11-01,84.3,17.0,0.45241764705882354,0.23529411764705882,35.0,6129.588235294118,4173.235294117647,1.0,0.7941176470588235,0.058823529411764705,0.058823529411764705,0.058823529411764705,0.0,1.0,1.0,0.0,3.0,0.0,0.0,0.0,2.0,0.0,1.0,0.0,1.0,0.0,3.0,0.0,7.0,8.0,0.0,0.0,0.0,0.0,0.0,0.0,0.0,0.0,0.0,0.0,0.0,0.0,0.0,0.0,0.0,0.0,0.0,0.0,0.0,0.0,0.0,0.0,0.0,0.0,0.0,0.0,-0.7535430877617834,26.352105263157895,0.0,84.3,-0.35460992907800915,84.49999999999999,0.17320508076020652,-39.60973915222996,-1.2477890924519968,9.737396472746918,-8.615520618082206,28.836521739130436,-2.787864752539526,-1.542111506524313,low
2002-12-01,83.0,21.0,-0.08231904761904761,0.5238095238095238,29.19047619047619,3495.190476190476,3289.7619047619046,1.0,0.7142857142857143,-0.09523809523809523,0.09523809523809523,0.0,0.09523809523809523,1.0,0.0,1.0,6.0,2.0,0.0,0.0,1.0,0.0,0.0,0.0,3.0,0.0,2.0,0.0,6.0,7.0,0.0,0.0,0.0,0.0,0.0,0.0,0.0,0.0,0.0,0.0,0.0,0.0,0.0,0.0,0.0,0.0,0.0,0.0,0.0,0.0,0.0,0.0,0.0,0.0,0.0,0.0,-0.6924869076857462,29.460952380952378,-1.542111506524313,84.3,0.0,84.39999999999999,0.17320508076021163,-8.102546631724772,-0.7535430877617834,-39.60973915222996,11.79733872018518,26.352105263157895,-8.615520618082206,-0.24096385542169418,low
2003-01-01,82.8,26.0,0.8205076923076924,0.038461538461538464,27.923076923076923,3672.230769230769,3127.9615384615386,1.0,0.7115384615384616,-0.038461538461538464,0.11538461538461539,0.038461538461538464,0.07692307692307693,1.0,0.0,0.0,2.0,0.0,0.0,0.0,2.0,0.0,0.0,0.0,4.0,0.0,5.0,0.0,10.0,11.0,0.0,0.0,0.0,0.0,0.0,0.0,0.0,0.0,0.0,0.0,0.0,0.0,0.0,0.0,0.0,0.0,0.0,0.0,0.0,0.0,0.0,0.0,0.0,0.0,0.0,0.0,-0.6321250120114427,32.94714285714286,-0.24096385542169418,83.0,-1.542111506524313,83.86666666666667,0.7505553499472895,-8.716684027432331,-0.6924869076857462,-8.102546631724772,11.833257903924487,29.460952380952378,11.79733872018518,-0.48309178743960457,low
2003-02-01,82.4,17.0,0.12427647058823528,0.47058823529411764,34.64705882352941,7131.529411764706,3820.470588235294,1.0,0.7352941176470589,0.11764705882352941,0.23529411764705882,0.058823529411764705,0.058823529411764705,1.0,1.0,0.0,4.0,1.0,1.0,0.0,4.0,1.0,1.0,0.0,3.0,0.0,2.0,0.0,6.0,6.0,0.0,0.0,0.0,0.0,0.0,0.0,0.0,0.0,0.0,0.0,0.0,0.0,0.0,0.0,0.0,0.0,0.0,0.0,0.0,0.0,0.0,0.0,0.0,0.0,0.0,0.0,-0.3089455026054462,35.828421052631576,-0.48309178743960457,82.8,-0.24096385542169418,83.36666666666666,0.8144527815254302,-51.125885428521265,-0.6321250120114427,-8.716684027432331,8.745153435555242,32.94714285714286,11.833257903924487,0.0,medium
2003-03-01,82.4,17.0,0.45637058823529414,0.23529411764705882,28.823529411764707,5064.0,3572.9411764705883,1.0,0.6470588235294118,0.0,0.0,0.0,0.0,1.0,0.0,0.0,1.0,0.0,0.0,0.0,2.0,0.0,0.0,0.0,4.0,0.0,0.0,0.0,3.0,7.0,0.0,0.0,0.0,0.0,0.0,0.0,0.0,0.0,0.0,0.0,0.0,0.0,0.0,0.0,0.0,0.0,0.0,0.0,0.0,0.0,0.0,0.0,0.0,0.0,0.0,0.0,-0.33115124592651685,33.513333333333335,0.0,82.4,-0.48309178743960457,82.73333333333333,0.3055050463323319,7.187592353279726,-0.3089455026054462,-51.125885428521265,-6.461595714467572,35.828421052631576,8.745153435555242,0.24271844660193054,high
2003-04-01,82.6,26.0,0.37448846153846155,0.3076923076923077,27.923076923076923,3392.0384615384614,3063.6923076923076,1.0,0.7692307692307693,-0.038461538461538464,0.038461538461538464,0.0,0.038461538461538464,1.0,0.0,0.0,2.0,0.0,0.0,0.0,4.0,0.0,0.0,0.0,3.0,0.0,2.0,0.0,7.0,15.0,0.0,0.0,0.0,0.0,0.0,0.0,0.0,0.0,0.0,0.0,0.0,0.0,0.0,0.0,0.0,0.0,0.0,0.0,0.0,0.0,0.0,0.0,0.0,0.0,0.0,0.0,-0.5636398285907284,28.170476190476194,0.24271844660193054,82.4,0.0,82.53333333333333,0.23094010767841558,70.20616275011729,-0.33115124592651685,7.187592353279726,-15.942482025633009,33.513333333333335,-6.461595714467572,0.1210653753026758,high
2003-05-01,82.7,25.0,0.610376,0.16,29.52,4244.84,3680.56,1.0,0.66,0.0,0.08,0.04,0.04,1.0,0.0,0.0,2.0,0.0,1.0,0.0,2.0,0.0,0.0,0.0,1.0,0.0,6.0,0.0,9.0,8.0,0.0,0.0,0.0,0.0,0.0,0.0,0.0,0.0,0.0,0.0,0.0,0.0,0.0,0.0,0.0,0.0,0.0,0.0,0.0,0.0,0.0,0.0,0.0,0.0,0.0,0.0,-0.19943009211630638,28.108571428571427,0.1210653753026758,82.6,0.24271844660193054,82.46666666666667,0.11547005384305487,-64.61745923545848,-0.5636398285907284,70.20616275011729,-0.21975049866460594,28.170476190476194,-15.942482025633009,-0.7255139056832061,low
2003-06-01,82.1,21.0,0.8624095238095238,0.047619047619047616,24.285714285714285,4770.0,4012.6666666666665,1.0,0.5952380952380952,0.09523809523809523,0.09523809523809523,0.047619047619047616,0.0,1.0,0.0,1.0,6.0,3.0,0.0,0.0,0.0,2.0,0.0,1.0,1.0,0.0,5.0,0.0,9.0,6.0,0.0,0.0,0.0,0.0,0.0,0.0,0.0,0.0,0.0,0.0,0.0,0.0,0.0,0.0,0.0,0.0,0.0,0.0,0.0,0.0,0.0,0.0,0.0,0.0,0.0,0.0,-0.1221434318849621,30.66238095238095,-0.7255139056832061,82.7,0.1210653753026758,82.56666666666666,0.1527525231690764,-38.75376048378456,-0.19943009211630638,-64.61745923545848,9.085518736870647,28.108571428571427,-0.21975049866460594,0.0,medium
2003-07-01,82.1,20.0,0.457735,0.25,31.4,5587.65,3909.9,1.0,0.65,0.0,0.1,0.05,0.05,1.0,1.0,0.0,2.0,2.0,0.0,0.0,2.0,0.0,1.0,0.0,0.0,0.0,0.0,0.0,6.0,9.0,0.0,0.0,0.0,0.0,0.0,0.0,0.0,0.0,0.0,0.0,0.0,0.0,0.0,0.0,0.0,0.0,0.0,0.0,0.0,0.0,0.0,0.0,0.0,0.0,0.0,0.0,-0.0018349982239855955,30.754545454545454,0.0,82.1,-0.7255139056832061,82.46666666666665,0.3214550253682764,-98.4976693419636,-0.1221434318849621,-38.75376048378456,0.300578426403475,30.66238095238095,9.085518736870647,-2.5578562728379994,low
2003-08-01,80.0,15.0,0.7539666666666667,0.13333333333333333,31.133333333333333,4892.733333333334,4011.4666666666667,1.0,0.8666666666666667,0.0,0.0,0.0,0.0,1.0,0.0,0.0,3.0,1.0,0.0,0.0,2.0,1.0,0.0,0.0,1.0,0.0,2.0,0.0,7.0,4.0,0.0,0.0,0.0,0.0,0.0,0.0,0.0,0.0,0.0,0.0,0.0,0.0,0.0,0.0,0.0,0.0,0.0,0.0,0.0,0.0,0.0,0.0,0.0,0.0,0.0,0.0,-0.07393326365384345,31.573809523809523,-2.5578562728379994,82.1,0.0,82.3,0.34641016151547965,3929.06458913411,-0.0018349982239855955,-98.4976693419636,2.6638796222006267,30.754545454545454,0.300578426403475,-1.1250000000000093,low
2003-09-01,79.1,35.0,0.7470428571428571,0.11428571428571428,29.571428571428573,4888.142857142857,3826.4,1.0,0.7428571428571429,0.02857142857142857,0.02857142857142857,0.02857142857142857,0.0,1.0,0.0,1.0,7.0,0.0,0.0,0.0,6.0,0.0,0.0,1.0,5.0,0.0,8.0,0.0,19.0,13.0,0.0,0.0,0.0,0.0,0.0,0.0,0.0,0.0,0.0,0.0,0.0,0.0,0.0,0.0,0.0,0.0,0.0,0.0,0.0,0.0,0.0,0.0,0.0,0.0,0.0,0.0,0.05615307576838429,28.31142857142857,-1.1250000000000093,80.0,-2.5578562728379994,81.39999999999999,1.2124355652986758,-175.95103069072366,-0.07393326365384345,3929.06458913411,-10.332554106025182,31.573809523809523,2.6638796222006267,0.0,medium
2003-10-01,79.1,40.0,0.5681325,0.175,30.575,4205.1,2984.625,1.0,0.7875,-0.075,0.075,0.0,0.075,1.0,0.0,0.0,7.0,4.0,0.0,1.0,7.0,3.0,0.0,0.0,5.0,1.0,5.0,0.0,16.0,20.0,0.0,0.0,0.0,0.0,0.0,0.0,0.0,0.0,0.0,0.0,0.0,0.0,0.0,0.0,0.0,0.0,0.0,0.0,0.0,0.0,0.0,0.0,0.0,0.0,0.0,0.0,-0.2776732143288667,30.338260869565215,0.0,79.1,-1.1250000000000093,80.39999999999999,1.5394804318344122,-594.4933301146154,0.05615307576838429,-175.95103069072366,7.159060493973413,28.31142857142857,-10.332554106025182,0.25284450063212116,high
2003-11-01,79.3,31.0,0.3549709677419355,0.2903225806451613,29.451612903225808,3954.0967741935483,3330.0,1.0,0.8064516129032258,0.03225806451612903,0.0967741935483871,0.06451612903225806,0.03225806451612903,1.0,0.0,1.0,6.0,3.0,1.0,0.0,5.0,2.0,0.0,1.0,2.0,0.0,1.0,0.0,4.0,6.0,0.0,0.0,0.0,0.0,0.0,0.0,0.0,0.0,0.0,0.0,0.0,0.0,0.0,0.0,0.0,0.0,0.0,0.0,0.0,0.0,0.0,0.0,0.0,0.0,0.0,0.0,-0.4179250016978035,31.108333333333334,0.25284450063212116,79.1,0.0,79.39999999999999,0.5196152422716418,50.50965672289418,-0.2776732143288667,-594.4933301146154,2.5382880946239084,30.338260869565215,7.159060493973413,-1.134930643127352,low
2003-12-01,78.4,28.0,0.5518321428571429,0.21428571428571427,30.142857142857142,4608.214285714285,3599.285714285714,1.0,0.6607142857142857,0.03571428571428571,0.03571428571428571,0.03571428571428571,0.0,1.0,1.0,0.0,2.0,1.0,0.0,0.0,4.0,0.0,1.0,0.0,0.0,2.0,7.0,0.0,11.0,11.0,0.0,0.0,0.0,0.0,0.0,0.0,0.0,0.0,0.0,0.0,0.0,0.0,0.0,0.0,0.0,0.0,0.0,0.0,0.0,0.0,0.0,0.0,0.0,0.0,0.0,0.0,-0.37021531978733446,32.12904761904762,-1.134930643127352,79.3,0.25284450063212116,79.16666666666667,0.11547005384225825,-11.415847751785702,-0.4179250016978035,50.50965672289418,3.2811603076805307,31.108333333333334,2.5382880946239084,-0.8928571428571508,low
2004-01-01,77.7,36.0,0.7177444444444444,0.1388888888888889,29.77777777777778,4525.944444444444,3439.4166666666665,1.0,0.6944444444444444,0.027777777777777776,0.027777777777777776,0.027777777777777776,0.0,1.0,1.0,0.0,3.0,0.0,0.0,0.0,3.0,0.0,1.0,0.0,4.0,0.0,5.0,0.0,12.0,19.0,0.0,0.0,0.0,0.0,0.0,0.0,0.0,0.0,0.0,0.0,0.0,0.0,0.0,0.0,0.0,0.0,0.0,0.0,0.0,0.0,0.0,0.0,0.0,0.0,0.0,0.0,-0.5069899678235827,34.31,-0.8928571428571508,78.4,-1.134930643127352,78.93333333333332,0.4725815626262961,36.944621339499605,-0.37021531978733446,-11.415847751785702,6.788101554742054,32.12904761904762,3.2811603076805307,0.9009009009009139,high
2004-02-01,78.4,20.0,0.52477,0.25,31.95,3287.3,3033.9,1.0,0.775,0.0,0.0,0.0,0.0,1.0,0.0,0.0,3.0,3.0,0.0,0.0,2.0,0.0,0.0,0.0,1.0,0.0,1.0,0.0,8.0,9.0,0.0,0.0,0.0,0.0,0.0,0.0,0.0,0.0,0.0,0.0,0.0,0.0,0.0,0.0,0.0,0.0,0.0,0.0,0.0,0.0,0.0,0.0,0.0,0.0,0.0,0.0,-0.38183619859075857,34.68473684210526,0.9009009009009139,77.7,-0.8928571428571508,78.46666666666665,0.802080627701652,-24.685650047492448,-0.5069899678235827,36.944621339499605,1.0922088082345072,34.31,6.788101554742054,-0.3826530612245027,low
2004-03-01,78.1,17.0,0.7107705882352942,0.11764705882352941,30.058823529411764,4410.117647058823,3972.3529411764707,1.0,0.6176470588235294,-0.058823529411764705,0.058823529411764705,0.0,0.058823529411764705,1.0,0.0,0.0,4.0,0.0,0.0,0.0,2.0,0.0,0.0,0.0,0.0,0.0,5.0,0.0,10.0,5.0,0.0,0.0,0.0,0.0,0.0,0.0,0.0,0.0,0.0,0.0,0.0,0.0,0.0,0.0,0.0,0.0,0.0,0.0,0.0,0.0,0.0,0.0,0.0,0.0,0.0,0.0,-0.013715658954869843,36.74130434782609,-0.3826530612245027,78.4,0.9009009009009139,78.16666666666667,0.40414518843387776,-96.40797310325993,-0.38183619859075857,-24.685650047492448,5.929315580749273,34.68473684210526,1.0922088082345072,0.8962868117797784,high
2004-04-01,78.8,29.0,0.6540689655172414,0.13793103448275862,29.06896551724138,4322.931034482759,3142.9655172413795,1.0,0.7586206896551724,0.0,0.0,0.0,0.0,1.0,0.0,0.0,5.0,1.0,0.0,0.0,6.0,0.0,0.0,0.0,3.0,0.0,5.0,0.0,13.0,13.0,0.0,0.0,0.0,0.0,0.0,0.0,0.0,0.0,0.0,0.0,0.0,0.0,0.0,0.0,0.0,0.0,0.0,0.0,0.0,0.0,0.0,0.0,0.0,0.0,0.0,0.0,0.404019707457029,36.75,0.8962868117797784,78.1,-0.3826530612245027,78.06666666666666,0.35118845842972224,-3045.6820761322506,-0.013715658954869843,-96.40797310325993,0.023667238624924813,36.74130434782609,5.929315580749273,-0.6345177664974666,low
2004-05-01,78.3,23.0,0.10851739130434782,0.4782608695652174,38.04347826086956,4477.913043478261,3685.0434782608695,1.0,0.717391304347826,0.0,0.0,0.0,0.0,1.0,0.0,0.0,3.0,1.0,0.0,0.0,6.0,1.0,0.0,0.0,3.0,1.0,7.0,0.0,12.0,7.0,0.0,0.0,0.0,0.0,0.0,0.0,0.0,0.0,0.0,0.0,0.0,0.0,0.0,0.0,0.0,0.0,0.0,0.0,0.0,0.0,0.0,0.0,0.0,0.0,0.0,0.0,0.3514915415047519,40.275,-0.6345177664974666,78.8,0.8962868117797784,78.43333333333334,0.35118845842977975,-13.001387056809321,0.404019707457029,-3045.6820761322506,9.591836734693882,36.75,0.023667238624924813,0.25542784163474774,high
2004-06-01,78.5,29.0,0.5875689655172414,0.20689655172413793,33.44827586206897,3889.4827586206898,3447.2413793103447,1.0,0.6896551724137931,0.0,0.0,0.0,0.0,1.0,0.0,0.0,2.0,0.0,0.0,0.0,6.0,0.0,0.0,0.0,4.0,2.0,1.0,0.0,10.0,10.0,0.0,0.0,0.0,0.0,0.0,0.0,0.0,0.0,0.0,0.0,0.0,0.0,0.0,0.0,0.0,0.0,0.0,0.0,0.0,0.0,0.0,0.0,0.0,0.0,0.0,0.0,0.4081592489740177,38.025238095238095,0.25542784163474774,78.3,-0.6345177664974666,78.39999999999999,0.3605551275477125,16.12206860701928,0.3514915415047519,-13.001387056809321,-5.586001004995412,40.275,9.591836734693882,0.0,medium
2004-07-01,78.5,22.0,0.20568636363636364,0.4090909090909091,34.27272727272727,3983.5,3264.681818181818,1.0,0.75,-0.045454545454545456,0.22727272727272727,0.045454545454545456,0.09090909090909091,1.0,0.0,1.0,6.0,1.0,0.0,0.0,1.0,0.0,0.0,1.0,2.0,0.0,3.0,0.0,9.0,5.0,0.0,0.0,0.0,0.0,0.0,0.0,0.0,0.0,0.0,0.0,0.0,0.0,0.0,0.0,0.0,0.0,0.0,0.0,0.0,0.0,0.0,0.0,0.0,0.0,0.0,0.0,-0.46679252366823826,40.77809523809524,0.0,78.5,0.25542784163474774,78.53333333333335,0.25166114784427634,-214.3652936547698,0.4081592489740177,16.12206860701928,7.239552678045924,38.025238095238095,-5.586001004995412,-0.2547770700636942,low
2004-08-01,78.3,17.0,0.5342352941176471,0.17647058823529413,34.8235294117647,3369.176470588235,2992.0,1.0,0.7647058823529411,-0.058823529411764705,0.058823529411764705,0.0,0.058823529411764705,1.0,0.0,0.0,2.0,1.0,0.0,0.0,5.0,0.0,0.0,0.0,0.0,1.0,4.0,0.0,6.0,3.0,0.0,0.0,0.0,0.0,0.0,0.0,0.0,0.0,0.0,0.0,0.0,0.0,0.0,0.0,0.0,0.0,0.0,0.0,0.0,0.0,0.0,0.0,0.0,0.0,0.0,0.0,0.07117480446291924,44.90318181818182,-0.2547770700636942,78.5,0.0,78.43333333333334,0.11547005384205097,-115.2476316252025,-0.46679252366823826,-214.3652936547698,10.115937382560446,40.77809523809524,7.239552678045924,-0.12771392081736277,medium
2004-09-01,78.2,30.0,0.50937,0.23333333333333334,26.466666666666665,6329.533333333334,3829.0333333333333,1.0,0.5666666666666667,0.03333333333333333,0.1,0.03333333333333333,0.03333333333333333,1.0,1.0,1.0,5.0,1.0,0.0,0.0,3.0,0.0,1.0,0.0,7.0,0.0,3.0,0.0,8.0,7.0,0.0,0.0,0.0,0.0,0.0,0.0,0.0,0.0,0.0,0.0,0.0,0.0,0.0,0.0,0.0,0.0,0.0,0.0,0.0,0.0,0.0,0.0,0.0,0.0,0.0,0.0,-0.02348714537880234,45.93571428571428,-0.12771392081736277,78.3,-0.2547770700636942,78.43333333333332,0.11547005384205097,-132.9992411725398,0.07117480446291924,-115.2476316252025,2.2994639259937166,44.90318181818182,10.115937382560446,0.12787723785165905,high
2004-10-01,78.3,22.0,0.4955772727272727,0.18181818181818182,30.59090909090909,3823.181818181818,3303.318181818182,1.0,0.7045454545454546,0.045454545454545456,0.22727272727272727,0.09090909090909091,0.09090909090909091,1.0,2.0,0.0,4.0,0.0,0.0,0.0,1.0,0.0,2.0,0.0,4.0,1.0,5.0,0.0,13.0,9.0,0.0,0.0,0.0,0.0,0.0,0.0,0.0,0.0,0.0,0.0,0.0,0.0,0.0,0.0,0.0,0.0,0.0,0.0,0.0,0.0,0.0,0.0,0.0,0.0,0.0,0.0,-0.6220488167979025,53.28047619047619,0.12787723785165905,78.2,-0.12771392081736277,78.33333333333333,0.15275252316827798,2548.4649656884867,-0.02348714537880234,-132.9992411725398,15.98921888767948,45.93571428571428,2.2994639259937166,-0.3831417624520994,low
2004-11-01,78.0,27.0,0.39165555555555553,0.25925925925925924,30.444444444444443,3747.1111111111113,2954.6296296296296,1.0,0.6851851851851852,-0.037037037037037035,0.037037037037037035,0.0,0.037037037037037035,1.0,0.0,0.0,2.0,1.0,0.0,0.0,3.0,1.0,0.0,0.0,6.0,1.0,5.0,0.0,9.0,7.0,0.0,0.0,0.0,0.0,0.0,0.0,0.0,0.0,0.0,0.0,0.0,0.0,0.0,0.0,0.0,0.0,0.0,0.0,0.0,0.0,0.0,0.0,0.0,0.0,0.0,0.0,-0.06728460388250983,48.469,-0.3831417624520994,78.3,0.12787723785165905,78.26666666666667,0.057735026927059965,-89.18338849531645,-0.6220488167979025,2548.4649656884867,-9.030467695662669,53.28047619047619,15.98921888767948,0.12820512820512775,high
2004-12-01,78.1,18.0,0.6179055555555555,0.16666666666666666,33.77777777777778,3724.5,3511.0,1.0,0.7777777777777778,-0.05555555555555555,0.05555555555555555,0.0,0.05555555555555555,1.0,0.0,0.0,3.0,0.0,0.0,0.0,4.0,0.0,0.0,0.0,7.0,0.0,2.0,0.0,7.0,6.0,0.0,0.0,0.0,0.0,0.0,0.0,0.0,0.0,0.0,0.0,0.0,0.0,0.0,0.0,0.0,0.0,0.0,0.0,0.0,0.0,0.0,0.0,0.0,0.0,0.0,0.0,0.0918238263338631,43.14952380952381,0.12820512820512775,78.0,-0.3831417624520994,78.16666666666667,0.1527525231682179,-236.47078385748225,-0.06728460388250983,-89.18338849531645,-10.975007098302413,48.469,-9.030467695662669,-0.5121638924455718,low
2005-01-01,77.7,47.0,0.6301808510638298,0.14893617021276595,34.808510638297875,4106.702127659574,3454.5106382978724,1.0,0.6914893617021277,0.0,0.0425531914893617,0.02127659574468085,0.02127659574468085,1.0,0.0,0.0,2.0,1.0,1.0,1.0,3.0,1.0,0.0,0.0,3.0,0.0,4.0,0.0,15.0,26.0,0.0,0.0,0.0,0.0,0.0,0.0,0.0,0.0,0.0,0.0,0.0,0.0,0.0,0.0,0.0,0.0,0.0,0.0,0.0,0.0,0.0,0.0,0.0,0.0,0.0,0.0,-0.1297145598537484,46.837,-0.5121638924455718,78.1,0.12820512820512775,78.13333333333334,0.15275252316820667,-241.2645987786634,0.0918238263338631,-236.47078385748225,8.545809698280626,43.14952380952381,-10.975007098302413,-0.2574002574002643,low
2005-02-01,77.5,31.0,0.5592967741935484,0.22580645161290322,33.38709677419355,3763.2258064516127,2882.3225806451615,1.0,0.7258064516129032,-0.03225806451612903,0.03225806451612903,0.0,0.03225806451612903,1.0,0.0,0.0,4.0,1.0,0.0,0.0,1.0,0.0,0.0,0.0,4.0,0.0,2.0,0.0,12.0,16.0,0.0,0.0,0.0,0.0,0.0,0.0,0.0,0.0,0.0,0.0,0.0,0.0,0.0,0.0,0.0,0.0,0.0,0.0,0.0,0.0,0.0,0.0,0.0,0.0,0.0,0.0,-0.13870192718412874,48.148947368421055,-0.2574002574002643,77.7,-0.5121638924455718,77.93333333333334,0.2081665999487799,6.928572506057518,-0.1297145598537484,-241.2645987786634,2.8010918043876565,46.837,8.545809698280626,-0.3870967741935405,low
2005-03-01,77.2,16.0,0.38445625,0.3125,30.3125,3915.1875,3475.875,1.0,0.6875,-0.0625,0.1875,0.0625,0.0625,1.0,1.0,0.0,3.0,0.0,0.0,0.0,0.0,0.0,1.0,0.0,3.0,1.0,3.0,1.0,7.0,11.0,0.0,0.0,0.0,0.0,0.0,0.0,0.0,0.0,0.0,0.0,0.0,0.0,0.0,0.0,0.0,0.0,0.0,0.0,0.0,0.0,0.0,0.0,0.0,0.0,0.0,0.0,-0.2831187810399104,54.186818181818175,-0.3870967741935405,77.5,-0.2574002574002643,77.76666666666667,0.30550504633184394,104.12029363086374,-0.13870192718412874,6.928572506057518,12.53998507422638,48.148947368421055,2.8010918043876565,-0.38860103626943143,low
2005-04-01,76.9,15.0,0.4615933333333333,0.2,39.8,3780.0666666666666,3182.8,1.0,0.7666666666666667,-0.13333333333333333,0.13333333333333333,0.0,0.13333333333333333,1.0,0.0,0.0,4.0,0.0,0.0,0.0,0.0,0.0,0.0,0.0,1.0,0.0,3.0,0.0,6.0,12.0,0.0,0.0,0.0,0.0,0.0,0.0,0.0,0.0,0.0,0.0,0.0,0.0,0.0,0.0,0.0,0.0,0.0,0.0,0.0,0.0,0.0,0.0,0.0,0.0,0.0,0.0,-1.3323334812734384,52.97904761904762,-0.38860103626943143,77.2,-0.3870967741935405,77.46666666666667,0.2516611478440815,370.59169878441355,-0.2831187810399104,104.12029363086374,-2.2289010561904687,54.186818181818175,12.53998507422638,-0.39011703511054874,low
2005-05-01,76.6,26.0,0.4197192307692308,0.3076923076923077,32.88461538461539,3662.153846153846,3422.3076923076924,1.0,0.7884615384615384,0.23076923076923078,0.23076923076923078,0.11538461538461539,0.0,1.0,0.0,1.0,4.0,0.0,2.0,0.0,3.0,0.0,0.0,1.0,8.0,0.0,3.0,0.0,10.0,6.0,0.0,0.0,0.0,0.0,0.0,0.0,0.0,0.0,0.0,0.0,0.0,0.0,0.0,0.0,0.0,0.0,0.0,0.0,0.0,0.0,0.0,0.0,0.0,0.0,0.0,0.0,-0.9931889553141151,49.83380952380952,-0.39011703511054874,76.9,-0.38860103626943143,77.2,0.30000000000140814,-25.454927818459574,-1.3323334812734384,370.59169878441355,-5.936758466959091,52.97904761904762,-2.2289010561904687,-0.26109660574411553,low
2005-06-01,76.4,24.0,0.37532916666666666,0.2916666666666667,36.583333333333336,4456.541666666667,3039.6666666666665,1.0,0.7708333333333334,-0.041666666666666664,0.041666666666666664,0.0,0.041666666666666664,1.0,0.0,0.0,1.0,1.0,0.0,0.0,4.0,1.0,0.0,0.0,2.0,0.0,5.0,0.0,7.0,2.0,0.0,0.0,0.0,0.0,0.0,0.0,0.0,0.0,0.0,0.0,0.0,0.0,0.0,0.0,0.0,0.0,0.0,0.0,0.0,0.0,0.0,0.0,0.0,0.0,0.0,0.0,-0.9431127405732314,56.35227272727273,-0.26109660574411553,76.6,-0.39011703511054874,76.9,0.3000000000013655,-5.041962506021447,-0.9931889553141151,-25.454927818459574,13.08040317557666,49.83380952380952,-5.936758466959091,0.2617801047120283,high
2005-07-01,76.6,25.0,0.44724400000000003,0.28,32.12,4402.84,3305.2,1.0,0.68,-0.2,0.2,0.0,0.2,1.0,0.0,0.0,6.0,1.0,0.0,1.0,2.0,0.0,0.0,0.0,3.0,0.0,6.0,0.0,9.0,10.0,0.0,0.0,0.0,0.0,0.0,0.0,0.0,0.0,0.0,0.0,0.0,0.0,0.0,0.0,0.0,0.0,0.0,0.0,0.0,0.0,0.0,0.0,0.0,0.0,0.0,0.0,-0.8977849663752783,58.99550000000001,0.2617801047120283,76.4,-0.26109660574411553,76.63333333333334,0.2516611478439216,-4.806188300499736,-0.9431127405732314,-5.041962506021447,4.690542448074231,56.35227272727273,13.08040317557666,0.26109660574413773,high
2005-08-01,76.8,18.0,0.32510555555555554,0.3333333333333333,35.44444444444444,4445.555555555556,3347.3333333333335,1.0,0.5277777777777778,-0.05555555555555555,0.05555555555555555,0.0,0.05555555555555555,1.0,0.0,0.0,2.0,1.0,1.0,1.0,1.0,1.0,0.0,0.0,1.0,1.0,1.0,0.0,5.0,6.0,0.0,0.0,0.0,0.0,0.0,0.0,0.0,0.0,0.0,0.0,0.0,0.0,0.0,0.0,0.0,0.0,0.0,0.0,0.0,0.0,0.0,0.0,0.0,0.0,0.0,0.0,-0.5150469915519207,64.98521739130435,0.26109660574413773,76.6,0.2617801047120283,76.53333333333333,0.11547005384127572,-42.631363762820165,-0.8977849663752783,-4.806188300499736,10.152837744072585,58.99550000000001,4.690542448074231,-0.7812499999999889,low
2005-09-01,76.2,37.0,0.6875513513513514,0.10810810810810811,33.4054054054054,4118.405405405405,3382.2162162162163,1.0,0.6756756756756757,-0.02702702702702703,0.02702702702702703,0.0,0.02702702702702703,1.0,0.0,0.0,2.0,2.0,0.0,0.0,3.0,0.0,0.0,0.0,4.0,0.0,4.0,0.0,11.0,18.0,0.0,0.0,0.0,0.0,0.0,0.0,0.0,0.0,0.0,0.0,0.0,0.0,0.0,0.0,0.0,0.0,0.0,0.0,0.0,0.0,0.0,0.0,0.0,0.0,0.0,0.0,0.06177282335348099,65.58666666666666,-0.7812499999999889,76.8,0.26109660574413773,76.60000000000001,0.20000000000195056,-111.99362861383761,-0.5150469915519207,-42.631363762820165,0.9255170629663745,64.98521739130435,10.152837744072585,-0.3937007874015741,low
2005-10-01,75.9,26.0,0.24151153846153847,0.3076923076923077,33.84615384615385,3892.923076923077,3348.3076923076924,1.0,0.75,-0.038461538461538464,0.11538461538461539,0.038461538461538464,0.07692307692307693,1.0,0.0,0.0,5.0,1.0,0.0,0.0,2.0,0.0,0.0,0.0,1.0,0.0,2.0,0.0,13.0,10.0,0.0,0.0,0.0,0.0,0.0,0.0,0.0,0.0,0.0,0.0,0.0,0.0,0.0,0.0,0.0,0.0,0.0,0.0,0.0,0.0,0.0,0.0,0.0,0.0,0.0,0.0,-0.08512643694468457,62.260000000000005,-0.3937007874015741,76.2,-0.7812499999999889,76.53333333333333,0.30550504633165676,-237.80564384691925,0.06177282335348099,-111.99362861383761,-5.072169140069105,65.58666666666666,0.9255170629663745,-0.9222661396574461,low
2005-11-01,75.2,18.0,0.6895666666666667,0.16666666666666666,34.611111111111114,5162.0,3569.1111111111113,1.0,0.7222222222222222,0.0,0.0,0.0,0.0,1.0,0.0,0.0,2.0,0.0,0.0,0.0,2.0,0.0,0.0,0.0,2.0,1.0,2.0,0.0,5.0,5.0,0.0,0.0,0.0,0.0,0.0,0.0,0.0,0.0,0.0,0.0,0.0,0.0,0.0,0.0,0.0,0.0,0.0,0.0,0.0,0.0,0.0,0.0,0.0,0.0,0.0,0.0,-0.657125028437722,58.322500000000005,-0.9222661396574461,75.9,-0.3937007874015741,76.3,0.4582575694964036,671.9400130240667,-0.08512643694468457,-237.80564384691925,-6.324285255380657,62.260000000000005,-5.072169140069105,-0.3989361702127603,low
2005-12-01,74.9,21.0,0.8018666666666667,0.09523809523809523,42.523809523809526,5292.190476190476,3472.3333333333335,1.0,0.6904761904761905,-0.047619047619047616,0.14285714285714285,0.047619047619047616,0.09523809523809523,1.0,1.0,0.0,1.0,1.0,0.0,0.0,4.0,0.0,1.0,0.0,0.0,0.0,2.0,0.0,2.0,6.0,0.0,0.0,0.0,0.0,0.0,0.0,0.0,0.0,0.0,0.0,0.0,0.0,0.0,0.0,0.0,0.0,0.0,0.0,0.0,0.0,0.0,0.0,0.0,0.0,0.0,0.0,-0.7193651708037665,59.411904761904765,-0.3989361702127603,75.2,-0.9222661396574461,75.76666666666667,0.5131601439453729,9.471582982315695,-0.657125028437722,671.9400130240667,1.8678979157353615,58.322500000000005,-6.324285255380657,-0.4005340453938744,low
2006-01-01,74.6,63.0,0.681931746031746,0.12698412698412698,33.63492063492063,3212.9841269841268,2798.7619047619046,1.0,0.6428571428571429,0.015873015873015872,0.015873015873015872,0.015873015873015872,0.0,1.0,0.0,1.0,11.0,3.0,0.0,0.0,5.0,2.0,0.0,1.0,4.0,0.0,5.0,0.0,20.0,38.0,0.0,0.0,0.0,0.0,0.0,0.0,0.0,0.0,0.0,0.0,0.0,0.0,0.0,0.0,0.0,0.0,0.0,0.0,0.0,0.0,0.0,0.0,0.0,0.0,0.0,0.0,-0.3772494506461924,65.485,-0.4005340453938744,74.9,-0.3989361702127603,75.33333333333333,0.5131601439453294,-47.55800447988311,-0.7193651708037665,9.471582982315695,10.222017392698257,59.411904761904765,1.8678979157353615,-0.40214477211796273,low
2006-02-01,74.3,23.0,0.484795652173913,0.2608695652173913,42.30434782608695,3568.086956521739,3098.9565217391305,1.0,0.782608695652174,-0.043478260869565216,0.043478260869565216,0.0,0.043478260869565216,1.0,0.0,0.0,3.0,1.0,0.0,0.0,3.0,0.0,0.0,0.0,1.0,1.0,5.0,0.0,11.0,10.0,0.0,0.0,0.0,0.0,0.0,0.0,0.0,0.0,0.0,0.0,0.0,0.0,0.0,0.0,0.0,0.0,0.0,0.0,0.0,0.0,0.0,0.0,0.0,0.0,0.0,0.0,-0.7404717736381722,61.631052631578946,-0.40214477211796273,74.6,-0.4005340453938744,74.89999999999999,0.3000000000010231,96.28173675795007,-0.3772494506461924,-47.55800447988311,-5.8852368762633445,65.485,10.222017392698257,0.40376850605652326,high
2006-03-01,74.6,21.0,0.7442857142857143,0.14285714285714285,45.80952380952381,4980.523809523809,3501.3333333333335,1.0,0.6428571428571429,0.19047619047619047,0.19047619047619047,0.09523809523809523,0.0,1.0,2.0,0.0,5.0,0.0,1.0,0.0,3.0,0.0,1.0,0.0,1.0,1.0,1.0,0.0,7.0,11.0,0.0,0.0,0.0,0.0,0.0,0.0,0.0,0.0,0.0,0.0,0.0,0.0,0.0,0.0,0.0,0.0,0.0,0.0,0.0,0.0,0.0,0.0,0.0,0.0,0.0,0.0,-0.3796552926830556,62.68521739130435,0.40376850605652326,74.3,-0.40214477211796273,74.60000000000001,0.30000000000096805,-48.7279183083929,-0.7404717736381722,96.28173675795007,1.7104441912213275,61.631052631578946,-5.8852368762633445,0.536193029490617,high
2006-04-01,75.0,19.0,0.45180526315789477,0.2631578947368421,36.26315789473684,4907.105263157895,3740.5263157894738,1.0,0.5789473684210527,0.05263157894736842,0.15789473684210525,0.05263157894736842,0.05263157894736842,1.0,0.0,1.0,6.0,0.0,0.0,0.0,2.0,0.0,0.0,1.0,0.0,0.0,3.0,0.0,7.0,5.0,0.0,0.0,0.0,0.0,0.0,0.0,0.0,0.0,0.0,0.0,0.0,0.0,0.0,0.0,0.0,0.0,0.0,0.0,0.0,0.0,0.0,0.0,0.0,0.0,0.0,0.0,0.09773993289884962,69.44368421052631,0.536193029490617,74.6,0.40376850605652326,74.49999999999999,0.17320508075852775,-125.74438833925198,-0.3796552926830556,-48.7279183083929,10.781595885730312,62.68521739130435,1.7104441912213275,0.2666666666666595,high
2006-05-01,75.2,27.0,0.260937037037037,0.3333333333333333,43.03703703703704,4666.333333333333,3291.5925925925926,1.0,0.6666666666666666,0.0,0.0,0.0,0.0,1.0,0.0,1.0,3.0,1.0,0.0,0.0,0.0,1.0,0.0,0.0,4.0,0.0,1.0,5.0,8.0,9.0,0.0,0.0,0.0,0.0,0.0,0.0,0.0,0.0,0.0,0.0,0.0,0.0,0.0,0.0,0.0,0.0,0.0,0.0,0.0,0.0,0.0,0.0,0.0,0.0,0.0,0.0,0.10250750899633702,70.84409090909091,0.2666666666666595,75.0,0.536193029490617,74.63333333333333,0.35118845842926255,4.877818058685723,0.09773993289884962,-125.74438833925198,2.016607722480712,69.44368421052631,10.781595885730312,-0.13297872340426453,medium
2006-06-01,75.1,23.0,0.10888695652173913,0.43478260869565216,36.26086956521739,4318.217391304348,3234.521739130435,1.0,0.717391304347826,0.08695652173913043,0.08695652173913043,0.043478260869565216,0.0,1.0,1.0,0.0,4.0,3.0,0.0,0.0,5.0,1.0,1.0,0.0,1.0,1.0,5.0,0.0,9.0,6.0,0.0,0.0,0.0,0.0,0.0,0.0,0.0,0.0,0.0,0.0,0.0,0.0,0.0,0.0,0.0,0.0,0.0,0.0,0.0,0.0,0.0,0.0,0.0,0.0,0.0,0.0,0.15176945157123375,70.9509090909091,-0.13297872340426453,75.2,0.2666666666666595,74.93333333333334,0.3055050463314264,48.05691120311688,0.10250750899633702,4.877818058685723,0.15077923994430975,70.84409090909091,2.016607722480712,0.26631158455392434,high
2006-07-01,75.3,33.0,0.45913333333333334,0.2727272727272727,39.21212121212121,4468.212121212121,3595.5151515151515,1.0,0.803030303030303,-0.09090909090909091,0.15151515151515152,0.030303030303030304,0.06060606060606061,1.0,0.0,0.0,8.0,2.0,0.0,0.0,2.0,0.0,0.0,0.0,3.0,1.0,3.0,0.0,8.0,9.0,0.0,0.0,0.0,0.0,0.0,0.0,0.0,0.0,0.0,0.0,0.0,0.0,0.0,0.0,0.0,0.0,0.0,0.0,0.0,0.0,0.0,0.0,0.0,0.0,0.0,0.0,-0.0986313052880709,74.41105263157894,0.26631158455392434,75.1,-0.13297872340426453,75.10000000000001,0.10000000000328661,-164.98758759879803,0.15176945157123375,48.05691120311688,4.876813539113889,70.9509090909091,0.15077923994430975,0.0,medium
2006-08-01,75.3,33.0,0.2395060606060606,0.36363636363636365,44.0,4605.0,3613.909090909091,1.0,0.6666666666666666,-0.030303030303030304,0.09090909090909091,0.030303030303030304,0.06060606060606061,1.0,0.0,1.0,4.0,1.0,0.0,0.0,1.0,0.0,0.0,1.0,5.0,2.0,4.0,1.0,13.0,13.0,0.0,0.0,0.0,0.0,0.0,0.0,0.0,0.0,0.0,0.0,0.0,0.0,0.0,0.0,0.0,0.0,0.0,0.0,0.0,0.0,0.0,0.0,0.0,0.0,0.0,0.0,0.06620305422601261,73.04304347826087,0.0,75.3,0.26631158455392434,75.2,0.10000000000336298,-167.12174601426432,-0.0986313052880709,-164.98758759879803,-1.838448866045883,74.41105263157894,4.876813539113889,0.6640106241699861,high
2006-09-01,75.8,29.0,0.17350689655172413,0.41379310344827586,46.51724137931034,3537.310344827586,3153.2413793103447,1.0,0.7413793103448276,0.1724137931034483,0.3103448275862069,0.1724137931034483,0.034482758620689655,1.0,2.0,0.0,7.0,1.0,1.0,0.0,3.0,0.0,2.0,0.0,3.0,0.0,4.0,0.0,8.0,13.0,0.0,0.0,0.0,0.0,0.0,0.0,0.0,0.0,0.0,0.0,0.0,0.0,0.0,0.0,0.0,0.0,0.0,0.0,0.0,0.0,0.0,0.0,0.0,0.0,0.0,0.0,-0.6426536030666756,63.798,0.6640106241699861,75.3,0.0,75.23333333333333,0.11547005384086056,-1070.731049465937,0.06620305422601261,-167.12174601426432,-12.656980101072024,73.04304347826087,-1.838448866045883,-0.395778364116095,low
2006-10-01,75.5,29.0,0.3877,0.27586206896551724,45.96551724137931,3679.896551724138,3343.310344827586,1.0,0.7758620689655172,0.2413793103448276,0.4482758620689655,0.1724137931034483,0.06896551724137931,1.0,4.0,1.0,3.0,0.0,1.0,1.0,5.0,0.0,4.0,0.0,1.0,0.0,2.0,0.0,8.0,7.0,0.0,0.0,0.0,0.0,0.0,0.0,0.0,0.0,0.0,0.0,0.0,0.0,0.0,0.0,0.0,0.0,0.0,0.0,0.0,0.0,0.0,0.0,0.0,0.0,0.0,0.0,-0.5156825929687016,58.89318181818182,-0.395778364116095,75.8,0.6640106241699861,75.46666666666667,0.2886751345960467,-19.757301521703408,-0.6426536030666756,-1070.731049465937,-7.688043797326216,63.798,-12.656980101072024,-0.13245033112582183,medium
2006-11-01,75.4,24.0,0.5025791666666667,0.20833333333333334,43.833333333333336,4836.166666666667,3268.0,1.0,0.625,0.0,0.0,0.0,0.0,1.0,0.0,0.0,5.0,2.0,0.0,0.0,3.0,1.0,0.0,0.0,0.0,0.0,0.0,0.0,8.0,6.0,0.0,0.0,0.0,0.0,0.0,0.0,0.0,0.0,0.0,0.0,0.0,0.0,0.0,0.0,0.0,0.0,0.0,0.0,0.0,0.0,0.0,0.0,0.0,0.0,0.0,0.0,-0.23494779886512412,59.0825,-0.13245033112582183,75.5,-0.395778364116095,75.53333333333333,0.2516611478437937,-54.4394551864612,-0.5156825929687016,-19.757301521703408,0.3214602709064929,58.89318181818182,-7.688043797326216,0.2652519893899141,high
2006-12-01,75.6,19.0,0.14038947368421054,0.42105263157894735,44.05263157894737,4181.736842105263,3045.315789473684,1.0,0.6842105263157895,-0.05263157894736842,0.05263157894736842,0.0,0.05263157894736842,1.0,0.0,0.0,1.0,0.0,0.0,0.0,1.0,0.0,0.0,0.0,2.0,0.0,1.0,0.0,7.0,4.0,0.0,0.0,0.0,0.0,0.0,0.0,0.0,0.0,0.0,0.0,0.0,0.0,0.0,0.0,0.0,0.0,0.0,0.0,0.0,0.0,0.0,0.0,0.0,0.0,0.0,0.0,-0.46482808131665454,61.959,0.2652519893899141,75.4,-0.13245033112582183,75.56666666666668,0.2081665999483537,97.84313092607316,-0.23494779886512412,-54.4394551864612,4.868615918419161,59.0825,0.3214602709064929,-0.2645502645502451,low
2007-01-01,75.4,40.0,0.6923225000000001,0.125,43.4,3270.025,3071.425,1.0,0.6125,-0.025,0.025,0.0,0.025,1.0,0.0,0.0,3.0,3.0,0.0,0.0,6.0,0.0,0.0,0.0,0.0,0.0,4.0,0.0,12.0,30.0,0.0,0.0,0.0,0.0,0.0,0.0,0.0,0.0,0.0,0.0,0.0,0.0,0.0,0.0,0.0,0.0,0.0,0.0,0.0,0.0,0.0,0.0,0.0,0.0,0.0,0.0,-0.8800339505414219,54.50619047619048,-0.2645502645502451,75.6,0.2652519893899141,75.5,0.1000000000035762,89.32460965969844,-0.46482808131665454,97.84313092607316,-12.028614928919968,61.959,4.868615918419161,-3.7135278514588976,low
2007-02-01,72.6,21.0,0.564252380952381,0.19047619047619047,43.19047619047619,4785.142857142857,3659.6666666666665,1.0,0.5476190476190477,-0.09523809523809523,0.09523809523809523,0.0,0.047619047619047616,1.0,0.0,0.0,4.0,0.0,0.0,0.0,3.0,0.0,0.0,0.0,1.0,1.0,1.0,0.0,8.0,7.0,0.0,0.0,0.0,0.0,0.0,0.0,0.0,0.0,0.0,0.0,0.0,0.0,0.0,0.0,0.0,0.0,0.0,0.0,0.0,0.0,0.0,0.0,0.0,0.0,0.0,0.0,-0.7145792057062179,59.27894736842105,-3.7135278514588976,75.4,-0.2645502645502451,75.46666666666667,0.11547005384100316,-18.800950205774612,-0.8800339505414219,89.32460965969844,8.756357489917432,54.50619047619048,-12.028614928919968,-1.377410468319562,low
2007-03-01,71.6,22.0,0.5318681818181819,0.22727272727272727,39.81818181818182,3574.0,3329.9545454545455,1.0,0.7045454545454546,0.0,0.0,0.0,0.0,1.0,0.0,0.0,4.0,1.0,0.0,0.0,1.0,0.0,0.0,0.0,4.0,0.0,1.0,1.0,8.0,9.0,0.0,0.0,0.0,0.0,0.0,0.0,0.0,0.0,0.0,0.0,0.0,0.0,0.0,0.0,0.0,0.0,0.0,0.0,0.0,0.0,0.0,0.0,0.0,0.0,0.0,0.0,-0.5895540101971689,60.441818181818185,-1.377410468319562,72.6,-3.7135278514588976,74.53333333333333,1.6772994167213982,-17.496338335998274,-0.7145792057062179,-18.800950205774612,1.9616927510028859,59.27894736842105,8.756357489917432,-0.13966480446926388,medium
2007-04-01,71.5,29.0,0.4900896551724138,0.2413793103448276,43.275862068965516,5459.931034482759,3668.862068965517,1.0,0.5862068965517241,0.034482758620689655,0.034482758620689655,0.034482758620689655,0.0,1.0,1.0,0.0,9.0,1.0,0.0,0.0,2.0,1.0,1.0,0.0,3.0,0.0,5.0,0.0,12.0,11.0,0.0,0.0,0.0,0.0,0.0,0.0,0.0,0.0,0.0,0.0,0.0,0.0,0.0,0.0,0.0,0.0,0.0,0.0,0.0,0.0,0.0,0.0,0.0,0.0,0.0,0.0,-0.8302109365549297,63.977,-0.13966480446926388,71.6,-1.377410468319562,73.2,1.96977156035934,40.82016612477559,-0.5895540101971689,-17.496338335998274,5.848900520410294,60.441818181818185,1.9616927510028859,-1.1188811188811099,low
2007-05-01,70.7,31.0,0.39913548387096776,0.2903225806451613,44.903225806451616,3913.064516129032,3304.2258064516127,1.0,0.7580645161290323,0.12903225806451613,0.1935483870967742,0.12903225806451613,0.03225806451612903,1.0,2.0,0.0,4.0,1.0,1.0,0.0,3.0,0.0,2.0,0.0,5.0,0.0,6.0,1.0,13.0,8.0,0.0,0.0,0.0,0.0,0.0,0.0,0.0,0.0,0.0,0.0,0.0,0.0,0.0,0.0,0.0,0.0,0.0,0.0,0.0,0.0,0.0,0.0,0.0,0.0,0.0,0.0,-0.41763209746433394,63.45454545454545,-1.1188811188811099,71.5,-0.13966480446926388,71.89999999999999,0.6082762530300649,-49.69566418898869,-0.8302109365549297,40.82016612477559,-0.8166287032129405,63.977,5.848900520410294,0.4243281471004279,high
2007-06-01,71.0,26.0,0.5667923076923077,0.23076923076923078,35.23076923076923,4973.0,3499.730769230769,1.0,0.7307692307692307,0.0,0.0,0.0,0.0,1.0,0.0,0.0,3.0,0.0,0.0,0.0,5.0,0.0,0.0,0.0,3.0,0.0,4.0,3.0,14.0,7.0,0.0,0.0,0.0,0.0,0.0,0.0,0.0,0.0,0.0,0.0,0.0,0.0,0.0,0.0,0.0,0.0,0.0,0.0,0.0,0.0,0.0,0.0,0.0,0.0,0.0,0.0,-0.3786827866925976,67.48904761904762,0.4243281471004279,70.7,-1.1188811188811099,71.26666666666667,0.4932882862318659,-9.326225404660772,-0.41763209746433394,-49.69566418898869,6.358097966980503,63.45454545454545,-0.8166287032129405,-1.6901408450704314,low
2007-07-01,69.8,23.0,0.4208695652173913,0.30434782608695654,39.56521739130435,4600.739130434783,3614.8260869565215,1.0,0.6304347826086957,-0.08695652173913043,0.08695652173913043,0.0,0.08695652173913043,1.0,0.0,0.0,4.0,1.0,0.0,0.0,4.0,0.0,0.0,0.0,1.0,0.0,5.0,0.0,8.0,5.0,0.0,0.0,0.0,0.0,0.0,0.0,0.0,0.0,0.0,0.0,0.0,0.0,0.0,0.0,0.0,0.0,0.0,0.0,0.0,0.0,0.0,0.0,0.0,0.0,0.0,0.0,-0.43915002341401765,74.11761904761904,-1.6901408450704314,71.0,0.4243281471004279,71.06666666666666,0.40414518843301667,15.967780645520978,-0.3786827866925976,-9.326225404660772,9.821699464463363,67.48904761904762,6.358097966980503,-1.002865329512903,low
2007-08-01,69.1,20.0,0.567745,0.2,40.4,4543.7,4000.3,1.0,0.625,0.05,0.05,0.05,0.0,1.0,1.0,0.0,1.0,3.0,0.0,0.0,1.0,1.0,1.0,0.0,1.0,0.0,5.0,0.0,10.0,5.0,0.0,0.0,0.0,0.0,0.0,0.0,0.0,0.0,0.0,0.0,0.0,0.0,0.0,0.0,0.0,0.0,0.0,0.0,0.0,0.0,0.0,0.0,0.0,0.0,0.0,0.0,-0.11264639754137579,72.35608695652174,-1.002865329512903,69.8,-1.6901408450704314,70.5,0.62449979983999,-74.3489942991131,-0.43915002341401765,15.967780645520978,-2.3766711798520634,74.11761904761904,9.821699464463363,-0.8683068017366069,low
2007-09-01,68.5,15.0,0.87316,0.0,41.13333333333333,3681.5333333333333,2951.266666666667,1.0,0.7666666666666667,0.13333333333333333,0.13333333333333333,0.06666666666666667,0.0,1.0,1.0,1.0,3.0,1.0,0.0,0.0,1.0,1.0,1.0,0.0,1.0,0.0,4.0,0.0,7.0,6.0,0.0,0.0,0.0,0.0,0.0,0.0,0.0,0.0,0.0,0.0,0.0,0.0,0.0,0.0,0.0,0.0,0.0,0.0,0.0,0.0,0.0,0.0,0.0,0.0,0.0,0.0,-0.042428807560074625,79.91473684210526,-0.8683068017366069,69.1,-1.002865329512903,69.96666666666667,0.9609023536933753,-62.334518913940194,-0.11264639754137579,-74.3489942991131,10.446460282084447,72.35608695652174,-2.3766711798520634,-1.0218978102189857,low
2007-10-01,67.8,27.0,0.7634222222222222,0.07407407407407407,37.48148148148148,4235.481481481482,3426.5555555555557,0.9629629629629629,0.7222222222222222,-0.25925925925925924,0.25925925925925924,0.0,0.14814814814814814,1.0,0.0,0.0,4.0,1.0,0.0,0.0,0.0,0.0,0.0,0.0,1.0,0.0,8.0,0.0,13.0,11.0,0.0,0.0,0.0,0.0,0.0,0.0,0.0,0.0,0.0,0.0,0.0,0.0,0.0,0.0,0.0,0.0,0.0,0.0,0.0,0.0,0.0,0.0,0.0,0.0,0.0,0.0,-0.6183053220583293,85.7986956521739,-1.0218978102189857,68.5,-0.8683068017366069,69.13333333333333,0.6506407098647887,1357.2771605303203,-0.042428807560074625,-62.334518913940194,7.362795702742675,79.91473684210526,10.446460282084447,-0.4424778761061954,low
2007-11-01,67.5,25.0,0.745044,0.12,38.52,3725.32,3236.0,1.0,0.78,0.0,0.0,0.0,0.0,1.0,0.0,1.0,0.0,0.0,0.0,0.0,3.0,0.0,0.0,0.0,3.0,0.0,3.0,1.0,7.0,7.0,0.0,0.0,0.0,0.0,0.0,0.0,0.0,0.0,0.0,0.0,0.0,0.0,0.0,0.0,0.0,0.0,0.0,0.0,0.0,0.0,0.0,0.0,0.0,0.0,0.0,0.0,-0.4935393947814716,94.77238095238096,-0.4424778761061954,67.8,-1.0218978102189857,68.46666666666665,0.6506407098647141,-20.178692116301665,-0.6183053220583293,1357.2771605303203,10.458999675923032,85.7986956521739,7.362795702742675,-0.8888888888888835,low
2007-12-01,66.9,23.0,0.8700130434782609,0.043478260869565216,39.391304347826086,4959.0,3847.478260869565,1.0,0.5652173913043478,0.0,0.0,0.0,0.0,1.0,0.0,0.0,5.0,0.0,0.0,0.0,3.0,0.0,0.0,0.0,2.0,0.0,6.0,0.0,9.0,6.0,0.0,0.0,0.0,0.0,0.0,0.0,0.0,0.0,0.0,0.0,0.0,0.0,0.0,0.0,0.0,0.0,0.0,0.0,0.0,0.0,0.0,0.0,0.0,0.0,0.0,0.0,-0.15417915087381232,91.687,-0.8888888888888835,67.5,-0.4424778761061954,67.93333333333334,0.5131601439445369,-68.76051790311907,-0.4935393947814716,-20.178692116301665,-3.2555697360090896,94.77238095238096,10.458999675923032,-0.2989536621823663,low
2008-01-01,66.7,71.0,0.3814028169014084,0.2535211267605634,41.028169014084504,3929.507042253521,2903.9859154929577,0.9154929577464789,0.5633802816901409,-0.11267605633802817,0.16901408450704225,0.028169014084507043,0.14084507042253522,1.0,1.0,1.0,14.0,1.0,0.0,0.0,2.0,0.0,0.0,0.0,5.0,2.0,12.0,3.0,28.0,42.0,0.0,0.0,0.0,0.0,0.0,0.0,0.0,0.0,0.0,0.0,0.0,0.0,0.0,0.0,0.0,0.0,0.0,0.0,0.0,0.0,0.0,0.0,0.0,0.0,0.0,0.0,-0.38141486205195946,92.97047619047619,-0.2989536621823663,66.9,-0.8888888888888835,67.39999999999999,0.4582575694953186,147.38420200804444,-0.15417915087381232,-68.76051790311907,1.399845333009253,91.687,-3.2555697360090896,0.0,medium
2008-02-01,66.7,16.0,0.77215,0.0625,46.75,4616.9375,3531.375,1.0,0.6875,-0.0625,0.0625,0.0,0.0625,1.0,0.0,0.0,2.0,0.0,0.0,0.0,3.0,0.0,0.0,0.0,1.0,0.0,2.0,0.0,4.0,7.0,0.0,0.0,0.0,0.0,0.0,0.0,0.0,0.0,0.0,0.0,0.0,0.0,0.0,0.0,0.0,0.0,0.0,0.0,0.0,0.0,0.0,0.0,0.0,0.0,0.0,0.0,0.45443770206955947,95.386,0.0,66.7,-0.2989536621823663,67.03333333333333,0.4163331998928729,-219.14525292086086,-0.38141486205195946,147.38420200804444,2.5981622430059748,92.97047619047619,1.399845333009253,0.0,medium
2008-03-01,66.7,20.0,0.411975,0.3,40.35,6291.35,3105.15,1.0,0.775,-0.15,0.25,0.05,0.2,1.0,0.0,1.0,5.0,1.0,0.0,1.0,5.0,0.0,0.0,0.0,6.0,3.0,1.0,1.0,8.0,4.0,0.0,0.0,0.0,0.0,0.0,0.0,0.0,0.0,0.0,0.0,0.0,0.0,0.0,0.0,0.0,0.0,0.0,0.0,0.0,0.0,0.0,0.0,0.0,0.0,0.0,0.0,0.14792863940302234,105.454,0.0,66.7,0.0,66.76666666666667,0.11547005383648674,-67.44798269832388,0.45443770206955947,-219.14525292086086,10.555008072463457,95.386,2.5981622430059748,-0.14992503748126884,medium
2008-04-01,66.6,34.0,0.8315588235294118,0.058823529411764705,44.55882352941177,4128.705882352941,3578.3529411764707,1.0,0.6617647058823529,0.0,0.058823529411764705,0.029411764705882353,0.029411764705882353,1.0,0.0,1.0,4.0,3.0,0.0,0.0,2.0,0.0,0.0,0.0,2.0,0.0,4.0,3.0,13.0,16.0,0.0,0.0,0.0,0.0,0.0,0.0,0.0,0.0,0.0,0.0,0.0,0.0,0.0,0.0,0.0,0.0,0.0,0.0,0.0,0.0,0.0,0.0,0.0,0.0,0.0,0.0,0.13081178153938403,112.58045454545454,-0.14992503748126884,66.7,0.0,66.7,0.0,-11.57102365891739,0.14792863940302234,-67.44798269832388,6.7578797821368,105.454,10.555008072463457,0.0,medium
2008-05-01,66.6,33.0,0.5932363636363636,0.15151515151515152,45.63636363636363,4275.69696969697,3214.6060606060605,1.0,0.6363636363636364,-0.12121212121212122,0.12121212121212122,0.0,0.09090909090909091,1.0,0.0,0.0,5.0,2.0,0.0,0.0,2.0,2.0,0.0,0.0,0.0,0.0,5.0,1.0,9.0,17.0,0.0,0.0,0.0,0.0,0.0,0.0,0.0,0.0,0.0,0.0,0.0,0.0,0.0,0.0,0.0,0.0,0.0,0.0,0.0,0.0,0.0,0.0,0.0,0.0,0.0,0.0,-0.12279181983255312,125.39761904761905,0.0,66.6,-0.14992503748126884,66.66666666666667,0.05773502691596227,-193.86908303483636,0.13081178153938403,-11.57102365891739,11.384893189420865,112.58045454545454,6.7578797821368,0.0,medium
2008-06-01,66.6,27.0,0.5654444444444444,0.18518518518518517,49.03703703703704,3774.5555555555557,3371.8518518518517,1.0,0.6851851851851852,0.07407407407407407,0.14814814814814814,0.07407407407407407,0.037037037037037035,1.0,0.0,2.0,2.0,0.0,0.0,1.0,1.0,0.0,0.0,2.0,4.0,0.0,1.0,3.0,9.0,6.0,0.0,0.0,0.0,0.0,0.0,0.0,0.0,0.0,0.0,0.0,0.0,0.0,0.0,0.0,0.0,0.0,0.0,0.0,0.0,0.0,0.0,0.0,0.0,0.0,0.0,0.0,0.2726309345991934,133.88,0.0,66.6,0.0,66.63333333333334,0.057735026915918176,-322.02695177168204,-0.12279181983255312,-193.86908303483636,6.764387567167285,125.39761904761905,11.384893189420865,-0.6006006006005871,low
2008-07-01,66.2,25.0,0.520104,0.24,53.24,4634.56,3668.88,1.0,0.7,-0.04,0.12,0.04,0.08,1.0,1.0,0.0,4.0,0.0,0.0,0.0,1.0,0.0,1.0,0.0,1.0,0.0,6.0,0.0,10.0,8.0,0.0,0.0,0.0,0.0,0.0,0.0,0.0,0.0,0.0,0.0,0.0,0.0,0.0,0.0,0.0,0.0,0.0,0.0,0.0,0.0,0.0,0.0,0.0,0.0,0.0,0.0,1.0004987414863975,133.3709090909091,-0.6006006006005871,66.6,0.0,66.6,0.0,266.97917019478155,0.2726309345991934,-322.02695177168204,-0.38025911942851653,133.88,6.764387567167285,-0.30211480362538623,low
2008-08-01,66.0,19.0,0.5113052631578947,0.2631578947368421,55.473684210526315,3537.0,3035.5789473684213,1.0,0.6842105263157895,-0.05263157894736842,0.05263157894736842,0.0,0.05263157894736842,1.0,0.0,0.0,2.0,1.0,0.0,0.0,4.0,1.0,0.0,0.0,1.0,1.0,5.0,1.0,10.0,6.0,0.0,0.0,0.0,0.0,0.0,0.0,0.0,0.0,0.0,0.0,0.0,0.0,0.0,0.0,0.0,0.0,0.0,0.0,0.0,0.0,0.0,0.0,0.0,0.0,0.0,0.0,0.279995908172189,116.66619047619047,-0.30211480362538623,66.2,-0.6006006006005871,66.46666666666665,0.23094010767503997,-72.01436677909147,1.0004987414863975,266.97917019478155,-12.52500918572299,133.3709090909091,-0.38025911942851653,-0.303030303030305,low
2008-09-01,65.8,34.0,0.3327705882352941,0.3235294117647059,54.029411764705884,4305.85294117647,3068.676470588235,1.0,0.6764705882352942,0.0,0.17647058823529413,0.058823529411764705,0.058823529411764705,1.0,1.0,0.0,3.0,2.0,0.0,1.0,12.0,1.0,1.0,0.0,2.0,1.0,9.0,1.0,15.0,8.0,0.0,0.0,0.0,0.0,0.0,0.0,0.0,0.0,0.0,0.0,0.0,0.0,0.0,0.0,0.0,0.0,0.0,0.0,0.0,0.0,0.0,0.0,0.0,0.0,0.0,0.0,-0.5313102199117363,104.11428571428571,-0.303030303030305,66.0,-0.30211480362538623,66.26666666666667,0.3055050463297453,-289.75642300636645,0.279995908172189,-72.01436677909147,-10.75881942375274,116.66619047619047,-12.52500918572299,0.45592705167172287,high
2008-10-01,66.1,31.0,0.07858064516129032,0.41935483870967744,55.225806451612904,4294.0,3513.2580645161293,1.0,0.8387096774193549,-0.25806451612903225,0.3870967741935484,0.06451612903225806,0.1935483870967742,1.0,1.0,0.0,8.0,1.0,1.0,0.0,4.0,1.0,1.0,0.0,3.0,1.0,5.0,1.0,11.0,11.0,0.0,0.0,0.0,0.0,0.0,0.0,0.0,0.0,0.0,0.0,0.0,0.0,0.0,0.0,0.0,0.0,0.0,0.0,0.0,0.0,0.0,0.0,0.0,0.0,0.0,0.0,-0.9827795313724454,76.6086956521739,0.45592705167172287,65.8,-0.303030303030305,66.0,0.19999999999897217,84.97282652227342,-0.5313102199117363,-289.75642300636645,-26.41865126712166,104.11428571428571,-10.75881942375274,-0.45385779122540937,low
2008-11-01,65.8,26.0,0.4032576923076923,0.3076923076923077,48.34615384615385,4285.076923076923,3306.9615384615386,1.0,0.7692307692307693,-0.15384615384615385,0.23076923076923078,0.038461538461538464,0.19230769230769232,1.0,1.0,0.0,8.0,2.0,0.0,0.0,5.0,1.0,1.0,0.0,1.0,2.0,5.0,0.0,10.0,10.0,0.0,0.0,0.0,0.0,0.0,0.0,0.0,0.0,0.0,0.0,0.0,0.0,0.0,0.0,0.0,0.0,0.0,0.0,0.0,0.0,0.0,0.0,0.0,0.0,0.0,0.0,-1.5214094578835733,57.30947368421053,-0.45385779122540937,66.1,0.45592705167172287,65.96666666666667,0.15275252316383728,54.80679128094319,-0.9827795313724454,84.97282652227342,-25.191946950235966,76.6086956521739,-26.41865126712166,-0.6079027355622935,low
2008-12-01,65.4,26.0,0.2617269230769231,0.34615384615384615,46.92307692307692,3490.846153846154,3170.1923076923076,1.0,0.75,-0.2692307692307692,0.2692307692307692,0.0,0.23076923076923078,1.0,0.0,1.0,7.0,0.0,0.0,1.0,5.0,0.0,0.0,0.0,3.0,0.0,8.0,0.0,14.0,17.0,0.0,0.0,0.0,0.0,0.0,0.0,0.0,0.0,0.0,0.0,0.0,0.0,0.0,0.0,0.0,0.0,0.0,0.0,0.0,0.0,0.0,0.0,0.0,0.0,0.0,0.0,-0.6867119460681447,41.121818181818185,-0.6079027355622935,65.8,-0.45385779122540937,65.89999999999999,0.17320508075566451,-54.8634364989799,-1.5214094578835733,54.80679128094319,-28.246037629991783,57.30947368421053,-25.191946950235966,-0.9174311926605672,low
2009-01-01,64.8,57.0,0.32266666666666666,0.2807017543859649,50.94736842105263,3248.964912280702,2904.2105263157896,0.9473684210526315,0.6403508771929824,-0.19298245614035087,0.19298245614035087,0.0,0.17543859649122806,1.0,0.0,1.0,13.0,1.0,0.0,0.0,9.0,0.0,0.0,0.0,4.0,1.0,10.0,0.0,24.0,36.0,0.0,0.0,0.0,0.0,0.0,0.0,0.0,0.0,0.0,0.0,0.0,0.0,0.0,0.0,0.0,0.0,0.0,0.0,0.0,0.0,0.0,0.0,0.0,0.0,0.0,0.0,-0.4098019640154011,41.71,-0.9174311926605672,65.4,-0.6079027355622935,65.76666666666667,0.35118845842779256,-40.32403741309969,-0.6867119460681447,-54.8634364989799,1.4303400097271934,41.121818181818185,-28.246037629991783,0.30864197530864335,high
2009-02-01,65.0,19.0,0.5115578947368421,0.21052631578947367,53.473684210526315,7738.631578947368,3414.842105263158,1.0,0.7894736842105263,-0.05263157894736842,0.05263157894736842,0.0,0.05263157894736842,1.0,0.0,0.0,5.0,1.0,0.0,0.0,4.0,0.0,0.0,0.0,3.0,0.0,8.0,1.0,11.0,7.0,0.0,0.0,0.0,0.0,0.0,0.0,0.0,0.0,0.0,0.0,0.0,0.0,0.0,0.0,0.0,0.0,0.0,0.0,0.0,0.0,0.0,0.0,0.0,0.0,0.0,0.0,-0.4495985558851413,39.08736842105263,0.30864197530864335,64.8,-0.9174311926605672,65.33333333333333,0.5033222956842234,9.71117646186892,-0.4098019640154011,-40.32403741309969,-6.287776501911702,41.71,1.4303400097271934,0.4615384615384466,high
2009-03-01,65.3,23.0,0.8919565217391304,0.0,52.869565217391305,3476.9565217391305,3243.478260869565,1.0,0.6956521739130435,-0.34782608695652173,0.34782608695652173,0.0,0.2608695652173913,1.0,0.0,0.0,4.0,1.0,0.0,0.0,4.0,0.0,0.0,0.0,1.0,0.0,3.0,2.0,8.0,10.0,0.0,0.0,0.0,0.0,0.0,0.0,0.0,0.0,0.0,0.0,0.0,0.0,0.0,0.0,0.0,0.0,0.0,0.0,0.0,0.0,0.0,0.0,0.0,0.0,0.0,0.0,0.16786628722560862,47.939090909090915,0.4615384615384466,65.0,0.30864197530864335,65.06666666666666,0.3055050463295211,-137.3369275831245,-0.4495985558851413,9.71117646186892,22.645992415469717,39.08736842105263,-6.287776501911702,0.15313935681471325,high
2009-04-01,65.4,23.0,0.44698260869565215,0.2608695652173913,58.82608695652174,4211.304347826087,3535.391304347826,1.0,0.6739130434782609,-0.21739130434782608,0.21739130434782608,0.0,0.17391304347826086,1.0,0.0,0.0,6.0,1.0,0.0,0.0,2.0,1.0,0.0,0.0,2.0,1.0,5.0,1.0,10.0,8.0,0.0,0.0,0.0,0.0,0.0,0.0,0.0,0.0,0.0,0.0,0.0,0.0,0.0,0.0,0.0,0.0,0.0,0.0,0.0,0.0,0.0,0.0,0.0,0.0,0.0,0.0,0.8251704281541091,49.64666666666666,0.15313935681471325,65.3,0.4615384615384466,65.03333333333335,0.25166114784129273,391.5641143865284,0.16786628722560862,-137.3369275831245,3.5619694182643213,47.939090909090915,22.645992415469717,0.1529051987767538,high
2009-05-01,65.5,30.0,0.15929333333333334,0.43333333333333335,53.233333333333334,3842.0666666666666,3237.8,1.0,0.7166666666666667,-0.03333333333333333,0.23333333333333334,0.06666666666666667,0.13333333333333333,1.0,0.0,0.0,5.0,0.0,1.0,1.0,2.0,0.0,0.0,0.0,2.0,1.0,6.0,1.0,11.0,11.0,0.0,0.0,0.0,0.0,0.0,0.0,0.0,0.0,0.0,0.0,0.0,0.0,0.0,0.0,0.0,0.0,0.0,0.0,0.0,0.0,0.0,0.0,0.0,0.0,0.0,0.0,0.3227180476274134,59.028499999999994,0.1529051987767538,65.4,0.15313935681471325,65.23333333333333,0.20816659994540562,-60.89074006816657,0.8251704281541091,391.5641143865284,18.897206928964682,49.64666666666666,3.5619694182643213,-0.15267175572518665,medium
2009-06-01,65.4,24.0,0.40527916666666663,0.3333333333333333,50.958333333333336,4176.541666666667,3261.5833333333335,0.9583333333333334,0.3958333333333333,-0.08333333333333333,0.25,0.041666666666666664,0.16666666666666666,1.0,0.0,0.0,3.0,0.0,1.0,1.0,3.0,0.0,0.0,0.0,0.0,0.0,1.0,0.0,8.0,7.0,0.0,0.0,0.0,0.0,0.0,0.0,0.0,0.0,0.0,0.0,0.0,0.0,0.0,0.0,0.0,0.0,0.0,0.0,0.0,0.0,0.0,0.0,0.0,0.0,0.0,0.0,-0.5201492892538067,69.64090909090909,-0.15267175572518665,65.5,0.1529051987767538,65.39999999999999,0.09999999999763526,-261.17762643827496,0.3227180476274134,-60.89074006816657,17.978449547098595,59.028499999999994,18.897206928964682,0.3058103975535076,high
2009-07-01,65.6,25.0,0.496452,0.24,45.68,4140.84,3413.92,1.0,0.72,-0.04,0.04,0.0,0.04,1.0,0.0,0.0,9.0,0.0,0.0,0.0,5.0,0.0,0.0,0.0,1.0,1.0,4.0,2.0,6.0,9.0,0.0,0.0,0.0,0.0,0.0,0.0,0.0,0.0,0.0,0.0,0.0,0.0,0.0,0.0,0.0,0.0,0.0,0.0,0.0,0.0,0.0,0.0,0.0,0.0,0.0,0.0,-0.7619041809059359,64.15227272727272,0.3058103975535076,65.4,-0.15267175572518665,65.43333333333334,0.05773502691491739,46.47798173461795,-0.5201492892538067,-261.17762643827496,-7.881339338163318,69.64090909090909,17.978449547098595,-0.1524390243902385,medium
2009-08-01,65.5,12.0,0.26380833333333337,0.3333333333333333,46.25,3301.0,3106.0,1.0,0.5833333333333334,-0.25,0.25,0.0,0.16666666666666666,1.0,0.0,0.0,3.0,0.0,0.0,0.0,1.0,0.0,0.0,0.0,0.0,0.0,4.0,0.0,5.0,4.0,0.0,0.0,0.0,0.0,0.0,0.0,0.0,0.0,0.0,0.0,0.0,0.0,0.0,0.0,0.0,0.0,0.0,0.0,0.0,0.0,0.0,0.0,0.0,0.0,0.0,0.0,-1.1448545554289542,71.04476190476191,-0.1524390243902385,65.6,0.3058103975535076,65.5,0.0999999999977294,50.262274984194775,-0.7619041809059359,46.47798173461795,10.74395167072395,64.15227272727272,-7.881339338163318,0.0,medium
2009-09-01,65.5,21.0,0.7478238095238096,0.09523809523809523,42.904761904761905,4863.285714285715,3888.2380952380954,1.0,0.6190476190476191,-0.047619047619047616,0.047619047619047616,0.0,0.047619047619047616,1.0,0.0,0.0,3.0,2.0,0.0,0.0,2.0,2.0,0.0,0.0,2.0,0.0,6.0,0.0,12.0,7.0,0.0,0.0,0.0,0.0,0.0,0.0,0.0,0.0,0.0,0.0,0.0,0.0,0.0,0.0,0.0,0.0,0.0,0.0,0.0,0.0,0.0,0.0,0.0,0.0,0.0,0.0,-0.5067326580483106,69.40809523809523,0.0,65.5,-0.1524390243902385,65.5,0.0999999999977294,-55.7382502742064,-1.1448545554289542,50.262274984194775,-2.3037119455206256,71.04476190476191,10.74395167072395,0.15267175572517555,high
2009-10-01,65.6,29.0,0.661,0.13793103448275862,51.06896551724138,4569.689655172414,3639.9655172413795,1.0,0.7586206896551724,-0.06896551724137931,0.06896551724137931,0.0,0.034482758620689655,1.0,1.0,0.0,12.0,2.0,0.0,0.0,7.0,1.0,0.0,0.0,2.0,0.0,4.0,0.0,10.0,12.0,0.0,0.0,0.0,0.0,0.0,0.0,0.0,0.0,0.0,0.0,0.0,0.0,0.0,0.0,0.0,0.0,0.0,0.0,0.0,0.0,0.0,0.0,0.0,0.0,0.0,0.0,-0.4701209444506338,75.71545454545455,0.15267175572517555,65.5,0.0,65.53333333333332,0.057735026915095834,-7.225055069212916,-0.5067326580483106,-55.7382502742064,9.087353983310976,69.40809523809523,-2.3037119455206256,0.1524390243902607,high
2009-11-01,65.7,22.0,0.5485045454545454,0.22727272727272727,52.31818181818182,4438.727272727273,3699.2727272727275,1.0,0.7045454545454546,-0.09090909090909091,0.18181818181818182,0.045454545454545456,0.13636363636363635,1.0,0.0,0.0,2.0,3.0,0.0,0.0,2.0,1.0,0.0,0.0,2.0,0.0,6.0,0.0,12.0,6.0,0.0,0.0,0.0,0.0,0.0,0.0,0.0,0.0,0.0,0.0,0.0,0.0,0.0,0.0,0.0,0.0,0.0,0.0,0.0,0.0,0.0,0.0,0.0,0.0,0.0,0.0,-0.8027847149039055,77.99,0.1524390243902607,65.6,0.15267175572517555,65.53333333333335,0.057735026915095834,70.761316716491,-0.4701209444506338,-7.225055069212916,3.004070263066261,75.71545454545455,9.087353983310976,-0.45662100456620447,low
2009-12-01,65.4,27.0,0.6908407407407408,0.14814814814814814,54.111111111111114,4989.481481481482,3535.222222222222,1.0,0.6481481481481481,-0.037037037037037035,0.037037037037037035,0.0,0.037037037037037035,1.0,0.0,0.0,6.0,1.0,0.0,0.0,1.0,1.0,0.0,0.0,4.0,0.0,4.0,0.0,8.0,12.0,0.0,0.0,0.0,0.0,0.0,0.0,0.0,0.0,0.0,0.0,0.0,0.0,0.0,0.0,0.0,0.0,0.0,0.0,0.0,0.0,0.0,0.0,0.0,0.0,0.0,0.0,-0.6299627196645882,74.47,-0.45662100456620447,65.7,0.1524390243902607,65.60000000000001,0.09999999999783599,-21.52781337646723,-0.8027847149039055,70.761316716491,-4.513399153737652,77.99,3.004070263066261,-1.2232415902140858,low
2010-01-01,64.6,61.0,0.6057622950819672,0.13114754098360656,55.73770491803279,4083.1311475409834,2691.27868852459,0.9180327868852459,0.5409836065573771,-0.04918032786885246,0.04918032786885246,0.0,0.04918032786885246,1.0,0.0,0.0,2.0,0.0,0.0,1.0,1.0,0.0,0.0,0.0,2.0,0.0,3.0,1.0,16.0,41.0,0.0,0.0,0.0,0.0,0.0,0.0,0.0,0.0,0.0,0.0,0.0,0.0,0.0,0.0,0.0,0.0,0.0,0.0,0.0,0.0,0.0,0.0,0.0,0.0,0.0,0.0,-0.3299203296963833,78.32578947368421,-1.2232415902140858,65.4,-0.45662100456620447,65.56666666666668,0.1527525231637544,-47.628594613972844,-0.6299627196645882,-21.52781337646723,5.1776412967425856,74.47,-4.513399153737652,0.1547987616099311,high
2010-02-01,64.7,25.0,0.8176359999999999,0.08,46.56,6314.64,3684.84,1.0,0.58,0.0,0.0,0.0,0.0,1.0,0.0,1.0,6.0,1.0,0.0,0.0,6.0,0.0,0.0,0.0,2.0,0.0,4.0,0.0,9.0,6.0,0.0,0.0,0.0,0.0,0.0,0.0,0.0,0.0,0.0,0.0,0.0,0.0,0.0,0.0,0.0,0.0,0.0,0.0,0.0,0.0,0.0,0.0,0.0,0.0,0.0,0.0,-0.1658140225298908,76.38736842105263,0.1547987616099311,64.6,-1.2232415902140858,65.23333333333333,0.5686240703072994,-49.74119276539128,-0.3299203296963833,-47.628594613972844,-2.474818403564061,78.32578947368421,5.1776412967425856,0.0,medium
2010-03-01,64.7,30.0,0.3480566666666667,0.3,53.53333333333333,3951.1,3215.766666666667,0.9666666666666667,0.75,-0.03333333333333333,0.03333333333333333,0.0,0.03333333333333333,1.0,0.0,0.0,3.0,0.0,0.0,1.0,2.0,0.0,0.0,0.0,1.0,0.0,4.0,0.0,13.0,6.0,0.0,0.0,0.0,0.0,0.0,0.0,0.0,0.0,0.0,0.0,0.0,0.0,0.0,0.0,0.0,0.0,0.0,0.0,0.0,0.0,0.0,0.0,0.0,0.0,0.0,0.0,0.348442785292446,81.20347826086957,0.0,64.7,0.1547987616099311,64.89999999999999,0.43588989435343567,-310.140722706147,-0.1658140225298908,-49.74119276539128,6.304851102174647,76.38736842105263,-2.474818403564061,-0.15455950540959051,medium
2010-04-01,64.6,24.0,0.3866083333333334,0.2916666666666667,52.5,5264.416666666667,3632.8333333333335,1.0,0.6666666666666666,0.0,0.3333333333333333,0.08333333333333333,0.16666666666666666,1.0,2.0,0.0,5.0,1.0,0.0,0.0,2.0,0.0,2.0,0.0,1.0,0.0,5.0,1.0,11.0,7.0,0.0,0.0,0.0,0.0,0.0,0.0,0.0,0.0,0.0,0.0,0.0,0.0,0.0,0.0,0.0,0.0,0.0,0.0,0.0,0.0,0.0,0.0,0.0,0.0,0.0,0.0,0.2775608145954005,84.29285714285714,-0.15455950540959051,64.7,0.0,64.66666666666667,0.05773502691384799,-20.34249916741845,0.348442785292446,-310.140722706147,3.804490827428375,81.20347826086957,6.304851102174647,0.0,medium
2010-05-01,64.6,16.0,0.728675,0.125,50.125,4455.25,3372.0,1.0,0.6875,-0.125,0.125,0.0,0.125,1.0,0.0,0.0,5.0,2.0,0.0,1.0,3.0,1.0,0.0,0.0,1.0,0.0,4.0,0.0,7.0,5.0,0.0,0.0,0.0,0.0,0.0,0.0,0.0,0.0,0.0,0.0,0.0,0.0,0.0,0.0,0.0,0.0,0.0,0.0,0.0,0.0,0.0,0.0,0.0,0.0,0.0,0.0,0.42433952452689266,73.7435,0.0,64.6,-0.15455950540959051,64.66666666666667,0.05773502691384799,52.881639703158754,0.2775608145954005,-20.34249916741845,-12.515125836793494,84.29285714285714,3.804490827428375,-0.6191950464396134,low
2010-06-01,64.2,17.0,0.7747,0.058823529411764705,50.76470588235294,4167.117647058823,3349.0,0.9411764705882353,0.7352941176470589,0.11764705882352941,0.11764705882352941,0.058823529411764705,0.0,1.0,0.0,0.0,3.0,1.0,1.0,0.0,1.0,0.0,0.0,0.0,2.0,0.0,3.0,0.0,7.0,5.0,0.0,0.0,0.0,0.0,0.0,0.0,0.0,0.0,0.0,0.0,0.0,0.0,0.0,0.0,0.0,0.0,0.0,0.0,0.0,0.0,0.0,0.0,0.0,0.0,0.0,0.0,-0.03778830526175239,75.3359090909091,-0.6191950464396134,64.6,0.0,64.63333333333334,0.057735026913803895,-108.90520516651934,0.42433952452689266,52.881639703158754,2.1593890863724985,73.7435,-12.515125836793494,0.15576323987538387,high
2010-07-01,64.3,16.0,0.29711875,0.3125,48.6875,3781.125,2917.875,1.0,0.5625,-0.0625,0.1875,0.0625,0.125,1.0,0.0,1.0,6.0,0.0,0.0,0.0,3.0,0.0,0.0,1.0,0.0,1.0,1.0,0.0,2.0,6.0,0.0,0.0,0.0,0.0,0.0,0.0,0.0,0.0,0.0,0.0,0.0,0.0,0.0,0.0,0.0,0.0,0.0,0.0,0.0,0.0,0.0,0.0,0.0,0.0,0.0,0.0,-0.0493066885275916,76.31952380952382,0.15576323987538387,64.2,-0.6191950464396134,64.46666666666665,0.23094010767450115,30.48134386036516,-0.03778830526175239,-108.90520516651934,1.3056386130918973,75.3359090909091,2.1593890863724985,-0.7776049766718529,low
2010-08-01,63.8,18.0,0.8234833333333333,0.05555555555555555,47.0,5653.166666666667,3589.6666666666665,1.0,0.6944444444444444,0.0,0.1111111111111111,0.05555555555555555,0.05555555555555555,1.0,1.0,0.0,4.0,1.0,0.0,0.0,2.0,0.0,1.0,0.0,1.0,0.0,4.0,0.0,10.0,8.0,0.0,0.0,0.0,0.0,0.0,0.0,0.0,0.0,0.0,0.0,0.0,0.0,0.0,0.0,0.0,0.0,0.0,0.0,0.0,0.0,0.0,0.0,0.0,0.0,0.0,0.0,0.3059692141126942,76.59909090909092,-0.7776049766718529,64.3,0.15576323987538387,64.36666666666666,0.20816659994508113,-720.5430201248994,-0.0493066885275916,30.48134386036516,0.36631137828484484,76.31952380952382,1.3056386130918973,-0.470219435736674,low
2010-09-01,63.5,27.0,0.6652703703703703,0.14814814814814814,52.44444444444444,5181.148148148148,3711.185185185185,0.9629629629629629,0.6666666666666666,-0.037037037037037035,0.18518518518518517,0.07407407407407407,0.1111111111111111,1.0,1.0,1.0,6.0,2.0,0.0,0.0,7.0,2.0,1.0,1.0,1.0,0.0,6.0,0.0,10.0,10.0,0.0,0.0,0.0,0.0,0.0,0.0,0.0,0.0,0.0,0.0,0.0,0.0,0.0,0.0,0.0,0.0,0.0,0.0,0.0,0.0,0.0,0.0,0.0,0.0,0.0,0.0,0.3617990011416754,75.24190476190476,-0.470219435736674,63.8,-0.7776049766718529,64.10000000000001,0.26457513110518605,18.246864211775925,0.3059692141126942,-720.5430201248994,-1.771804509790964,76.59909090909092,0.36631137828484484,-0.47244094488188004,low
2010-10-01,63.2,21.0,0.8398714285714286,0.047619047619047616,54.23809523809524,7242.714285714285,3609.6666666666665,1.0,0.5476190476190477,-0.047619047619047616,0.047619047619047616,0.0,0.047619047619047616,1.0,0.0,0.0,3.0,0.0,0.0,0.0,2.0,0.0,0.0,0.0,1.0,2.0,7.0,0.0,10.0,4.0,0.0,0.0,0.0,0.0,0.0,0.0,0.0,0.0,0.0,0.0,0.0,0.0,0.0,0.0,0.0,0.0,0.0,0.0,0.0,0.0,0.0,0.0,0.0,0.0,0.0,0.0,0.6761663868224044,81.89285714285714,-0.47244094488188004,63.5,-0.470219435736674,63.866666666666674,0.40414518843186165,86.8900645631211,0.3617990011416754,18.246864211775925,8.839425851855598,75.24190476190476,-1.771804509790964,-1.5822784810126556,low
2010-11-01,62.2,21.0,0.2577333333333333,0.38095238095238093,61.23809523809524,5314.0952380952385,4180.047619047619,1.0,0.6904761904761905,0.14285714285714285,0.14285714285714285,0.047619047619047616,0.0,1.0,1.0,0.0,4.0,3.0,0.0,0.0,1.0,1.0,1.0,0.0,3.0,4.0,4.0,0.0,10.0,5.0,0.0,0.0,0.0,0.0,0.0,0.0,0.0,0.0,0.0,0.0,0.0,0.0,0.0,0.0,0.0,0.0,0.0,0.0,0.0,0.0,0.0,0.0,0.0,0.0,0.0,0.0,0.4391064294986924,84.25285714285714,-1.5822784810126556,63.2,-0.47244094488188004,63.5,0.2999999999987305,-35.059411698614355,0.6761663868224044,86.8900645631211,2.881814217182721,81.89285714285714,8.839425851855598,-0.4823151125401992,low
2010-12-01,61.9,24.0,0.7604541666666668,0.125,59.583333333333336,6681.416666666667,4112.875,1.0,0.4583333333333333,0.16666666666666666,0.16666666666666666,0.08333333333333333,0.0,1.0,1.0,0.0,4.0,1.0,1.0,0.0,0.0,0.0,1.0,0.0,2.0,0.0,4.0,3.0,7.0,7.0,0.0,0.0,0.0,0.0,0.0,0.0,0.0,0.0,0.0,0.0,0.0,0.0,0.0,0.0,0.0,0.0,0.0,0.0,0.0,0.0,0.0,0.0,0.0,0.0,0.0,0.0,0.6918534937138612,89.14590909090909,-0.4823151125401992,62.2,-1.5822784810126556,62.96666666666667,0.6806859285547854,57.55940866174938,0.4391064294986924,-35.059411698614355,5.807579842373056,84.25285714285714,2.881814217182721,0.0,medium
2011-01-01,61.9,68.0,0.5098661764705883,0.10294117647058823,55.838235294117645,4304.411764705882,2794.25,0.75,0.5294117647058824,0.04411764705882353,0.04411764705882353,0.029411764705882353,0.0,1.0,2.0,0.0,9.0,5.0,0.0,0.0,3.0,2.0,2.0,0.0,3.0,1.0,5.0,4.0,21.0,29.0,0.0,0.0,0.0,0.0,0.0,0.0,0.0,0.0,0.0,0.0,0.0,0.0,0.0,0.0,0.0,0.0,0.0,0.0,0.0,0.0,0.0,0.0,0.0,0.0,0.0,0.0,0.7550203584910098,89.1705,0.0,61.9,-0.4823151125401992,62.43333333333334,0.6806859285547318,9.130092620920305,0.6918534937138612,57.55940866174938,0.02758501129405122,89.14590909090909,5.807579842373056,0.4846526655896577,high
2011-02-01,62.2,16.0,0.91461875,0.0,63.6875,4767.125,3916.1875,1.0,0.75,0.0,0.0,0.0,0.0,1.0,0.0,1.0,6.0,0.0,0.0,0.0,8.0,0.0,0.0,0.0,0.0,3.0,1.0,2.0,9.0,3.0,0.0,0.0,0.0,0.0,0.0,0.0,0.0,0.0,0.0,0.0,0.0,0.0,0.0,0.0,0.0,0.0,0.0,0.0,0.0,0.0,0.0,0.0,0.0,0.0,0.0,0.0,0.3535242854994986,88.57842105263158,0.4846526655896577,61.9,0.0,62.0,0.17320508075405694,-53.1768539054953,0.7550203584910098,9.130092620920305,-0.6639852275903135,89.1705,0.02758501129405122,-0.1607717041800627,medium
2011-03-01,62.1,27.0,0.2634814814814815,0.37037037037037035,55.851851851851855,4856.2962962962965,3860.3333333333335,1.0,0.7222222222222222,0.3333333333333333,0.48148148148148145,0.18518518518518517,0.07407407407407407,1.0,4.0,2.0,8.0,7.0,0.0,0.0,6.0,4.0,4.0,1.0,5.0,2.0,5.0,3.0,10.0,12.0,0.0,0.0,0.0,0.0,0.0,0.0,0.0,0.0,0.0,0.0,0.0,0.0,0.0,0.0,0.0,0.0,0.0,0.0,0.0,0.0,0.0,0.0,0.0,0.0,0.0,0.0,0.735448644082973,102.85652173913043,-0.1607717041800627,62.2,0.4846526655896577,62.0,0.17320508075405694,108.03341502942266,0.3535242854994986,-53.1768539054953,16.119163693395567,88.57842105263158,-0.6639852275903135,-0.16103059581320522,medium
2011-04-01,62.0,36.0,0.5609833333333333,0.2222222222222222,58.27777777777778,5076.055555555556,3642.8611111111113,1.0,0.5972222222222222,0.16666666666666666,0.2222222222222222,0.1111111111111111,0.027777777777777776,1.0,4.0,0.0,5.0,8.0,0.0,0.0,8.0,3.0,4.0,0.0,1.0,0.0,5.0,0.0,12.0,12.0,0.0,0.0,0.0,0.0,0.0,0.0,0.0,0.0,0.0,0.0,0.0,0.0,0.0,0.0,0.0,0.0,0.0,0.0,0.0,0.0,0.0,0.0,0.0,0.0,0.0,0.0,1.6020279868218446,109.5325,-0.16103059581320522,62.1,-0.1607717041800627,62.06666666666666,0.1527525231620166,117.83002793069323,0.735448644082973,108.03341502942266,6.490573614574968,102.85652173913043,16.119163693395567,0.0,medium
2011-05-01,62.0,29.0,0.7469137931034482,0.10344827586206896,56.689655172413794,5239.586206896552,3908.6206896551726,1.0,0.603448275862069,0.13793103448275862,0.20689655172413793,0.10344827586206896,0.034482758620689655,1.0,2.0,0.0,5.0,2.0,1.0,0.0,2.0,2.0,2.0,0.0,5.0,1.0,4.0,3.0,8.0,9.0,0.0,0.0,0.0,0.0,0.0,0.0,0.0,0.0,0.0,0.0,0.0,0.0,0.0,0.0,0.0,0.0,0.0,0.0,0.0,0.0,0.0,0.0,0.0,0.0,0.0,0.0,0.9279741882914135,100.90047619047618,0.0,62.0,-0.16103059581320522,62.1,0.09999999999516841,-42.07503265081161,1.6020279868218446,117.83002793069323,-7.88078772010482,109.5325,6.490573614574968,0.1612903225806539,high
2011-06-01,62.1,23.0,0.474295652173913,0.21739130434782608,53.47826086956522,4186.304347826087,3430.0434782608695,1.0,0.717391304347826,0.043478260869565216,0.391304347826087,0.17391304347826086,0.08695652173913043,1.0,2.0,0.0,9.0,0.0,0.0,0.0,1.0,0.0,2.0,0.0,2.0,1.0,6.0,1.0,11.0,16.0,0.0,0.0,0.0,0.0,0.0,0.0,0.0,0.0,0.0,0.0,0.0,0.0,0.0,0.0,0.0,0.0,0.0,0.0,0.0,0.0,0.0,0.0,0.0,0.0,0.0,0.0,0.20404829001644442,96.26409090909091,0.1612903225806539,62.0,0.0,62.03333333333333,0.057735026910521604,-78.01142611604982,0.9279741882914135,-42.07503265081161,-4.595008325464067,100.90047619047618,-7.88078772010482,-0.48309178743961567,low
2011-07-01,61.8,29.0,0.6535793103448276,0.13793103448275862,55.03448275862069,4098.6551724137935,3523.0,1.0,0.6724137931034483,-0.1724137931034483,0.1724137931034483,0.0,0.13793103448275862,1.0,0.0,0.0,4.0,4.0,0.0,0.0,8.0,1.0,0.0,0.0,3.0,1.0,4.0,2.0,11.0,16.0,0.0,0.0,0.0,0.0,0.0,0.0,0.0,0.0,0.0,0.0,0.0,0.0,0.0,0.0,0.0,0.0,0.0,0.0,0.0,0.0,0.0,0.0,0.0,0.0,0.0,0.0,0.2829712650129384,97.3035,-0.48309178743961567,62.1,0.1612903225806539,62.03333333333334,0.057735026910521604,38.67857701239912,0.20404829001644442,-78.01142611604982,1.0797474749859592,96.26409090909091,-4.595008325464067,-0.3236245954692518,low
2011-08-01,61.6,25.0,0.69086,0.16,53.72,4468.32,4000.72,1.0,0.54,-0.08,0.24,0.04,0.12,1.0,0.0,1.0,3.0,1.0,0.0,0.0,4.0,0.0,0.0,1.0,1.0,0.0,3.0,0.0,6.0,11.0,0.0,0.0,0.0,0.0,0.0,0.0,0.0,0.0,0.0,0.0,0.0,0.0,0.0,0.0,0.0,0.0,0.0,0.0,0.0,0.0,0.0,0.0,0.0,0.0,0.0,0.0,-0.10535316780778568,86.33304347826088,-0.3236245954692518,61.8,-0.48309178743961567,61.96666666666667,0.1527525231619796,-137.23104810764747,0.2829712650129384,38.67857701239912,-11.27447267748758,97.3035,1.0797474749859592,-1.1363636363636465,low
2011-09-01,60.9,30.0,0.60567,0.2,56.266666666666666,4867.2,3570.633333333333,1.0,0.65,-0.06666666666666667,0.06666666666666667,0.0,0.06666666666666667,1.0,0.0,0.0,4.0,1.0,0.0,0.0,9.0,0.0,0.0,0.0,1.0,0.0,5.0,1.0,11.0,9.0,0.0,0.0,0.0,0.0,0.0,0.0,0.0,0.0,0.0,0.0,0.0,0.0,0.0,0.0,0.0,0.0,0.0,0.0,0.0,0.0,0.0,0.0,0.0,0.0,0.0,0.0,-0.5494853479001379,85.51523809523809,-1.1363636363636465,61.6,-0.3236245954692518,61.833333333333336,0.2516611478403738,421.5650932325649,-0.10535316780778568,-137.23104810764747,-0.9472681027730911,86.33304347826088,-11.27447267748758,0.3284072249589487,high
2011-10-01,61.1,44.0,0.5818772727272727,0.18181818181818182,50.95454545454545,5811.75,3986.840909090909,1.0,0.6704545454545454,-0.06818181818181818,0.20454545454545456,0.06818181818181818,0.09090909090909091,1.0,2.0,0.0,12.0,6.0,1.0,0.0,5.0,4.0,2.0,0.0,5.0,2.0,7.0,4.0,19.0,18.0,0.0,0.0,0.0,0.0,0.0,0.0,0.0,0.0,0.0,0.0,0.0,0.0,0.0,0.0,0.0,0.0,0.0,0.0,0.0,0.0,0.0,0.0,0.0,0.0,0.0,0.0,-0.3848195774574865,86.32238095238095,0.3284072249589487,60.9,-1.1363636363636465,61.43333333333334,0.4725815626241537,-29.96727229796441,-0.5494853479001379,421.5650932325649,0.9438585158868973,85.51523809523809,-0.9472681027730911,-0.6546644844517169,low
2011-11-01,60.7,42.0,0.6768357142857143,0.16666666666666666,58.333333333333336,4589.547619047619,4031.0714285714284,0.9761904761904762,0.7023809523809523,-0.09523809523809523,0.19047619047619047,0.023809523809523808,0.11904761904761904,1.0,2.0,0.0,9.0,1.0,0.0,0.0,2.0,1.0,2.0,0.0,4.0,1.0,8.0,2.0,19.0,25.0,0.0,0.0,0.0,0.0,0.0,0.0,0.0,0.0,0.0,0.0,0.0,0.0,0.0,0.0,0.0,0.0,0.0,0.0,0.0,0.0,0.0,0.0,0.0,0.0,0.0,0.0,0.1406098066349976,97.16047619047619,-0.6546644844517169,61.1,0.3284072249589487,61.199999999999996,0.36055512754491204,-136.53915103904288,-0.3848195774574865,-29.96727229796441,12.555371061965936,86.32238095238095,0.9438585158868973,-0.8237232289950547,low
2011-12-01,60.2,25.0,0.694264,0.16,54.4,5738.68,3500.28,1.0,0.74,-0.28,0.36,0.04,0.16,1.0,1.0,0.0,2.0,1.0,0.0,0.0,3.0,1.0,1.0,0.0,2.0,2.0,4.0,1.0,8.0,7.0,0.0,0.0,0.0,0.0,0.0,0.0,0.0,0.0,0.0,0.0,0.0,0.0,0.0,0.0,0.0,0.0,0.0,0.0,0.0,0.0,0.0,0.0,0.0,0.0,0.0,0.0,-0.04795576805306915,98.56285714285715,-0.8237232289950547,60.7,-0.6546644844517169,60.900000000000006,0.19999999999722956,-134.1055643277821,0.1406098066349976,-136.53915103904288,1.4433656640707504,97.16047619047619,12.555371061965936,-0.830564784053156,low
2012-01-01,59.7,61.0,0.7244836065573771,0.11475409836065574,57.73770491803279,5247.360655737705,3701.4754098360654,0.9672131147540983,0.6229508196721312,0.08196721311475409,0.08196721311475409,0.01639344262295082,0.0,1.0,1.0,1.0,10.0,4.0,0.0,0.0,5.0,2.0,1.0,1.0,4.0,0.0,7.0,2.0,18.0,32.0,0.0,0.0,0.0,0.0,0.0,0.0,0.0,0.0,0.0,0.0,0.0,0.0,0.0,0.0,0.0,0.0,0.0,0.0,0.0,0.0,0.0,0.0,0.0,0.0,0.0,0.0,0.37725304557599043,100.2735,-0.830564784053156,60.2,-0.8237232289950547,60.666666666666664,0.45092497528103365,-886.668759341967,-0.04795576805306915,-134.1055643277821,1.735585703104614,98.56285714285715,1.4433656640707504,0.16750418760467234,high
2012-02-01,59.8,33.0,0.5519151515151516,0.21212121212121213,55.484848484848484,5159.484848484848,4072.787878787879,1.0,0.6363636363636364,-0.030303030303030304,0.21212121212121213,0.06060606060606061,0.09090909090909091,1.0,0.0,0.0,9.0,4.0,2.0,0.0,4.0,2.0,0.0,0.0,3.0,0.0,3.0,0.0,13.0,16.0,0.0,0.0,0.0,0.0,0.0,0.0,0.0,0.0,0.0,0.0,0.0,0.0,0.0,0.0,0.0,0.0,0.0,0.0,0.0,0.0,0.0,0.0,0.0,0.0,0.0,0.0,0.004139184809393481,102.204,0.16750418760467234,59.7,-0.830564784053156,60.20000000000001,0.4999999999988208,-98.90280943840392,0.37725304557599043,-886.668759341967,1.9252344836871105,100.2735,1.735585703104614,-0.16722408026754731,medium
2012-03-01,59.7,21.0,0.9767190476190476,0.0,51.61904761904762,6018.333333333333,4329.857142857143,1.0,0.47619047619047616,0.0,0.0,0.0,0.0,1.0,0.0,0.0,3.0,1.0,0.0,0.0,2.0,1.0,0.0,0.0,1.0,0.0,4.0,0.0,9.0,7.0,0.0,0.0,0.0,0.0,0.0,0.0,0.0,0.0,0.0,0.0,0.0,0.0,0.0,0.0,0.0,0.0,0.0,0.0,0.0,0.0,0.0,0.0,0.0,0.0,0.0,0.0,-0.3738068241551226,106.15772727272729,-0.16722408026754731,59.8,0.16750418760467234,59.9,0.26457513110416886,-9130.928585425905,0.004139184809393481,-98.90280943840392,3.8684662760041677,102.204,1.9252344836871105,0.16750418760467234,high
2012-04-01,59.8,19.0,0.46145789473684207,0.2631578947368421,51.73684210526316,6635.526315789473,4233.789473684211,1.0,0.6052631578947368,-0.15789473684210525,0.15789473684210525,0.0,0.15789473684210525,1.0,0.0,0.0,1.0,2.0,0.0,2.0,2.0,2.0,0.0,0.0,0.0,0.0,5.0,1.0,9.0,4.0,0.0,0.0,0.0,0.0,0.0,0.0,0.0,0.0,0.0,0.0,0.0,0.0,0.0,0.0,0.0,0.0,0.0,0.0,0.0,0.0,0.0,0.0,0.0,0.0,0.0,0.0,-0.3267565889870631,103.321,0.16750418760467234,59.7,-0.16722408026754731,59.73333333333334,0.057735026908295684,-12.586778016801148,-0.3738068241551226,-9130.928585425905,-2.672181616548286,106.15772727272729,3.8684662760041677,0.33444816053511683,high
2012-05-01,60.0,29.0,0.9154448275862068,0.034482758620689655,56.89655172413793,6671.620689655172,4032.4137931034484,1.0,0.5172413793103449,-0.034482758620689655,0.10344827586206896,0.034482758620689655,0.06896551724137931,1.0,1.0,0.0,3.0,0.0,0.0,0.0,1.0,0.0,1.0,0.0,1.0,1.0,6.0,1.0,20.0,4.0,0.0,0.0,0.0,0.0,0.0,0.0,0.0,0.0,0.0,0.0,0.0,0.0,0.0,0.0,0.0,0.0,0.0,0.0,0.0,0.0,0.0,0.0,0.0,0.0,0.0,0.0,-0.6778416900837932,94.65454545454546,0.33444816053511683,59.8,0.16750418760467234,59.76666666666666,0.05773502690832748,107.44545417893016,-0.3267565889870631,-12.586778016801148,-8.387892631173276,103.321,-2.672181616548286,-0.5000000000000004,low
2012-06-01,59.7,25.0,0.676048,0.16,52.8,5511.0,3751.28,0.96,0.66,-0.04,0.04,0.0,0.04,1.0,0.0,0.0,6.0,2.0,0.0,0.0,2.0,2.0,0.0,0.0,3.0,1.0,8.0,2.0,14.0,6.0,0.0,0.0,0.0,0.0,0.0,0.0,0.0,0.0,0.0,0.0,0.0,0.0,0.0,0.0,0.0,0.0,0.0,0.0,0.0,0.0,0.0,0.0,0.0,0.0,0.0,0.0,-0.7051649616031669,82.30333333333333,-0.5000000000000004,60.0,0.33444816053511683,59.833333333333336,0.15275252316120125,4.030922252066849,-0.6778416900837932,107.44545417893016,-13.048725829171481,94.65454545454546,-8.387892631173276,-0.16750418760469454,medium
2012-07-01,59.6,21.0,0.5744095238095238,0.23809523809523808,61.476190476190474,4945.047619047619,4166.142857142857,1.0,0.5476190476190477,0.0,0.2857142857142857,0.09523809523809523,0.09523809523809523,1.0,0.0,1.0,3.0,4.0,1.0,0.0,3.0,2.0,0.0,1.0,2.0,0.0,4.0,3.0,10.0,5.0,0.0,0.0,0.0,0.0,0.0,0.0,0.0,0.0,0.0,0.0,0.0,0.0,0.0,0.0,0.0,0.0,0.0,0.0,0.0,0.0,0.0,0.0,0.0,0.0,0.0,0.0,-0.6827498027716755,87.8952380952381,-0.16750418760469454,59.7,-0.5000000000000004,59.833333333333336,0.15275252316120125,-3.1787113728015237,-0.7051649616031669,4.030922252066849,6.794262802524931,82.30333333333333,-13.048725829171481,-0.3355704697986628,low
2012-08-01,59.4,19.0,0.7385947368421053,0.10526315789473684,62.473684210526315,4912.894736842105,4018.4210526315787,1.0,0.6052631578947368,0.05263157894736842,0.05263157894736842,0.05263157894736842,0.0,1.0,0.0,1.0,0.0,3.0,0.0,0.0,0.0,2.0,0.0,0.0,3.0,0.0,1.0,3.0,5.0,11.0,0.0,0.0,0.0,0.0,0.0,0.0,0.0,0.0,0.0,0.0,0.0,0.0,0.0,0.0,0.0,0.0,0.0,0.0,0.0,0.0,0.0,0.0,0.0,0.0,0.0,0.0,-0.1428036607029856,94.13130434782609,-0.3355704697986628,59.6,-0.16750418760469454,59.76666666666667,0.20816659994366124,-79.0840421889156,-0.6827498027716755,-3.1787113728015237,7.094885215318447,87.8952380952381,6.794262802524931,-0.16835016835017313,medium
2012-09-01,59.3,20.0,0.864395,0.05,61.45,5885.55,4612.25,1.0,0.75,0.05,0.05,0.05,0.0,1.0,0.0,0.0,4.0,2.0,1.0,0.0,3.0,2.0,0.0,0.0,2.0,1.0,5.0,2.0,12.0,3.0,0.0,0.0,0.0,0.0,0.0,0.0,0.0,0.0,0.0,0.0,0.0,0.0,0.0,0.0,0.0,0.0,0.0,0.0,0.0,0.0,0.0,0.0,0.0,0.0,0.0,0.0,-0.2621052775010136,94.51368421052632,-0.16835016835017313,59.4,-0.3355704697986628,59.56666666666667,0.15275252316108592,83.54240795420571,-0.1428036607029856,-79.0840421889156,0.40621965811427074,94.13130434782609,7.094885215318447,0.0,medium
2012-10-01,59.3,32.0,0.7450625,0.125,61.1875,5265.0,4366.625,1.0,0.78125,-0.09375,0.15625,0.03125,0.09375,1.0,0.0,0.0,7.0,2.0,0.0,0.0,5.0,1.0,0.0,0.0,5.0,3.0,6.0,3.0,14.0,15.0,0.0,0.0,0.0,0.0,0.0,0.0,0.0,0.0,0.0,0.0,0.0,0.0,0.0,0.0,0.0,0.0,0.0,0.0,0.0,0.0,0.0,0.0,0.0,0.0,0.0,0.0,-0.011849327677514322,89.4913043478261,0.0,59.3,-0.16835016835017313,59.43333333333333,0.1527525231610247,-95.47917241862156,-0.2621052775010136,83.54240795420571,-5.313918195711242,94.51368421052632,0.40621965811427074,-0.3372681281618828,low
2012-11-01,59.1,26.0,0.4878846153846154,0.2692307692307692,49.11538461538461,6098.653846153846,3838.6923076923076,0.9615384615384616,0.6538461538461539,0.038461538461538464,0.11538461538461539,0.07692307692307693,0.038461538461538464,1.0,0.0,0.0,6.0,0.0,1.0,0.0,0.0,0.0,0.0,0.0,3.0,1.0,5.0,1.0,14.0,5.0,0.0,0.0,0.0,0.0,0.0,0.0,0.0,0.0,0.0,0.0,0.0,0.0,0.0,0.0,0.0,0.0,0.0,0.0,0.0,0.0,0.0,0.0,0.0,0.0,0.0,0.0,-0.3594243725495208,86.53142857142858,-0.3372681281618828,59.3,0.0,59.333333333333336,0.05773502690780802,2933.2891648492127,-0.011849327677514322,-95.47917241862156,-3.307445117676877,89.4913043478261,-5.313918195711242,-0.5076142131979822,low
2012-12-01,58.8,18.0,0.9014111111111112,0.05555555555555555,58.55555555555556,5771.166666666667,3984.222222222222,1.0,0.5555555555555556,0.0,0.0,0.0,0.0,1.0,0.0,0.0,5.0,0.0,0.0,0.0,1.0,0.0,0.0,0.0,0.0,0.0,4.0,0.0,8.0,5.0,0.0,0.0,0.0,0.0,0.0,0.0,0.0,0.0,0.0,0.0,0.0,0.0,0.0,0.0,0.0,0.0,0.0,0.0,0.0,0.0,0.0,0.0,0.0,0.0,0.0,0.0,-0.1540999739196837,87.8595,-0.5076142131979822,59.1,-0.3372681281618828,59.23333333333333,0.11547005383228398,-57.12589749365089,-0.3594243725495208,2933.2891648492127,1.53478504919764,86.53142857142858,-3.307445117676877,0.1700680272108901,high
2013-01-01,58.9,59.0,0.7854254237288135,0.0847457627118644,59.152542372881356,5110.542372881356,3933.135593220339,0.9830508474576272,0.6271186440677966,-0.03389830508474576,0.03389830508474576,0.0,0.03389830508474576,1.0,0.0,0.0,10.0,3.0,0.0,0.0,2.0,1.0,0.0,0.0,6.0,0.0,6.0,1.0,23.0,35.0,0.0,0.0,0.0,0.0,0.0,0.0,0.0,0.0,0.0,0.0,0.0,0.0,0.0,0.0,0.0,0.0,0.0,0.0,0.0,0.0,0.0,0.0,0.0,0.0,0.0,0.0,-0.06199673022365473,94.75666666666667,0.1700680272108901,58.8,-0.5076142131979822,59.06666666666666,0.25166114783972643,-59.768500508658626,-0.1540999739196837,-57.12589749365089,7.850222988597344,87.8595,1.53478504919764,0.0,medium
2013-02-01,58.9,26.0,0.3204730769230769,0.34615384615384615,57.34615384615385,8612.23076923077,4207.2307692307695,1.0,0.6730769230769231,0.038461538461538464,0.11538461538461539,0.038461538461538464,0.038461538461538464,1.0,1.0,0.0,4.0,2.0,0.0,0.0,3.0,1.0,1.0,0.0,2.0,3.0,7.0,2.0,12.0,5.0,0.0,0.0,0.0,0.0,0.0,0.0,0.0,0.0,0.0,0.0,0.0,0.0,0.0,0.0,0.0,0.0,0.0,0.0,0.0,0.0,0.0,0.0,0.0,0.0,0.0,0.0,-0.38210906657485194,95.30894736842104,0.0,58.9,0.1700680272108901,58.93333333333333,0.1527525231608014,516.3374506951965,-0.06199673022365473,-59.768500508658626,0.5828409980874305,94.75666666666667,7.850222988597344,-0.3395585738539819,low
2013-03-01,58.7,32.0,0.7789,0.09375,56.6875,7971.65625,3540.84375,0.96875,0.59375,0.125,0.125,0.09375,0.0,1.0,1.0,1.0,8.0,0.0,0.0,0.0,4.0,0.0,1.0,1.0,4.0,0.0,5.0,0.0,15.0,8.0,0.0,0.0,0.0,0.0,0.0,0.0,0.0,0.0,0.0,0.0,0.0,0.0,0.0,0.0,0.0,0.0,0.0,0.0,0.0,0.0,0.0,0.0,0.0,0.0,0.0,0.0,-0.5510137650051598,92.9385,-0.3395585738539819,58.9,0.0,58.86666666666667,0.05773502690725674,44.203268963056864,-0.38210906657485194,516.3374506951965,-2.4871194508716665,95.30894736842104,0.5828409980874305,0.6814310051107331,high
2013-04-01,59.1,19.0,0.9184263157894736,0.0,55.68421052631579,5551.684210526316,4066.4210526315787,1.0,0.631578947368421,0.21052631578947367,0.21052631578947367,0.10526315789473684,0.0,1.0,2.0,0.0,5.0,3.0,0.0,0.0,1.0,2.0,2.0,0.0,4.0,0.0,3.0,0.0,7.0,7.0,0.0,0.0,0.0,0.0,0.0,0.0,0.0,0.0,0.0,0.0,0.0,0.0,0.0,0.0,0.0,0.0,0.0,0.0,0.0,0.0,0.0,0.0,0.0,0.0,0.0,0.0,-0.7364778934154711,92.02136363636363,0.6814310051107331,58.7,-0.3395585738539819,58.833333333333336,0.11547005383204885,33.65871057841443,-0.5510137650051598,44.203268963056864,-0.9868207079266167,92.9385,-2.4871194508716665,0.50761421319796,high
2013-05-01,59.4,29.0,0.7743206896551724,0.10344827586206896,60.44827586206897,6014.068965517241,4432.758620689655,1.0,0.5344827586206896,0.13793103448275862,0.27586206896551724,0.10344827586206896,0.06896551724137931,1.0,1.0,0.0,4.0,1.0,2.0,0.0,1.0,1.0,1.0,0.0,2.0,1.0,4.0,1.0,16.0,7.0,0.0,0.0,0.0,0.0,0.0,0.0,0.0,0.0,0.0,0.0,0.0,0.0,0.0,0.0,0.0,0.0,0.0,0.0,0.0,0.0,0.0,0.0,0.0,0.0,0.0,0.0,-0.8693261227000599,94.50954545454546,0.50761421319796,59.1,0.6814310051107331,58.9,0.19999999999663406,18.038318661337584,-0.7364778934154711,33.65871057841443,2.7039175685488193,92.02136363636363,-0.9868207079266167,0.0,medium
2013-06-01,59.4,31.0,0.39553225806451614,0.3225806451612903,60.774193548387096,6441.193548387097,4222.096774193548,1.0,0.5645161290322581,-0.03225806451612903,0.0967741935483871,0.03225806451612903,0.06451612903225806,1.0,1.0,0.0,5.0,1.0,0.0,0.0,2.0,1.0,0.0,0.0,2.0,0.0,11.0,0.0,17.0,5.0,0.0,0.0,0.0,0.0,0.0,0.0,0.0,0.0,0.0,0.0,0.0,0.0,0.0,0.0,0.0,0.0,0.0,0.0,0.0,0.0,0.0,0.0,0.0,0.0,0.0,0.0,-0.6753196893014602,95.77250000000001,0.0,59.4,0.50761421319796,59.06666666666666,0.35118845842654484,-22.316876064419954,-0.8693261227000599,18.038318661337584,1.3363248541513384,94.50954545454546,2.7039175685488193,0.16835016835017313,high
2013-07-01,59.5,31.0,0.48750645161290324,0.25806451612903225,59.41935483870968,4926.064516129032,4043.1290322580644,1.0,0.6935483870967742,-0.06451612903225806,0.06451612903225806,0.0,0.06451612903225806,1.0,0.0,1.0,5.0,4.0,0.0,0.0,7.0,0.0,0.0,0.0,1.0,2.0,10.0,0.0,19.0,6.0,0.0,0.0,0.0,0.0,0.0,0.0,0.0,0.0,0.0,0.0,0.0,0.0,0.0,0.0,0.0,0.0,0.0,0.0,0.0,0.0,0.0,0.0,0.0,0.0,0.0,0.0,-0.6621012392442007,104.67090909090908,0.16835016835017313,59.4,0.0,59.300000000000004,0.1732050807531924,-1.957361863820739,-0.6753196893014602,-22.316876064419954,9.29119433126322,95.77250000000001,1.3363248541513384,-0.1680672268907557,medium
2013-08-01,59.4,25.0,0.602732,0.2,56.76,7708.92,4199.08,1.0,0.62,-0.12,0.2,0.04,0.12,1.0,0.0,0.0,7.0,0.0,0.0,0.0,4.0,0.0,0.0,0.0,6.0,0.0,3.0,1.0,9.0,6.0,0.0,0.0,0.0,0.0,0.0,0.0,0.0,0.0,0.0,0.0,0.0,0.0,0.0,0.0,0.0,0.0,0.0,0.0,0.0,0.0,0.0,0.0,0.0,0.0,0.0,0.0,-0.5803426404065385,106.57272727272726,-0.1680672268907557,59.5,0.16835016835017313,59.43333333333334,0.05773502690809156,-12.348353090381014,-0.6621012392442007,-1.957361863820739,1.816950094669001,104.67090909090908,9.29119433126322,-0.33670033670032407,low
2013-09-01,59.2,26.0,0.5939076923076922,0.19230769230769232,63.42307692307692,6838.692307692308,3815.076923076923,0.9615384615384616,0.5576923076923077,0.038461538461538464,0.19230769230769232,0.038461538461538464,0.07692307692307693,1.0,1.0,0.0,6.0,2.0,0.0,0.0,2.0,1.0,1.0,0.0,3.0,0.0,7.0,2.0,16.0,8.0,0.0,0.0,0.0,0.0,0.0,0.0,0.0,0.0,0.0,0.0,0.0,0.0,0.0,0.0,0.0,0.0,0.0,0.0,0.0,0.0,0.0,0.0,0.0,0.0,0.0,0.0,-0.29063121108358514,106.2895,-0.33670033670032407,59.4,-0.1680672268907557,59.43333333333334,0.05773502690809156,-49.920755283466036,-0.5803426404065385,-12.348353090381014,-0.2657596178452515,106.57272727272726,1.816950094669001,0.16891891891890332,high
2013-10-01,59.3,44.0,0.583125,0.20454545454545456,63.75,9570.84090909091,4616.522727272727,1.0,0.5681818181818182,-0.045454545454545456,0.09090909090909091,0.022727272727272728,0.06818181818181818,1.0,0.0,2.0,10.0,5.0,0.0,1.0,3.0,3.0,0.0,0.0,3.0,2.0,3.0,7.0,21.0,12.0,0.0,0.0,0.0,0.0,0.0,0.0,0.0,0.0,0.0,0.0,0.0,0.0,0.0,0.0,0.0,0.0,0.0,0.0,0.0,0.0,0.0,0.0,0.0,0.0,0.0,0.0,-0.19672623740252163,100.53826086956522,0.16891891891890332,59.2,-0.33670033670032407,59.36666666666667,0.15275252316104598,-32.3106982663526,-0.29063121108358514,-49.920755283466036,-5.410919357448085,106.2895,-0.2657596178452515,0.1686340640809414,high
2013-11-01,59.4,25.0,0.447376,0.28,58.8,5674.72,4359.48,1.0,0.58,0.0,0.08,0.04,0.04,1.0,1.0,0.0,5.0,1.0,0.0,0.0,2.0,0.0,0.0,0.0,3.0,0.0,4.0,2.0,13.0,9.0,0.0,0.0,0.0,0.0,0.0,0.0,0.0,0.0,0.0,0.0,0.0,0.0,0.0,0.0,0.0,0.0,0.0,0.0,0.0,0.0,0.0,0.0,0.0,0.0,0.0,0.0,-0.7033930461747626,93.864,0.1686340640809414,59.3,0.16891891891890332,59.29999999999999,0.09999999999360525,257.5491787277718,-0.19672623740252163,-32.3106982663526,-6.6385282695750725,100.53826086956522,-5.410919357448085,0.0,medium
2013-12-01,59.4,32.0,0.730815625,0.09375,59.71875,7498.125,4061.8125,0.96875,0.53125,0.03125,0.09375,0.0625,0.03125,1.0,1.0,0.0,6.0,2.0,0.0,0.0,2.0,2.0,1.0,0.0,0.0,1.0,9.0,1.0,22.0,7.0,0.0,0.0,0.0,0.0,0.0,0.0,0.0,0.0,0.0,0.0,0.0,0.0,0.0,0.0,0.0,0.0,0.0,0.0,0.0,0.0,0.0,0.0,0.0,0.0,0.0,0.0,-0.5034720025765219,97.6252380952381,0.0,59.4,0.1686340640809414,59.300000000000004,0.09999999999360525,-28.422379875016425,-0.7033930461747626,257.5491787277718,4.007114650172694,93.864,-6.6385282695750725,-0.8417508417508435,low
2014-01-01,58.9,66.0,0.7097757575757575,0.09090909090909091,58.27272727272727,4831.257575757576,3687.121212121212,0.9696969696969697,0.5909090909090909,-0.015151515151515152,0.045454545454545456,0.015151515151515152,0.030303030303030304,1.0,0.0,0.0,11.0,4.0,0.0,1.0,2.0,2.0,0.0,0.0,4.0,0.0,7.0,1.0,19.0,47.0,0.0,0.0,0.0,0.0,0.0,0.0,0.0,0.0,0.0,0.0,0.0,0.0,0.0,0.0,0.0,0.0,0.0,0.0,0.0,0.0,0.0,0.0,0.0,0.0,0.0,0.0,-0.6480432643621534,94.61714285714285,-0.8417508417508435,59.4,0.0,59.36666666666667,0.05773502690799412,28.71485624737562,-0.5034720025765219,-28.422379875016425,-3.0812680171501405,97.6252380952381,4.007114650172694,-0.1697792869269965,medium
2014-02-01,58.8,28.0,0.6800678571428571,0.14285714285714285,57.035714285714285,7344.964285714285,3950.3928571428573,0.9642857142857143,0.625,0.03571428571428571,0.10714285714285714,0.03571428571428571,0.03571428571428571,1.0,1.0,0.0,3.0,2.0,0.0,0.0,4.0,0.0,1.0,0.0,1.0,1.0,8.0,2.0,20.0,5.0,0.0,0.0,0.0,0.0,0.0,0.0,0.0,0.0,0.0,0.0,0.0,0.0,0.0,0.0,0.0,0.0,0.0,0.0,0.0,0.0,0.0,0.0,0.0,0.0,0.0,0.0,-0.28696228621756187,100.81736842105263,-0.1697792869269965,58.9,-0.8417508417508435,59.23333333333333,0.2886751345925764,-55.718653059374226,-0.6480432643621534,28.71485624737562,6.552962155358211,94.61714285714285,-3.0812680171501405,0.0,medium
2014-03-01,58.8,31.0,0.317958064516129,0.3225806451612903,61.16129032258065,6971.451612903225,4196.129032258064,1.0,0.4838709677419355,0.03225806451612903,0.03225806451612903,0.03225806451612903,0.0,1.0,1.0,0.0,4.0,1.0,0.0,0.0,9.0,1.0,1.0,0.0,1.0,0.0,3.0,0.0,10.0,8.0,0.0,0.0,0.0,0.0,0.0,0.0,0.0,0.0,0.0,0.0,0.0,0.0,0.0,0.0,0.0,0.0,0.0,0.0,0.0,0.0,0.0,0.0,0.0,0.0,0.0,0.0,-0.6296170134806915,100.80380952380953,0.0,58.8,-0.1697792869269965,59.03333333333333,0.3214550253643658,119.40758201352786,-0.28696228621756187,-55.718653059374226,-0.013448969612528394,100.81736842105263,6.552962155358211,-0.170068027210879,medium
2014-04-01,58.7,31.0,0.5814838709677419,0.16129032258064516,61.25806451612903,9154.193548387097,4190.258064516129,1.0,0.6290322580645161,0.03225806451612903,0.03225806451612903,0.03225806451612903,0.0,1.0,0.0,0.0,4.0,5.0,0.0,0.0,4.0,3.0,0.0,0.0,3.0,0.0,3.0,2.0,11.0,14.0,0.0,0.0,0.0,0.0,0.0,0.0,0.0,0.0,0.0,0.0,0.0,0.0,0.0,0.0,0.0,0.0,0.0,0.0,0.0,0.0,0.0,0.0,0.0,0.0,0.0,0.0,-0.8239137764661949,102.06904761904761,-0.170068027210879,58.8,0.0,58.833333333333336,0.05773502690712456,30.859515995506335,-0.6296170134806915,119.40758201352786,1.2551490873360605,100.80380952380953,-0.013448969612528394,0.0,medium
2014-05-01,58.7,27.0,0.5988,0.18518518518518517,60.888888888888886,6571.740740740741,3878.925925925926,1.0,0.6111111111111112,0.14814814814814814,0.2962962962962963,0.1111111111111111,0.037037037037037035,1.0,0.0,2.0,4.0,2.0,2.0,0.0,5.0,1.0,0.0,1.0,6.0,0.0,4.0,1.0,14.0,8.0,0.0,0.0,0.0,0.0,0.0,0.0,0.0,0.0,0.0,0.0,0.0,0.0,0.0,0.0,0.0,0.0,0.0,0.0,0.0,0.0,0.0,0.0,0.0,0.0,0.0,0.0,-0.841459249894546,102.17714285714285,0.0,58.7,-0.170068027210879,58.76666666666666,0.05773502690700662,2.12952786195717,-0.8239137764661949,30.859515995506335,0.10590403321748543,102.06904761904761,1.2551490873360605,0.0,medium
2014-06-01,58.7,29.0,0.7260344827586207,0.13793103448275862,59.241379310344826,9184.413793103447,4252.241379310345,1.0,0.46551724137931033,-0.034482758620689655,0.034482758620689655,0.0,0.034482758620689655,1.0,0.0,0.0,4.0,2.0,0.0,0.0,1.0,0.0,0.0,0.0,0.0,1.0,4.0,2.0,9.0,10.0,0.0,0.0,0.0,0.0,0.0,0.0,0.0,0.0,0.0,0.0,0.0,0.0,0.0,0.0,0.0,0.0,0.0,0.0,0.0,0.0,0.0,0.0,0.0,0.0,0.0,0.0,-0.7022628012657349,105.7942857142857,0.0,58.7,0.0,58.73333333333334,0.057735026906950204,-16.542268522956473,-0.841459249894546,2.12952786195717,3.540070465857603,102.17714285714285,0.10590403321748543,0.17035775127767216,high
2014-07-01,58.8,28.0,0.7836892857142858,0.10714285714285714,64.10714285714286,7423.821428571428,4486.5,1.0,0.5357142857142857,0.21428571428571427,0.35714285714285715,0.14285714285714285,0.03571428571428571,1.0,1.0,0.0,7.0,4.0,3.0,1.0,2.0,2.0,1.0,0.0,2.0,0.0,4.0,0.0,13.0,13.0,0.0,0.0,0.0,0.0,0.0,0.0,0.0,0.0,0.0,0.0,0.0,0.0,0.0,0.0,0.0,0.0,0.0,0.0,0.0,0.0,0.0,0.0,0.0,0.0,0.0,0.0,-0.8245479012774046,103.58863636363638,0.17035775127767216,58.7,0.0,58.7,0.0,17.41301116779461,-0.7022628012657349,-16.542268522956473,-2.0848473391143596,105.7942857142857,3.540070465857603,-0.170068027210879,medium
2014-08-01,58.7,17.0,0.7032058823529411,0.17647058823529413,58.705882352941174,7311.529411764706,4156.470588235294,1.0,0.7352941176470589,-0.11764705882352941,0.11764705882352941,0.0,0.11764705882352941,1.0,0.0,0.0,2.0,2.0,0.0,0.0,3.0,2.0,0.0,0.0,0.0,0.0,8.0,0.0,10.0,4.0,0.0,0.0,0.0,0.0,0.0,0.0,0.0,0.0,0.0,0.0,0.0,0.0,0.0,0.0,0.0,0.0,0.0,0.0,0.0,0.0,0.0,0.0,0.0,0.0,0.0,0.0,-0.6399228136509622,96.53619047619047,-0.170068027210879,58.8,0.17035775127767216,58.73333333333334,0.057735026906950204,-22.39106877119181,-0.8245479012774046,17.41301116779461,-6.808126967410876,103.58863636363638,-2.0848473391143596,0.17035775127767216,high
2014-09-01,58.8,34.0,0.8325,0.08823529411764706,62.94117647058823,5478.676470588235,4243.470588235294,1.0,0.6764705882352942,0.058823529411764705,0.11764705882352941,0.058823529411764705,0.029411764705882353,1.0,0.0,0.0,7.0,3.0,2.0,0.0,4.0,1.0,0.0,0.0,2.0,1.0,4.0,1.0,15.0,9.0,0.0,0.0,0.0,0.0,0.0,0.0,0.0,0.0,0.0,0.0,0.0,0.0,0.0,0.0,0.0,0.0,0.0,0.0,0.0,0.0,0.0,0.0,0.0,0.0,0.0,0.0,-0.821060828487359,93.21190476190476,0.17035775127767216,58.7,-0.170068027210879,58.73333333333333,0.057735026906950204,28.30622865325696,-0.6399228136509622,-22.39106877119181,-3.4435642196856797,96.53619047619047,-6.808126967410876,0.0,medium
2014-10-01,58.8,34.0,0.5770911764705882,0.17647058823529413,67.82352941176471,7942.794117647059,4302.941176470588,1.0,0.6617647058823529,-0.20588235294117646,0.4411764705882353,0.058823529411764705,0.20588235294117646,1.0,1.0,1.0,9.0,2.0,1.0,1.0,10.0,2.0,1.0,0.0,4.0,1.0,4.0,1.0,16.0,8.0,0.0,0.0,0.0,0.0,0.0,0.0,0.0,0.0,0.0,0.0,0.0,0.0,0.0,0.0,0.0,0.0,0.0,0.0,0.0,0.0,0.0,0.0,0.0,0.0,0.0,0.0,-0.6034696080653352,84.39695652173914,0.0,58.8,0.17035775127767216,58.76666666666667,0.05773502690700662,-26.501230222234838,-0.821060828487359,28.30622865325696,-9.456891008377122,93.21190476190476,-3.4435642196856797,-0.170068027210879,medium
2014-11-01,58.7,18.0,0.8606666666666666,0.05555555555555555,60.333333333333336,4275.888888888889,3422.222222222222,1.0,0.7222222222222222,0.0,0.0,0.0,0.0,1.0,0.0,0.0,2.0,0.0,0.0,0.0,1.0,0.0,0.0,0.0,3.0,0.0,3.0,1.0,6.0,3.0,0.0,0.0,0.0,0.0,0.0,0.0,0.0,0.0,0.0,0.0,0.0,0.0,0.0,0.0,0.0,0.0,0.0,0.0,0.0,0.0,0.0,0.0,0.0,0.0,0.0,0.0,-0.9797119925435434,75.78947368421052,-0.170068027210879,58.8,0.0,58.76666666666666,0.05773502690700662,62.34653401757952,-0.6034696080653352,-26.501230222234838,-10.198807151667244,84.39695652173914,-9.456891008377122,0.0,medium
2014-12-01,58.7,19.0,0.9422578947368421,0.0,53.89473684210526,8387.0,3994.1052631578946,1.0,0.5263157894736842,-0.10526315789473684,0.10526315789473684,0.0,0.10526315789473684,1.0,0.0,0.0,1.0,1.0,0.0,2.0,1.0,0.0,0.0,0.0,1.0,1.0,8.0,1.0,11.0,3.0,0.0,0.0,0.0,0.0,0.0,0.0,0.0,0.0,0.0,0.0,0.0,0.0,0.0,0.0,0.0,0.0,0.0,0.0,0.0,0.0,0.0,0.0,0.0,0.0,0.0,0.0,-0.40827623452432554,59.29045454545455,0.0,58.7,-0.170068027210879,58.76666666666667,0.05773502690700662,-58.32691264048402,-0.9797119925435434,62.34653401757952,-21.76953914141413,75.78947368421052,-10.198807151667244,0.0,medium
2015-01-01,58.7,32.0,0.701565625,0.15625,58.40625,4014.0625,3515.90625,0.96875,0.578125,-0.03125,0.03125,0.0,0.03125,1.0,0.0,0.0,3.0,1.0,0.0,0.0,2.0,0.0,0.0,0.0,4.0,0.0,5.0,2.0,14.0,15.0,0.0,0.0,0.0,0.0,0.0,0.0,0.0,0.0,0.0,0.0,0.0,0.0,0.0,0.0,0.0,0.0,0.0,0.0,0.0,0.0,0.0,0.0,0.0,0.0,0.0,0.0,-0.5214374759941036,47.219,0.0,58.7,0.0,58.73333333333333,0.057735026906950204,27.716832845198546,-0.40827623452432554,-58.32691264048402,-20.359861697805115,59.29045454545455,-21.76953914141413,0.0,medium
2015-02-01,58.7,13.0,0.5047230769230769,0.23076923076923078,58.15384615384615,7885.615384615385,4339.153846153846,1.0,0.7307692307692307,0.0,0.0,0.0,0.0,1.0,0.0,0.0,2.0,1.0,0.0,0.0,2.0,1.0,0.0,0.0,1.0,0.0,4.0,0.0,10.0,3.0,0.0,0.0,0.0,0.0,0.0,0.0,0.0,0.0,0.0,0.0,0.0,0.0,0.0,0.0,0.0,0.0,0.0,0.0,0.0,0.0,0.0,0.0,0.0,0.0,0.0,0.0,-0.3278960699118255,50.58421052631579,0.0,58.7,0.0,58.7,0.0,-37.116896079112394,-0.5214374759941036,27.716832845198546,7.126814473656351,47.219,-20.359861697805115,-0.17035775127768327,medium
2015-03-01,58.6,28.0,0.6599785714285714,0.17857142857142858,62.82142857142857,6146.642857142857,4158.642857142857,1.0,0.6071428571428571,-0.03571428571428571,0.10714285714285714,0.03571428571428571,0.07142857142857142,1.0,0.0,1.0,4.0,0.0,0.0,0.0,2.0,0.0,0.0,0.0,4.0,0.0,5.0,0.0,12.0,7.0,0.0,0.0,0.0,0.0,0.0,0.0,0.0,0.0,0.0,0.0,0.0,0.0,0.0,0.0,0.0,0.0,0.0,0.0,0.0,0.0,0.0,0.0,0.0,0.0,0.0,0.0,-0.3963046814448671,47.82363636363636,-0.17035775127768327,58.7,0.0,58.7,0.0,20.862894621285744,-0.3278960699118255,-37.116896079112394,-5.4573831121537015,50.58421052631579,7.126814473656351,0.0,medium
2015-04-01,58.6,11.0,0.5133454545454545,0.2727272727272727,57.54545454545455,5173.363636363636,4202.545454545455,1.0,0.6363636363636364,0.18181818181818182,0.18181818181818182,0.09090909090909091,0.0,1.0,0.0,1.0,1.0,0.0,1.0,0.0,0.0,0.0,0.0,0.0,1.0,0.0,3.0,1.0,5.0,2.0,0.0,0.0,0.0,0.0,0.0,0.0,0.0,0.0,0.0,0.0,0.0,0.0,0.0,0.0,0.0,0.0,0.0,0.0,0.0,0.0,0.0,0.0,0.0,0.0,0.0,0.0,-0.36543924871435096,54.45285714285714,0.0,58.6,-0.17035775127768327,58.666666666666664,0.057735026906839446,-7.788308888500994,-0.3963046814448671,20.862894621285744,13.861808267389385,47.82363636363636,-5.4573831121537015,0.17064846416381396,high
2015-05-01,58.7,16.0,0.87823125,0.0625,65.125,6047.875,4315.5,1.0,0.71875,0.125,0.125,0.0625,0.0,1.0,1.0,0.0,3.0,0.0,0.0,0.0,6.0,0.0,1.0,0.0,2.0,1.0,1.0,1.0,7.0,3.0,0.0,0.0,0.0,0.0,0.0,0.0,0.0,0.0,0.0,0.0,0.0,0.0,0.0,0.0,0.0,0.0,0.0,0.0,0.0,0.0,0.0,0.0,0.0,0.0,0.0,0.0,-0.5608535777616632,59.265,0.17064846416381396,58.6,0.0,58.63333333333333,0.05773502690678047,53.473820815579586,-0.36543924871435096,-7.788308888500994,8.837264212818429,54.45285714285714,13.861808267389385,-0.6814310051107442,low
2015-06-01,58.3,21.0,0.8281428571428571,0.047619047619047616,64.19047619047619,11151.095238095239,4358.666666666667,1.0,0.5,-0.047619047619047616,0.047619047619047616,0.0,0.047619047619047616,1.0,0.0,0.0,3.0,1.0,0.0,0.0,2.0,0.0,0.0,0.0,1.0,1.0,3.0,0.0,9.0,5.0,0.0,0.0,0.0,0.0,0.0,0.0,0.0,0.0,0.0,0.0,0.0,0.0,0.0,0.0,0.0,0.0,0.0,0.0,0.0,0.0,0.0,0.0,0.0,0.0,0.0,0.0,-0.8736564775531798,59.819545454545455,-0.6814310051107442,58.7,0.17064846416381396,58.63333333333333,0.05773502690678047,55.77264943907396,-0.5608535777616632,53.473820815579586,0.9357048081421571,59.265,8.837264212818429,0.17152658662091813,high
2015-07-01,58.4,23.0,0.7247739130434782,0.17391304347826086,62.21739130434783,5318.739130434783,4124.739130434783,1.0,0.6086956521739131,0.17391304347826086,0.2608695652173913,0.13043478260869565,0.043478260869565216,1.0,1.0,0.0,3.0,2.0,2.0,0.0,5.0,1.0,0.0,0.0,3.0,0.0,5.0,2.0,11.0,2.0,0.0,0.0,0.0,0.0,0.0,0.0,0.0,0.0,0.0,0.0,0.0,0.0,0.0,0.0,0.0,0.0,0.0,0.0,0.0,0.0,0.0,0.0,0.0,0.0,0.0,0.0,-0.424207519367686,50.90090909090909,0.17152658662091813,58.3,-0.6814310051107442,58.53333333333333,0.20816659994319037,-51.4445860281664,-0.8736564775531798,55.77264943907396,-14.909234591916597,59.819545454545455,0.9357048081421571,-0.3424657534246478,low
2015-08-01,58.2,17.0,0.6267882352941176,0.17647058823529413,69.52941176470588,11086.176470588236,4144.941176470588,1.0,0.5,-0.11764705882352941,0.35294117647058826,0.058823529411764705,0.17647058823529413,1.0,1.0,0.0,4.0,0.0,0.0,1.0,3.0,0.0,1.0,0.0,0.0,0.0,2.0,1.0,5.0,4.0,0.0,0.0,0.0,0.0,0.0,0.0,0.0,0.0,0.0,0.0,0.0,0.0,0.0,0.0,0.0,0.0,0.0,0.0,0.0,0.0,0.0,0.0,0.0,0.0,0.0,0.0,-0.6913952209929503,42.86761904761905,-0.3424657534246478,58.4,0.17152658662091813,58.46666666666667,0.20816659994315823,62.98514039155365,-0.424207519367686,-51.4445860281664,-15.78221329788545,50.90090909090909,-14.909234591916597,-0.1718213058419238,medium
2015-09-01,58.1,23.0,0.7828913043478261,0.08695652173913043,67.34782608695652,5110.130434782609,4072.0434782608695,1.0,0.5869565217391305,-0.043478260869565216,0.043478260869565216,0.0,0.043478260869565216,1.0,0.0,0.0,3.0,2.0,0.0,0.0,4.0,1.0,0.0,0.0,2.0,0.0,5.0,3.0,9.0,7.0,0.0,0.0,0.0,0.0,0.0,0.0,0.0,0.0,0.0,0.0,0.0,0.0,0.0,0.0,0.0,0.0,0.0,0.0,0.0,0.0,0.0,0.0,0.0,0.0,0.0,0.0,-0.40481603166112035,45.47952380952381,-0.1718213058419238,58.2,-0.3424657534246478,58.29999999999999,0.09999999999262862,-41.44940269044064,-0.6913952209929503,62.98514039155365,6.092955055430882,42.86761904761905,-15.78221329788545,0.0,medium
2015-10-01,58.1,15.0,0.5709066666666666,0.2,56.4,7651.6,4110.6,1.0,0.43333333333333335,-0.13333333333333333,0.4,0.06666666666666667,0.26666666666666666,1.0,0.0,1.0,2.0,3.0,0.0,0.0,0.0,0.0,0.0,1.0,0.0,0.0,4.0,0.0,8.0,4.0,0.0,0.0,0.0,0.0,0.0,0.0,0.0,0.0,0.0,0.0,0.0,0.0,0.0,0.0,0.0,0.0,0.0,0.0,0.0,0.0,0.0,0.0,0.0,0.0,0.0,0.0,-0.25303811521537234,46.22363636363636,0.0,58.1,-0.1718213058419238,58.23333333333334,0.15275252316032292,-37.49305970490921,-0.40481603166112035,-41.44940269044064,1.6361485164818834,45.47952380952381,6.092955055430882,0.0,medium
2015-11-01,58.1,19.0,0.4610947368421052,0.2631578947368421,60.73684210526316,6552.0526315789475,4145.684210526316,1.0,0.7105263157894737,0.0,0.0,0.0,0.0,1.0,0.0,0.0,3.0,3.0,0.0,0.0,1.0,0.0,0.0,0.0,3.0,0.0,7.0,1.0,15.0,4.0,0.0,0.0,0.0,0.0,0.0,0.0,0.0,0.0,0.0,0.0,0.0,0.0,0.0,0.0,0.0,0.0,0.0,0.0,0.0,0.0,0.0,0.0,0.0,0.0,0.0,0.0,-0.6518364436031716,42.4435,0.0,58.1,0.0,58.13333333333333,0.05773502690589029,157.60405425418372,-0.25303811521537234,-37.49305970490921,-8.177929433977093,46.22363636363636,1.6361485164818834,-0.1721170395869165,medium
2015-12-01,58.0,19.0,0.5229052631578948,0.2631578947368421,62.31578947368421,5152.789473684211,4290.368421052632,1.0,0.6842105263157895,-0.10526315789473684,0.10526315789473684,0.0,0.05263157894736842,1.0,0.0,1.0,3.0,1.0,0.0,0.0,3.0,1.0,0.0,0.0,3.0,1.0,7.0,1.0,13.0,3.0,0.0,0.0,0.0,0.0,0.0,0.0,0.0,0.0,0.0,0.0,0.0,0.0,0.0,0.0,0.0,0.0,0.0,0.0,0.0,0.0,0.0,0.0,0.0,0.0,0.0,0.0,-0.6146864526512206,37.18863636363636,-0.1721170395869165,58.1,0.0,58.1,0.0,-5.699281056854721,-0.6518364436031716,157.60405425418372,-12.380844266763201,42.4435,-8.177929433977093,-0.5172413793103403,low
2016-01-01,57.7,37.0,0.6747972972972973,0.16216216216216217,63.21621621621622,4984.783783783784,3974.945945945946,1.0,0.5675675675675675,0.02702702702702703,0.02702702702702703,0.02702702702702703,0.0,1.0,0.0,0.0,6.0,3.0,1.0,0.0,2.0,2.0,0.0,0.0,2.0,1.0,5.0,0.0,18.0,27.0,0.0,0.0,0.0,0.0,0.0,0.0,0.0,0.0,0.0,0.0,0.0,0.0,0.0,0.0,0.0,0.0,0.0,0.0,0.0,0.0,0.0,0.0,0.0,0.0,0.0,0.0,-0.8062421685869569,31.683157894736844,-0.5172413793103403,58.0,-0.1721170395869165,58.06666666666667,0.05773502690576721,31.16315889337273,-0.6146864526512206,-5.699281056854721,-14.804195601758774,37.18863636363636,-12.380844266763201,-0.17331022530329143,medium
2016-02-01,57.6,28.0,0.6065107142857142,0.17857142857142858,65.39285714285714,9411.964285714286,4031.5,1.0,0.6607142857142857,-0.10714285714285714,0.10714285714285714,0.0,0.10714285714285714,1.0,0.0,1.0,5.0,0.0,0.0,0.0,2.0,0.0,0.0,0.0,2.0,1.0,10.0,1.0,17.0,9.0,0.0,0.0,0.0,0.0,0.0,0.0,0.0,0.0,0.0,0.0,0.0,0.0,0.0,0.0,0.0,0.0,0.0,0.0,0.0,0.0,0.0,0.0,0.0,0.0,0.0,0.0,-0.7585451665036511,30.323,-0.17331022530329143,57.7,-0.5172413793103403,57.93333333333334,0.20816659994288628,-5.9159646991549515,-0.8062421685869569,31.16315889337273,-4.292999767434136,31.683157894736844,-14.804195601758774,0.0,medium
2016-03-01,57.6,16.0,0.26873749999999996,0.375,72.1875,5494.875,4021.125,1.0,0.53125,0.0625,0.0625,0.0625,0.0,1.0,0.0,0.0,2.0,0.0,1.0,1.0,2.0,0.0,0.0,0.0,1.0,0.0,4.0,0.0,8.0,4.0,0.0,0.0,0.0,0.0,0.0,0.0,0.0,0.0,0.0,0.0,0.0,0.0,0.0,0.0,0.0,0.0,0.0,0.0,0.0,0.0,0.0,0.0,0.0,0.0,0.0,0.0,-0.6637793397380366,37.54636363636364,0.0,57.6,-0.17331022530329143,57.76666666666667,0.20816659994280096,-12.4931027116575,-0.7585451665036511,-5.9159646991549515,23.82140169628215,30.323,-4.292999767434136,-0.17361111111111605,medium
2016-04-01,57.5,18.0,0.8064444444444444,0.05555555555555555,68.44444444444444,7510.277777777777,4098.777777777777,1.0,0.5833333333333334,-0.1111111111111111,0.2222222222222222,0.05555555555555555,0.1111111111111111,1.0,1.0,0.0,2.0,1.0,0.0,1.0,3.0,1.0,1.0,0.0,2.0,0.0,3.0,0.0,12.0,9.0,0.0,0.0,0.0,0.0,0.0,0.0,0.0,0.0,0.0,0.0,0.0,0.0,0.0,0.0,0.0,0.0,0.0,0.0,0.0,0.0,0.0,0.0,0.0,0.0,0.0,0.0,-0.278259358644854,40.7552380952381,-0.17361111111111605,57.6,0.0,57.63333333333333,0.05773502690496724,-58.079539089802005,-0.6637793397380366,-12.4931027116575,8.546432059179931,37.54636363636364,23.82140169628215,0.0,medium
2016-05-01,57.5,15.0,0.7249666666666666,0.13333333333333333,58.46666666666667,7423.2,3676.3333333333335,1.0,0.5333333333333333,0.0,0.0,0.0,0.0,1.0,0.0,0.0,2.0,1.0,0.0,0.0,3.0,1.0,0.0,0.0,1.0,0.0,3.0,1.0,9.0,6.0,0.0,0.0,0.0,0.0,0.0,0.0,0.0,0.0,0.0,0.0,0.0,0.0,0.0,0.0,0.0,0.0,0.0,0.0,0.0,0.0,0.0,0.0,0.0,0.0,0.0,0.0,-0.7214056719103343,46.712380952380954,0.0,57.5,-0.17361111111111605,57.56666666666666,0.057735026904844174,159.25657107226846,-0.278259358644854,-58.079539089802005,14.616876591965976,40.7552380952381,8.546432059179931,0.0,medium
2016-06-01,57.5,14.0,0.8213357142857143,0.07142857142857142,57.42857142857143,7201.857142857143,4532.071428571428,1.0,0.5,0.0,0.14285714285714285,0.07142857142857142,0.07142857142857142,1.0,0.0,0.0,3.0,1.0,1.0,0.0,0.0,0.0,0.0,0.0,2.0,0.0,4.0,3.0,8.0,2.0,0.0,0.0,0.0,0.0,0.0,0.0,0.0,0.0,0.0,0.0,0.0,0.0,0.0,0.0,0.0,0.0,0.0,0.0,0.0,0.0,0.0,0.0,0.0,0.0,0.0,0.0,-0.2945871024408138,48.75727272727273,0.0,57.5,0.0,57.53333333333333,0.0577350269047852,-59.164848030550424,-0.7214056719103343,159.25657107226846,4.377622662771907,46.712380952380954,14.616876591965976,-0.17391304347826875,medium
2016-07-01,57.4,22.0,0.65375,0.18181818181818182,64.45454545454545,7762.409090909091,4175.136363636364,1.0,0.7272727272727273,0.09090909090909091,0.09090909090909091,0.045454545454545456,0.0,1.0,0.0,0.0,4.0,0.0,1.0,0.0,6.0,0.0,0.0,0.0,0.0,0.0,5.0,0.0,6.0,0.0,0.0,0.0,0.0,0.0,0.0,0.0,0.0,0.0,0.0,0.0,0.0,0.0,0.0,0.0,0.0,0.0,0.0,0.0,0.0,0.0,0.0,0.0,0.0,0.0,0.0,0.0,-0.1752591360876275,44.6515,-0.17391304347826875,57.5,0.0,57.5,0.0,-40.506853614598,-0.2945871024408138,-59.164848030550424,-8.42084164600153,48.75727272727273,4.377622662771907,0.0,medium
2016-08-01,57.4,23.0,0.6178521739130435,0.17391304347826086,64.52173913043478,5633.869565217391,4124.695652173913,1.0,0.6739130434782609,0.13043478260869565,0.13043478260869565,0.08695652173913043,0.0,1.0,2.0,1.0,1.0,1.0,0.0,0.0,1.0,1.0,2.0,0.0,3.0,0.0,4.0,1.0,9.0,4.0,0.0,0.0,0.0,0.0,0.0,0.0,0.0,0.0,0.0,0.0,0.0,0.0,0.0,0.0,0.0,0.0,0.0,0.0,0.0,0.0,0.0,0.0,0.0,0.0,0.0,0.0,0.08568612223489515,44.72434782608696,0.0,57.4,-0.17391304347826875,57.46666666666667,0.05773502690466931,-148.8911015697653,-0.1752591360876275,-40.506853614598,0.16314754507007478,44.6515,-8.42084164600153,-0.5226480836236891,low
2016-09-01,57.1,11.0,0.5413363636363636,0.18181818181818182,62.36363636363637,7308.0,3888.5454545454545,1.0,0.6818181818181818,0.0,0.0,0.0,0.0,1.0,0.0,0.0,1.0,2.0,0.0,0.0,0.0,1.0,0.0,0.0,3.0,1.0,6.0,1.0,7.0,4.0,0.0,0.0,0.0,0.0,0.0,0.0,0.0,0.0,0.0,0.0,0.0,0.0,0.0,0.0,0.0,0.0,0.0,0.0,0.0,0.0,0.0,0.0,0.0,0.0,0.0,0.0,-0.29785511089497096,45.18238095238095,-0.5226480836236891,57.4,0.0,57.43333333333334,0.05773502690461034,-447.61184556636556,0.08568612223489515,-148.8911015697653,1.0241247744407156,44.72434782608696,0.16314754507007478,-0.350262697022774,low
2016-10-01,56.9,21.0,0.5419095238095238,0.19047619047619047,62.904761904761905,6718.428571428572,4027.6190476190477,1.0,0.6428571428571429,0.09523809523809523,0.09523809523809523,0.047619047619047616,0.0,1.0,0.0,2.0,2.0,0.0,0.0,0.0,0.0,0.0,0.0,1.0,4.0,1.0,2.0,2.0,9.0,7.0,0.0,0.0,0.0,0.0,0.0,0.0,0.0,0.0,0.0,0.0,0.0,0.0,0.0,0.0,0.0,0.0,0.0,0.0,0.0,0.0,0.0,0.0,0.0,0.0,0.0,0.0,-0.06566746101718687,49.775238095238095,-0.350262697022774,57.1,-0.5226480836236891,57.300000000000004,0.17320508075202515,-77.95322000019587,-0.29785511089497096,-447.61184556636556,10.165150764625896,45.18238095238095,1.0241247744407156,0.0,medium
2016-11-01,56.9,24.0,0.5386666666666667,0.25,63.708333333333336,6405.75,4478.875,1.0,0.7291666666666666,0.16666666666666666,0.25,0.16666666666666666,0.041666666666666664,1.0,3.0,1.0,3.0,2.0,0.0,1.0,3.0,2.0,3.0,1.0,3.0,0.0,4.0,3.0,14.0,6.0,0.0,0.0,0.0,0.0,0.0,0.0,0.0,0.0,0.0,0.0,0.0,0.0,0.0,0.0,0.0,0.0,0.0,0.0,0.0,0.0,0.0,0.0,0.0,0.0,0.0,0.0,-0.3178411809007641,45.66095238095238,0.0,56.9,-0.350262697022774,57.13333333333333,0.25166114783894755,384.0162478911386,-0.06566746101718687,-77.95322000019587,-8.26572784325731,49.775238095238095,10.165150764625896,0.0,medium
2016-12-01,56.9,20.0,0.5862350000000001,0.2,61.2,9357.45,4627.4,1.0,0.65,0.1,0.2,0.1,0.05,1.0,0.0,2.0,3.0,0.0,1.0,1.0,2.0,0.0,0.0,1.0,6.0,0.0,6.0,1.0,13.0,3.0,0.0,0.0,0.0,0.0,0.0,0.0,0.0,0.0,0.0,0.0,0.0,0.0,0.0,0.0,0.0,0.0,0.0,0.0,0.0,0.0,0.0,0.0,0.0,0.0,0.0,0.0,-0.23198829891039227,51.9704761904762,0.0,56.9,0.0,56.96666666666666,0.11547005383035155,-27.011251892238807,-0.3178411809007641,384.0162478911386,13.818204572000692,45.66095238095238,-8.26572784325731,0.8787346221441172,high
2017-01-01,57.4,0.0,0.0,0.0,0.0,0.0,0.0,0.0,0.0,0.0,0.0,0.0,0.0,0.0,0.0,0.0,0.0,0.0,0.0,0.0,0.0,0.0,0.0,0.0,0.0,0.0,0.0,0.0,0.0,0.0,0.0,0.0,0.0,0.0,0.0,0.0,0.0,0.0,0.0,0.0,0.0,0.0,0.0,0.0,0.0,0.0,0.0,0.0,0.0,0.0,0.0,0.0,0.0,0.0,0.0,0.0,0.16016375577923955,52.504,0.8787346221441172,56.9,0.0,56.9,0.0,-169.03958369085862,-0.23198829891039227,-27.011251892238807,1.026590188568588,51.9704761904762,13.818204572000692,-0.17421602787456303,medium
2017-02-01,57.3,0.0,0.0,0.0,0.0,0.0,0.0,0.0,0.0,0.0,0.0,0.0,0.0,0.0,0.0,0.0,0.0,0.0,0.0,0.0,0.0,0.0,0.0,0.0,0.0,0.0,0.0,0.0,0.0,0.0,0.0,0.0,0.0,0.0,0.0,0.0,0.0,0.0,0.0,0.0,0.0,0.0,0.0,0.0,0.0,0.0,0.0,0.0,0.0,0.0,0.0,0.0,0.0,0.0,0.0,0.0,0.14452687321225527,53.46842105263158,-0.17421602787456303,57.4,0.8787346221441172,57.06666666666666,0.28867513459182115,-9.76305937064641,0.16016375577923955,-169.03958369085862,1.8368525305340055,52.504,1.026590188568588,0.0,medium
2017-03-01,57.3,0.0,0.0,0.0,0.0,0.0,0.0,0.0,0.0,0.0,0.0,0.0,0.0,0.0,0.0,0.0,0.0,0.0,0.0,0.0,0.0,0.0,0.0,0.0,0.0,0.0,0.0,0.0,0.0,0.0,0.0,0.0,0.0,0.0,0.0,0.0,0.0,0.0,0.0,0.0,0.0,0.0,0.0,0.0,0.0,0.0,0.0,0.0,0.0,0.0,0.0,0.0,0.0,0.0,0.0,0.0,0.0739615128927107,49.32782608695652,0.0,57.3,-0.17421602787456303,57.199999999999996,0.26457513110324915,-48.8250792057964,0.14452687321225527,-9.76305937064641,-7.7440008217173,53.46842105263158,1.8368525305340055,0.523560209424101,high
2017-04-01,57.6,0.0,0.0,0.0,0.0,0.0,0.0,0.0,0.0,0.0,0.0,0.0,0.0,0.0,0.0,0.0,0.0,0.0,0.0,0.0,0.0,0.0,0.0,0.0,0.0,0.0,0.0,0.0,0.0,0.0,0.0,0.0,0.0,0.0,0.0,0.0,0.0,0.0,0.0,0.0,0.0,0.0,0.0,0.0,0.0,0.0,0.0,0.0,0.0,0.0,0.0,0.0,0.0,0.0,0.0,0.0,0.006075919116702517,51.060526315789474,0.523560209424101,57.3,0.0,57.333333333333336,0.05773502690450932,-91.7850259154159,0.0739615128927107,-48.8250792057964,3.512622319456171,49.32782608695652,-7.7440008217173,-0.17361111111111605,medium
2017-05-01,57.5,0.0,0.0,0.0,0.0,0.0,0.0,0.0,0.0,0.0,0.0,0.0,0.0,0.0,0.0,0.0,0.0,0.0,0.0,0.0,0.0,0.0,0.0,0.0,0.0,0.0,0.0,0.0,0.0,0.0,0.0,0.0,0.0,0.0,0.0,0.0,0.0,0.0,0.0,0.0,0.0,0.0,0.0,0.0,0.0,0.0,0.0,0.0,0.0,0.0,0.0,0.0,0.0,0.0,0.0,0.0,-0.15179844947089458,48.47636363636364,-0.17361111111111605,57.6,0.523560209424101,57.4,0.1732050807521173,-2598.3619194930566,0.006075919116702517,-91.7850259154159,-5.060979323722203,51.060526315789474,3.512622319456171,-0.17391304347826875,medium
2017-06-01,57.4,0.0,0.0,0.0,0.0,0.0,0.0,0.0,0.0,0.0,0.0,0.0,0.0,0.0,0.0,0.0,0.0,0.0,0.0,0.0,0.0,0.0,0.0,0.0,0.0,0.0,0.0,0.0,0.0,0.0,0.0,0.0,0.0,0.0,0.0,0.0,0.0,0.0,0.0,0.0,0.0,0.0,0.0,0.0,0.0,0.0,0.0,0.0,0.0,0.0,0.0,0.0,0.0,0.0,0.0,0.0,0.083604222176526,45.177727272727275,-0.17391304347826875,57.5,-0.17361111111111605,57.46666666666667,0.15275252315983587,-155.075807735807,-0.15179844947089458,-2598.3619194930566,-6.804628309954241,48.47636363636364,-5.060979323722203,-1.3937282229965153,low
2017-07-01,56.6,0.0,0.0,0.0,0.0,0.0,0.0,0.0,0.0,0.0,0.0,0.0,0.0,0.0,0.0,0.0,0.0,0.0,0.0,0.0,0.0,0.0,0.0,0.0,0.0,0.0,0.0,0.0,0.0,0.0,0.0,0.0,0.0,0.0,0.0,0.0,0.0,0.0,0.0,0.0,0.0,0.0,0.0,0.0,0.0,0.0,0.0,0.0,0.0,0.0,0.0,0.0,0.0,0.0,0.0,0.0,0.08413962350063037,46.630526315789474,-1.3937282229965153,57.4,-0.17391304347826875,57.5,0.09999999999185,0.6403998627890983,0.083604222176526,-155.075807735807,3.2157417620678252,45.177727272727275,-6.804628309954241,-0.35335689045936647,low
2017-08-01,56.4,0.0,0.0,0.0,0.0,0.0,0.0,0.0,0.0,0.0,0.0,0.0,0.0,0.0,0.0,0.0,0.0,0.0,0.0,0.0,0.0,0.0,0.0,0.0,0.0,0.0,0.0,0.0,0.0,0.0,0.0,0.0,0.0,0.0,0.0,0.0,0.0,0.0,0.0,0.0,0.0,0.0,0.0,0.0,0.0,0.0,0.0,0.0,0.0,0.0,0.0,0.0,0.0,0.0,0.0,0.0,0.38557978442029245,48.03695652173913,-0.35335689045936647,56.6,-1.3937282229965153,57.166666666666664,0.49328828622989085,358.26183714430783,0.08413962350063037,0.6403998627890983,3.0161148009033356,46.630526315789474,3.2157417620678252,-0.7092198581560294,low
2017-09-01,56.0,0.0,0.0,0.0,0.0,0.0,0.0,0.0,0.0,0.0,0.0,0.0,0.0,0.0,0.0,0.0,0.0,0.0,0.0,0.0,0.0,0.0,0.0,0.0,0.0,0.0,0.0,0.0,0.0,0.0,0.0,0.0,0.0,0.0,0.0,0.0,0.0,0.0,0.0,0.0,0.0,0.0,0.0,0.0,0.0,0.0,0.0,0.0,0.0,0.0,0.0,0.0,0.0,0.0,0.0,0.0,0.5456421662809159,49.822,-0.7092198581560294,56.4,-0.35335689045936647,56.800000000000004,0.5291502622112186,41.51213012924742,0.38557978442029245,358.26183714430783,3.7159795447345934,48.03695652173913,3.0161148009033356,0.0,medium
2017-10-01,56.0,0.0,0.0,0.0,0.0,0.0,0.0,0.0,0.0,0.0,0.0,0.0,0.0,0.0,0.0,0.0,0.0,0.0,0.0,0.0,0.0,0.0,0.0,0.0,0.0,0.0,0.0,0.0,0.0,0.0,0.0,0.0,0.0,0.0,0.0,0.0,0.0,0.0,0.0,0.0,0.0,0.0,0.0,0.0,0.0,0.0,0.0,0.0,0.0,0.0,0.0,0.0,0.0,0.0,0.0,0.0,0.7863660346513252,51.57772727272727,0.0,56.0,-0.7092198581560294,56.333333333333336,0.3055050463272616,44.11753402622409,0.5456421662809159,41.51213012924742,3.5239999854025816,49.822,3.7159795447345934,0.0,medium
2017-11-01,56.0,0.0,0.0,0.0,0.0,0.0,0.0,0.0,0.0,0.0,0.0,0.0,0.0,0.0,0.0,0.0,0.0,0.0,0.0,0.0,0.0,0.0,0.0,0.0,0.0,0.0,0.0,0.0,0.0,0.0,0.0,0.0,0.0,0.0,0.0,0.0,0.0,0.0,0.0,0.0,0.0,0.0,0.0,0.0,0.0,0.0,0.0,0.0,0.0,0.0,0.0,0.0,0.0,0.0,0.0,0.0,0.8046970749456354,56.63857142857143,0.0,56.0,0.0,56.13333333333333,0.2309401076716031,2.3311078412024955,0.7863660346513252,44.11753402622409,9.812072814073325,51.57772727272727,3.5239999854025816,0.0,medium
2017-12-01,56.0,0.0,0.0,0.0,0.0,0.0,0.0,0.0,0.0,0.0,0.0,0.0,0.0,0.0,0.0,0.0,0.0,0.0,0.0,0.0,0.0,0.0,0.0,0.0,0.0,0.0,0.0,0.0,0.0,0.0,0.0,0.0,0.0,0.0,0.0,0.0,0.0,0.0,0.0,0.0,0.0,0.0,0.0,0.0,0.0,0.0,0.0,0.0,0.0,0.0,0.0,0.0,0.0,0.0,0.0,0.0,0.6792776013735117,57.8815,0.0,56.0,0.0,56.0,0.0,-15.58592388080905,0.8046970749456354,2.3311078412024955,2.1944913864857307,56.63857142857143,9.812072814073325,0.17857142857142794,high
2018-01-01,56.1,0.0,0.0,0.0,0.0,0.0,0.0,0.0,0.0,0.0,0.0,0.0,0.0,0.0,0.0,0.0,0.0,0.0,0.0,0.0,0.0,0.0,0.0,0.0,0.0,0.0,0.0,0.0,0.0,0.0,0.0,0.0,0.0,0.0,0.0,0.0,0.0,0.0,0.0,0.0,0.0,0.0,0.0,0.0,0.0,0.0,0.0,0.0,0.0,0.0,0.0,0.0,0.0,0.0,0.0,0.0,0.5798150064957962,63.698571428571434,0.17857142857142794,56.0,0.0,56.0,0.0,-14.642407563064097,0.6792776013735117,-15.58592388080905,10.049966618991268,57.8815,2.1944913864857307,0.35650623885916666,high
2018-02-01,56.3,0.0,0.0,0.0,0.0,0.0,0.0,0.0,0.0,0.0,0.0,0.0,0.0,0.0,0.0,0.0,0.0,0.0,0.0,0.0,0.0,0.0,0.0,0.0,0.0,0.0,0.0,0.0,0.0,0.0,0.0,0.0,0.0,0.0,0.0,0.0,0.0,0.0,0.0,0.0,0.0,0.0,0.0,0.0,0.0,0.0,0.0,0.0,0.0,0.0,0.0,0.0,0.0,0.0,0.0,0.0,0.05782115642943494,62.22947368421052,0.35650623885916666,56.1,0.17857142857142794,56.03333333333333,0.05773502690175737,-90.02765437567987,0.5798150064957962,-14.642407563064097,-2.306327616794812,63.698571428571434,10.049966618991268,0.0,medium
2018-03-01,56.3,0.0,0.0,0.0,0.0,0.0,0.0,0.0,0.0,0.0,0.0,0.0,0.0,0.0,0.0,0.0,0.0,0.0,0.0,0.0,0.0,0.0,0.0,0.0,0.0,0.0,0.0,0.0,0.0,0.0,0.0,0.0,0.0,0.0,0.0,0.0,0.0,0.0,0.0,0.0,0.0,0.0,0.0,0.0,0.0,0.0,0.0,0.0,0.0,0.0,0.0,0.0,0.0,0.0,0.0,0.0,0.432940427749301,62.724761904761905,0.0,56.3,0.35650623885916666,56.13333333333333,0.15275252315877477,648.7578154505824,0.05782115642943494,-90.02765437567987,0.7959061699039482,62.22947368421052,-2.306327616794812,0.1776198934280604,high
2018-04-01,56.4,0.0,0.0,0.0,0.0,0.0,0.0,0.0,0.0,0.0,0.0,0.0,0.0,0.0,0.0,0.0,0.0,0.0,0.0,0.0,0.0,0.0,0.0,0.0,0.0,0.0,0.0,0.0,0.0,0.0,0.0,0.0,0.0,0.0,0.0,0.0,0.0,0.0,0.0,0.0,0.0,0.0,0.0,0.0,0.0,0.0,0.0,0.0,0.0,0.0,0.0,0.0,0.0,0.0,0.0,0.0,0.5111970487550115,66.25380952380952,0.1776198934280604,56.3,0.0,56.23333333333333,0.11547005382954094,18.07560948108682,0.432940427749301,648.7578154505824,5.626243148448995,62.724761904761905,0.7959061699039482,-0.35460992907800915,low
2018-05-01,56.2,0.0,0.0,0.0,0.0,0.0,0.0,0.0,0.0,0.0,0.0,0.0,0.0,0.0,0.0,0.0,0.0,0.0,0.0,0.0,0.0,0.0,0.0,0.0,0.0,0.0,0.0,0.0,0.0,0.0,0.0,0.0,0.0,0.0,0.0,0.0,0.0,0.0,0.0,0.0,0.0,0.0,0.0,0.0,0.0,0.0,0.0,0.0,0.0,0.0,0.0,0.0,0.0,0.0,0.0,0.0,0.375299396565414,69.97818181818182,-0.35460992907800915,56.4,0.1776198934280604,56.333333333333336,0.0577350269024204,-26.584201243056416,0.5111970487550115,18.07560948108682,5.6213707877943,66.25380952380952,5.626243148448995,0.0,medium
2018-06-01,56.2,0.0,0.0,0.0,0.0,0.0,0.0,0.0,0.0,0.0,0.0,0.0,0.0,0.0,0.0,0.0,0.0,0.0,0.0,0.0,0.0,0.0,0.0,0.0,0.0,0.0,0.0,0.0,0.0,0.0,0.0,0.0,0.0,0.0,0.0,0.0,0.0,0.0,0.0,0.0,0.0,0.0,0.0,0.0,0.0,0.0,0.0,0.0,0.0,0.0,0.0,0.0,0.0,0.0,0.0,0.0,0.42857576915045187,67.87333333333333,0.0,56.2,-0.35460992907800915,56.29999999999999,0.09999999999040295,14.195698973300086,0.375299396565414,-26.584201243056416,-3.007863922954346,69.97818181818182,5.6213707877943,-0.5338078291814985,low
2018-07-01,55.9,0.0,0.0,0.0,0.0,0.0,0.0,0.0,0.0,0.0,0.0,0.0,0.0,0.0,0.0,0.0,0.0,0.0,0.0,0.0,0.0,0.0,0.0,0.0,0.0,0.0,0.0,0.0,0.0,0.0,0.0,0.0,0.0,0.0,0.0,0.0,0.0,0.0,0.0,0.0,0.0,0.0,0.0,0.0,0.0,0.0,0.0,0.0,0.0,0.0,0.0,0.0,0.0,0.0,0.0,0.0,0.4410699053001991,70.98142857142857,-0.5338078291814985,56.2,0.0,56.26666666666667,0.1154700538295753,2.915268909045854,0.42857576915045187,14.195698973300086,4.5792582822344,67.87333333333333,-3.007863922954346,-0.7155635062611743,low
2018-08-01,55.5,0.0,0.0,0.0,0.0,0.0,0.0,0.0,0.0,0.0,0.0,0.0,0.0,0.0,0.0,0.0,0.0,0.0,0.0,0.0,0.0,0.0,0.0,0.0,0.0,0.0,0.0,0.0,0.0,0.0,0.0,0.0,0.0,0.0,0.0,0.0,0.0,0.0,0.0,0.0,0.0,0.0,0.0,0.0,0.0,0.0,0.0,0.0,0.0,0.0,0.0,0.0,0.0,0.0,0.0,0.0,0.5256190112134366,68.05565217391305,-0.7155635062611743,55.9,-0.5338078291814985,56.1,0.1732050807512015,19.169094263117326,0.4410699053001991,2.915268909045854,-4.121889987845639,70.98142857142857,4.5792582822344,0.7207207207207134,high
2018-09-01,55.9,0.0,0.0,0.0,0.0,0.0,0.0,0.0,0.0,0.0,0.0,0.0,0.0,0.0,0.0,0.0,0.0,0.0,0.0,0.0,0.0,0.0,0.0,0.0,0.0,0.0,0.0,0.0,0.0,0.0,0.0,0.0,0.0,0.0,0.0,0.0,0.0,0.0,0.0,0.0,0.0,0.0,0.0,0.0,0.0,0.0,0.0,0.0,0.0,0.0,0.0,0.0,0.0,0.0,0.0,0.0,0.46491204379526374,70.2321052631579,0.7207207207207134,55.5,-0.7155635062611743,55.86666666666667,0.3511884584255341,-11.549614097485861,0.5256190112134366,19.169094263117326,3.198048978625656,68.05565217391305,-4.121889987845639,-0.5366726296958779,low
2018-10-01,55.6,0.0,0.0,0.0,0.0,0.0,0.0,0.0,0.0,0.0,0.0,0.0,0.0,0.0,0.0,0.0,0.0,0.0,0.0,0.0,0.0,0.0,0.0,0.0,0.0,0.0,0.0,0.0,0.0,0.0,0.0,0.0,0.0,0.0,0.0,0.0,0.0,0.0,0.0,0.0,0.0,0.0,0.0,0.0,0.0,0.0,0.0,0.0,0.0,0.0,0.0,0.0,0.0,0.0,0.0,0.0,0.5282675755716932,70.74869565217391,-0.5366726296958779,55.9,0.7207207207207134,55.76666666666667,0.23094010767139733,13.627423213051838,0.46491204379526374,-11.549614097485861,0.7355473498627862,70.2321052631579,3.198048978625656,0.0,medium
2018-11-01,55.6,0.0,0.0,0.0,0.0,0.0,0.0,0.0,0.0,0.0,0.0,0.0,0.0,0.0,0.0,0.0,0.0,0.0,0.0,0.0,0.0,0.0,0.0,0.0,0.0,0.0,0.0,0.0,0.0,0.0,0.0,0.0,0.0,0.0,0.0,0.0,0.0,0.0,0.0,0.0,0.0,0.0,0.0,0.0,0.0,0.0,0.0,0.0,0.0,0.0,0.0,0.0,0.0,0.0,0.0,0.0,0.45436868140703707,56.963499999999996,0.0,55.6,-0.5366726296958779,55.666666666666664,0.20816659994161302,-13.988913494204613,0.5282675755716932,13.627423213051838,-19.48473470090092,70.74869565217391,0.7355473498627862,0.0,medium
2018-12-01,55.6,0.0,0.0,0.0,0.0,0.0,0.0,0.0,0.0,0.0,0.0,0.0,0.0,0.0,0.0,0.0,0.0,0.0,0.0,0.0,0.0,0.0,0.0,0.0,0.0,0.0,0.0,0.0,0.0,0.0,0.0,0.0,0.0,0.0,0.0,0.0,0.0,0.0,0.0,0.0,0.0,0.0,0.0,0.0,0.0,0.0,0.0,0.0,0.0,0.0,0.0,0.0,0.0,0.0,0.0,0.0,0.46137178297834314,49.522777777777776,0.0,55.6,0.0,55.699999999999996,0.1732050807509005,1.541281751554635,0.45436868140703707,-13.988913494204613,-13.062263067090718,56.963499999999996,-19.48473470090092,-0.8992805755395739,low
2019-01-01,55.1,0.0,0.0,0.0,0.0,0.0,0.0,0.0,0.0,0.0,0.0,0.0,0.0,0.0,0.0,0.0,0.0,0.0,0.0,0.0,0.0,0.0,0.0,0.0,0.0,0.0,0.0,0.0,0.0,0.0,0.0,0.0,0.0,0.0,0.0,0.0,0.0,0.0,0.0,0.0,0.0,0.0,0.0,0.0,0.0,0.0,0.0,0.0,0.0,0.0,0.0,0.0,0.0,0.0,0.0,0.0,0.5134921535369111,51.37571428571429,-0.8992805755395739,55.6,0.0,55.6,0.0,11.296826655091419,0.46137178297834314,1.541281751554635,3.7415843599305942,49.522777777777776,-13.062263067090718,0.0,medium
2019-02-01,55.1,0.0,0.0,0.0,0.0,0.0,0.0,0.0,0.0,0.0,0.0,0.0,0.0,0.0,0.0,0.0,0.0,0.0,0.0,0.0,0.0,0.0,0.0,0.0,0.0,0.0,0.0,0.0,0.0,0.0,0.0,0.0,0.0,0.0,0.0,0.0,0.0,0.0,0.0,0.0,0.0,0.0,0.0,0.0,0.0,0.0,0.0,0.0,0.0,0.0,0.0,0.0,0.0,0.0,0.0,0.0,0.14293519327039697,54.95473684210527,0.0,55.1,-0.8992805755395739,55.43333333333334,0.28867513459110833,-72.1640939815992,0.5134921535369111,11.296826655091419,6.96637040701189,51.37571428571429,3.7415843599305942,0.0,medium
2019-03-01,55.1,0.0,0.0,0.0,0.0,0.0,0.0,0.0,0.0,0.0,0.0,0.0,0.0,0.0,0.0,0.0,0.0,0.0,0.0,0.0,0.0,0.0,0.0,0.0,0.0,0.0,0.0,0.0,0.0,0.0,0.0,0.0,0.0,0.0,0.0,0.0,0.0,0.0,0.0,0.0,0.0,0.0,0.0,0.0,0.0,0.0,0.0,0.0,0.0,0.0,0.0,0.0,0.0,0.0,0.0,0.0,0.21290441198430024,58.151428571428575,0.0,55.1,0.0,55.26666666666667,0.28867513459103805,48.95170819235493,0.14293519327039697,-72.1640939815992,5.8169539388532865,54.95473684210527,6.96637040701189,0.1814882032667997,high
2019-04-01,55.2,0.0,0.0,0.0,0.0,0.0,0.0,0.0,0.0,0.0,0.0,0.0,0.0,0.0,0.0,0.0,0.0,0.0,0.0,0.0,0.0,0.0,0.0,0.0,0.0,0.0,0.0,0.0,0.0,0.0,0.0,0.0,0.0,0.0,0.0,0.0,0.0,0.0,0.0,0.0,0.0,0.0,0.0,0.0,0.0,0.0,0.0,0.0,0.0,0.0,0.0,0.0,0.0,0.0,0.0,0.0,0.013767561464390787,63.862380952380946,0.1814882032667997,55.1,0.0,55.1,0.0,-93.53345412804033,0.21290441198430024,48.95170819235493,9.820829034212796,58.151428571428575,5.8169539388532865,-0.18115942028985588,medium
2019-05-01,55.1,0.0,0.0,0.0,0.0,0.0,0.0,0.0,0.0,0.0,0.0,0.0,0.0,0.0,0.0,0.0,0.0,0.0,0.0,0.0,0.0,0.0,0.0,0.0,0.0,0.0,0.0,0.0,0.0,0.0,0.0,0.0,0.0,0.0,0.0,0.0,0.0,0.0,0.0,0.0,0.0,0.0,0.0,0.0,0.0,0.0,0.0,0.0,0.0,0.0,0.0,0.0,0.0,0.0,0.0,0.0,-0.6233868236070488,60.82681818181818,-0.18115942028985588,55.2,0.1814882032667997,55.13333333333333,0.05773502689981028,-4627.9392811821635,0.013767561464390787,-93.53345412804033,-4.75328781247012,63.862380952380946,9.820829034212796,0.3629764065335772,high
2019-06-01,55.3,0.0,0.0,0.0,0.0,0.0,0.0,0.0,0.0,0.0,0.0,0.0,0.0,0.0,0.0,0.0,0.0,0.0,0.0,0.0,0.0,0.0,0.0,0.0,0.0,0.0,0.0,0.0,0.0,0.0,0.0,0.0,0.0,0.0,0.0,0.0,0.0,0.0,0.0,0.0,0.0,0.0,0.0,0.0,0.0,0.0,0.0,0.0,0.0,0.0,0.0,0.0,0.0,0.0,0.0,0.0,-0.47404503414701377,54.657500000000006,0.3629764065335772,55.1,-0.18115942028985588,55.13333333333333,0.05773502689981028,-23.956520061799136,-0.6233868236070488,-4627.9392811821635,-10.14243119437448,60.82681818181818,-4.75328781247012,0.1808318264014508,high
2019-07-01,55.4,0.0,0.0,0.0,0.0,0.0,0.0,0.0,0.0,0.0,0.0,0.0,0.0,0.0,0.0,0.0,0.0,0.0,0.0,0.0,0.0,0.0,0.0,0.0,0.0,0.0,0.0,0.0,0.0,0.0,0.0,0.0,0.0,0.0,0.0,0.0,0.0,0.0,0.0,0.0,0.0,0.0,0.0,0.0,0.0,0.0,0.0,0.0,0.0,0.0,0.0,0.0,0.0,0.0,0.0,0.0,-0.45547791717228536,57.35809523809524,0.1808318264014508,55.3,0.3629764065335772,55.199999999999996,0.09999999998902241,-3.9167411611299108,-0.47404503414701377,-23.956520061799136,4.940941751992378,54.657500000000006,-10.14243119437448,0.18050541516245744,high
2019-08-01,55.5,0.0,0.0,0.0,0.0,0.0,0.0,0.0,0.0,0.0,0.0,0.0,0.0,0.0,0.0,0.0,0.0,0.0,0.0,0.0,0.0,0.0,0.0,0.0,0.0,0.0,0.0,0.0,0.0,0.0,0.0,0.0,0.0,0.0,0.0,0.0,0.0,0.0,0.0,0.0,0.0,0.0,0.0,0.0,0.0,0.0,0.0,0.0,0.0,0.0,0.0,0.0,0.0,0.0,0.0,0.0,-0.29262739401777016,54.80590909090909,0.18050541516245744,55.4,0.1808318264014508,55.26666666666667,0.15275252315806287,-35.75376917623796,-0.45547791717228536,-3.9167411611299108,-4.449565726671967,57.35809523809524,4.940941751992378,0.18018018018017834,high
2019-09-01,55.6,0.0,0.0,0.0,0.0,0.0,0.0,0.0,0.0,0.0,0.0,0.0,0.0,0.0,0.0,0.0,0.0,0.0,0.0,0.0,0.0,0.0,0.0,0.0,0.0,0.0,0.0,0.0,0.0,0.0,0.0,0.0,0.0,0.0,0.0,0.0,0.0,0.0,0.0,0.0,0.0,0.0,0.0,0.0,0.0,0.0,0.0,0.0,0.0,0.0,0.0,0.0,0.0,0.0,0.0,0.0,0.12583299773669981,56.947,0.18018018018017834,55.5,0.18050541516245744,55.4,0.09999999998928293,-143.00109979760077,-0.29262739401777016,-35.75376917623796,3.9066789413882086,54.80590909090909,-4.449565726671967,-0.17985611510791255,medium
2019-10-01,55.5,0.0,0.0,0.0,0.0,0.0,0.0,0.0,0.0,0.0,0.0,0.0,0.0,0.0,0.0,0.0,0.0,0.0,0.0,0.0,0.0,0.0,0.0,0.0,0.0,0.0,0.0,0.0,0.0,0.0,0.0,0.0,0.0,0.0,0.0,0.0,0.0,0.0,0.0,0.0,0.0,0.0,0.0,0.0,0.0,0.0,0.0,0.0,0.0,0.0,0.0,0.0,0.0,0.0,0.0,0.0,0.08380318888225925,53.96304347826087,-0.17985611510791255,55.6,0.18018018018017834,55.5,0.09999999998940906,-33.401261680490315,0.12583299773669981,-143.00109979760077,-5.239883614130914,56.947,3.9066789413882086,0.0,medium
2019-11-01,55.5,0.0,0.0,0.0,0.0,0.0,0.0,0.0,0.0,0.0,0.0,0.0,0.0,0.0,0.0,0.0,0.0,0.0,0.0,0.0,0.0,0.0,0.0,0.0,0.0,0.0,0.0,0.0,0.0,0.0,0.0,0.0,0.0,0.0,0.0,0.0,0.0,0.0,0.0,0.0,0.0,0.0,0.0,0.0,0.0,0.0,0.0,0.0,0.0,0.0,0.0,0.0,0.0,0.0,0.0,0.0,0.14210760554335486,57.048947368421054,0.0,55.5,-0.17985611510791255,55.53333333333333,0.05773502690069124,69.57302871017403,0.08380318888225925,-33.401261680490315,5.718550495402175,53.96304347826087,-5.239883614130914,0.18018018018017834,high
2019-12-01,55.6,0.0,0.0,0.0,0.0,0.0,0.0,0.0,0.0,0.0,0.0,0.0,0.0,0.0,0.0,0.0,0.0,0.0,0.0,0.0,0.0,0.0,0.0,0.0,0.0,0.0,0.0,0.0,0.0,0.0,0.0,0.0,0.0,0.0,0.0,0.0,0.0,0.0,0.0,0.0,0.0,0.0,0.0,0.0,0.0,0.0,0.0,0.0,0.0,0.0,0.0,0.0,0.0,0.0,0.0,0.0,0.03642046324020268,59.81666666666667,0.18018018018017834,55.5,0.0,55.53333333333333,0.05773502690069124,-74.37120757826621,0.14210760554335486,69.57302871017403,4.851481799255186,57.048947368421054,5.718550495402175,-0.17985611510791255,medium
2020-01-01,55.5,31.0,0.4749225806451613,0.25806451612903225,71.2258064516129,15255.677419354839,4833.225806451613,1.0,0.5967741935483871,0.12903225806451613,0.25806451612903225,0.12903225806451613,0.06451612903225806,1.0,2.0,1.0,5.0,3.0,1.0,1.0,1.0,1.0,2.0,1.0,5.0,0.0,6.0,1.0,13.0,0.0,0.0,0.0,0.0,0.0,0.0,0.0,0.0,0.0,0.0,0.0,0.0,0.0,0.0,0.0,0.0,0.0,0.0,0.0,0.0,0.0,0.0,0.0,0.0,0.0,0.0,0.0,0.053458217541554456,57.519047619047626,-0.17985611510791255,55.6,0.18018018018017834,55.53333333333334,0.05773502690069124,46.780718270888656,0.03642046324020268,-74.37120757826621,-3.8411017792461033,59.81666666666667,4.851481799255186,-0.18018018018017834,medium
2020-02-01,55.4,25.0,0.583968,0.2,74.4,19627.2,4787.56,1.0,0.52,-0.04,0.12,0.04,0.08,1.0,1.0,0.0,3.0,5.0,0.0,0.0,0.0,1.0,1.0,0.0,1.0,0.0,2.0,1.0,10.0,0.0,0.0,0.0,0.0,0.0,0.0,0.0,0.0,0.0,0.0,0.0,0.0,0.0,0.0,0.0,0.0,0.0,0.0,0.0,0.0,0.0,0.0,0.0,0.0,0.0,0.0,0.0,1.2853829691241427,50.54263157894737,-0.18018018018017834,55.5,-0.17985611510791255,55.53333333333334,0.05773502690069124,2304.462827674681,0.053458217541554456,46.780718270888656,-12.128879612725008,57.519047619047626,-3.8411017792461033,0.3610108303249149,high
2020-03-01,55.6,23.0,0.2897,0.34782608695652173,73.17391304347827,35103.04347826087,5000.0,1.0,0.6521739130434783,0.043478260869565216,0.13043478260869565,0.043478260869565216,0.043478260869565216,1.0,1.0,0.0,8.0,3.0,0.0,0.0,1.0,1.0,1.0,0.0,4.0,1.0,3.0,4.0,13.0,0.0,0.0,0.0,0.0,0.0,0.0,0.0,0.0,0.0,0.0,0.0,0.0,0.0,0.0,0.0,0.0,0.0,0.0,0.0,0.0,0.0,0.0,0.0,0.0,0.0,0.0,0.0,2.6574602824660247,29.207727272727276,0.3610108303249149,55.4,-0.18018018018017834,55.5,0.09999999998940906,106.74463146783503,1.2853829691241427,2304.462827674681,-42.211700577749035,50.54263157894737,-12.128879612725008,-1.258992805755399,low
2020-04-01,54.9,28.0,0.30412142857142854,0.35714285714285715,72.46428571428571,37366.857142857145,4850.285714285715,1.0,0.375,0.10714285714285714,0.10714285714285714,0.10714285714285714,0.0,1.0,2.0,2.0,6.0,1.0,0.0,1.0,0.0,1.0,2.0,0.0,1.0,0.0,4.0,1.0,13.0,1.0,0.0,0.0,0.0,0.0,0.0,0.0,0.0,0.0,0.0,0.0,0.0,0.0,0.0,0.0,0.0,0.0,0.0,0.0,0.0,0.0,0.0,0.0,0.0,0.0,0.0,0.0,3.3745474475362416,16.547619047619047,-1.258992805755399,55.6,0.3610108303249149,55.5,0.09999999998940906,26.983927842744148,2.6574602824660247,106.74463146783503,-43.34506449918001,29.207727272727276,-42.211700577749035,0.0,medium
2020-05-01,54.9,24.0,0.511675,0.25,68.75,23871.208333333332,4417.416666666667,1.0,0.4791666666666667,-0.041666666666666664,0.125,0.041666666666666664,0.08333333333333333,1.0,1.0,2.0,11.0,0.0,0.0,1.0,0.0,0.0,1.0,0.0,2.0,0.0,1.0,3.0,7.0,0.0,0.0,0.0,0.0,0.0,0.0,0.0,0.0,0.0,0.0,0.0,0.0,0.0,0.0,0.0,0.0,0.0,0.0,0.0,0.0,0.0,0.0,0.0,0.0,0.0,0.0,0.0,2.5655355793873724,28.5625,0.0,54.9,-1.258992805755399,55.300000000000004,0.3605551275433904,-23.973936675257868,3.3745474475362416,26.983927842744148,72.60791366906476,16.547619047619047,-43.34506449918001,0.0,medium
2020-06-01,54.9,28.0,0.07426071428571428,0.4642857142857143,72.32142857142857,23096.64285714286,4504.214285714285,1.0,0.44642857142857145,0.0,0.07142857142857142,0.03571428571428571,0.03571428571428571,1.0,0.0,0.0,10.0,4.0,1.0,0.0,1.0,3.0,0.0,0.0,6.0,1.0,1.0,3.0,10.0,0.0,0.0,0.0,0.0,0.0,0.0,0.0,0.0,0.0,0.0,0.0,0.0,0.0,0.0,0.0,0.0,0.0,0.0,0.0,0.0,0.0,0.0,0.0,0.0,0.0,0.0,0.0,2.2548557705421537,38.307272727272725,0.0,54.9,0.0,55.133333333333326,0.40414518843000163,-12.109744699756074,2.5655355793873724,-23.973936675257868,34.11736622239903,28.5625,72.60791366906476,-0.36429872495445936,low
2020-07-01,54.7,17.0,0.5330470588235294,0.23529411764705882,66.76470588235294,14698.058823529413,4797.64705882353,1.0,0.7941176470588235,0.17647058823529413,0.17647058823529413,0.11764705882352941,0.0,1.0,0.0,0.0,4.0,4.0,1.0,0.0,1.0,2.0,0.0,0.0,1.0,1.0,2.0,0.0,7.0,0.0,0.0,0.0,0.0,0.0,0.0,0.0,0.0,0.0,0.0,0.0,0.0,0.0,0.0,0.0,0.0,0.0,0.0,0.0,0.0,0.0,0.0,0.0,0.0,0.0,0.0,0.0,2.9570171390553996,40.710454545454546,-0.36429872495445936,54.9,0.0,54.9,0.0,31.13996813837985,2.2548557705421537,-12.109744699756074,6.273434904361874,38.307272727272725,34.11736622239903,-0.1828153564899515,medium
2020-08-01,54.6,32.0,0.803740625,0.0625,74.125,24513.9375,4759.78125,1.0,0.5625,0.09375,0.15625,0.0625,0.03125,1.0,0.0,2.0,10.0,1.0,0.0,0.0,1.0,0.0,0.0,2.0,3.0,2.0,4.0,2.0,12.0,1.0,0.0,0.0,0.0,0.0,0.0,0.0,0.0,0.0,0.0,0.0,0.0,0.0,0.0,0.0,0.0,0.0,0.0,0.0,0.0,0.0,0.0,0.0,0.0,0.0,0.0,0.0,1.4706110224542075,42.33904761904762,-0.1828153564899515,54.7,-0.36429872495445936,54.833333333333336,0.11547005382800823,-50.267078163639425,2.9570171390553996,31.13996813837985,4.000429599170152,40.710454545454546,6.273434904361874,0.1831501831501825,high
2020-09-01,54.7,26.0,0.3673961538461538,0.3076923076923077,72.26923076923077,24115.76923076923,4777.807692307692,1.0,0.7115384615384616,0.2692307692307692,0.34615384615384615,0.15384615384615385,0.038461538461538464,1.0,1.0,3.0,6.0,2.0,1.0,0.0,3.0,2.0,1.0,2.0,1.0,0.0,3.0,0.0,10.0,1.0,0.0,0.0,0.0,0.0,0.0,0.0,0.0,0.0,0.0,0.0,0.0,0.0,0.0,0.0,0.0,0.0,0.0,0.0,0.0,0.0,0.0,0.0,0.0,0.0,0.0,0.0,0.6155460858322765,39.63428571428571,0.1831501831501825,54.6,-0.1828153564899515,54.73333333333333,0.15275252315761617,-58.14351474089787,1.4706110224542075,-50.267078163639425,-6.38833903185173,42.33904761904762,4.000429599170152,-1.6453382084095192,low
2020-10-01,53.8,18.0,0.5338555555555556,0.2222222222222222,74.44444444444444,23286.11111111111,4811.777777777777,1.0,0.6944444444444444,0.05555555555555555,0.16666666666666666,0.1111111111111111,0.05555555555555555,1.0,2.0,0.0,4.0,1.0,0.0,0.0,0.0,0.0,2.0,0.0,0.0,0.0,0.0,1.0,10.0,0.0,0.0,0.0,0.0,0.0,0.0,0.0,0.0,0.0,0.0,0.0,0.0,0.0,0.0,0.0,0.0,0.0,0.0,0.0,0.0,0.0,0.0,0.0,0.0,0.0,0.0,0.0,0.10192458448206186,39.39590909090909,-1.6453382084095192,54.7,0.1831501831501825,54.666666666666664,0.05773502689877092,-83.44159977164827,0.6155460858322765,-58.14351474089787,-0.6014404424871334,39.63428571428571,-6.38833903185173,0.18587360594795044,high
2020-11-01,53.9,28.0,0.7334107142857142,0.14285714285714285,73.28571428571429,18974.5,4481.464285714285,1.0,0.6428571428571429,0.07142857142857142,0.21428571428571427,0.07142857142857142,0.07142857142857142,1.0,0.0,2.0,9.0,4.0,1.0,0.0,1.0,2.0,0.0,1.0,3.0,0.0,3.0,1.0,13.0,0.0,0.0,0.0,0.0,0.0,0.0,0.0,0.0,0.0,0.0,0.0,0.0,0.0,0.0,0.0,0.0,0.0,0.0,0.0,0.0,0.0,0.0,0.0,0.0,0.0,0.0,0.0,0.7671882937596163,40.93736842105263,0.18587360594795044,53.8,-1.6453382084095192,54.366666666666674,0.4932882862291877,652.7019096110586,0.10192458448206186,-83.44159977164827,3.9127395856927816,39.39590909090909,-0.6014404424871334,0.37105751391466324,high
2020-12-01,54.1,31.0,0.3753516129032258,0.3225806451612903,70.38709677419355,16158.129032258064,4610.677419354839,1.0,0.5806451612903226,0.1935483870967742,0.1935483870967742,0.12903225806451613,0.0,1.0,1.0,2.0,10.0,4.0,1.0,0.0,0.0,2.0,1.0,2.0,1.0,1.0,6.0,3.0,13.0,0.0,0.0,0.0,0.0,0.0,0.0,0.0,0.0,0.0,0.0,0.0,0.0,0.0,0.0,0.0,0.0,0.0,0.0,0.0,0.0,0.0,0.0,0.0,0.0,0.0,0.0,0.0,1.7043838753260958,47.025,0.37105751391466324,53.9,0.18587360594795044,54.13333333333333,0.4932882862291272,122.15978648132655,0.7671882937596163,652.7019096110586,14.870598218073816,40.93736842105263,3.9127395856927816,0.0,medium
2021-01-01,54.1,25.0,0.24449200000000001,0.4,71.16,27681.48,4300.24,1.0,0.62,0.56,0.56,0.2,0.0,1.0,2.0,3.0,6.0,6.0,2.0,0.0,3.0,5.0,2.0,3.0,2.0,1.0,6.0,4.0,13.0,1.0,0.0,0.0,0.0,0.0,0.0,0.0,0.0,0.0,0.0,0.0,0.0,0.0,0.0,0.0,0.0,0.0,0.0,0.0,0.0,0.0,0.0,0.0,0.0,0.0,0.0,0.0,1.3553748539294326,52.008421052631576,0.0,54.1,0.37105751391466324,53.93333333333334,0.15275252315695317,-20.477137014094794,1.7043838753260958,122.15978648132655,10.597386608466941,47.025,14.870598218073816,0.0,medium
2021-02-01,54.1,23.0,0.44709565217391306,0.30434782608695654,73.82608695652173,28766.391304347828,4725.652173913043,1.0,0.41304347826086957,0.21739130434782608,0.21739130434782608,0.13043478260869565,0.0,1.0,2.0,0.0,5.0,5.0,0.0,0.0,2.0,1.0,2.0,0.0,1.0,2.0,2.0,0.0,11.0,1.0,0.0,0.0,0.0,0.0,0.0,0.0,0.0,0.0,0.0,0.0,0.0,0.0,0.0,0.0,0.0,0.0,0.0,0.0,0.0,0.0,0.0,0.0,0.0,0.0,0.0,0.0,1.981764952381174,59.04631578947369,0.0,54.1,0.0,54.03333333333333,0.11547005382713377,46.21526632545556,1.3553748539294326,-20.477137014094794,13.53222150259068,52.008421052631576,10.597386608466941,0.3696857670979492,high
2021-03-01,54.3,30.0,0.44928333333333337,0.26666666666666666,72.8,17287.066666666666,4812.766666666666,1.0,0.6166666666666667,0.43333333333333335,0.43333333333333335,0.23333333333333334,0.0,1.0,4.0,1.0,12.0,6.0,2.0,0.0,3.0,5.0,4.0,1.0,3.0,0.0,4.0,3.0,16.0,2.0,0.0,0.0,0.0,0.0,0.0,0.0,0.0,0.0,0.0,0.0,0.0,0.0,0.0,0.0,0.0,0.0,0.0,0.0,0.0,0.0,0.0,0.0,0.0,0.0,0.0,0.0,2.310850183939823,62.333043478260876,0.3696857670979492,54.1,0.0,54.1,0.0,16.605664115880113,1.981764952381174,46.21526632545556,5.566355232908737,59.04631578947369,13.53222150259068,-0.18416206261508972,medium
2021-04-01,54.2,28.0,0.4417535714285714,0.2857142857142857,75.14285714285714,21439.39285714286,4703.428571428572,1.0,0.6785714285714286,0.42857142857142855,0.42857142857142855,0.2857142857142857,0.0,1.0,7.0,0.0,14.0,8.0,1.0,0.0,8.0,6.0,7.0,0.0,3.0,0.0,6.0,4.0,12.0,1.0,0.0,0.0,0.0,0.0,0.0,0.0,0.0,0.0,0.0,0.0,0.0,0.0,0.0,0.0,0.0,0.0,0.0,0.0,0.0,0.0,0.0,0.0,0.0,0.0,0.0,0.0,2.7979406483605382,61.71666666666666,-0.18416206261508972,54.3,0.3696857670979492,54.166666666666664,0.11547005382728351,21.078409487812966,2.310850183939823,16.605664115880113,-0.9888444029035437,62.333043478260876,5.566355232908737,0.5535055350553542,high
2021-05-01,54.5,52.0,0.49490576923076923,0.2692307692307692,71.21153846153847,21996.0,4717.384615384615,1.0,0.6057692307692307,0.5961538461538461,0.5961538461538461,0.28846153846153844,0.0,1.0,12.0,1.0,13.0,8.0,3.0,1.0,7.0,7.0,12.0,1.0,4.0,2.0,4.0,5.0,20.0,3.0,0.0,0.0,0.0,0.0,0.0,0.0,0.0,0.0,0.0,0.0,0.0,0.0,0.0,0.0,0.0,0.0,0.0,0.0,0.0,0.0,0.0,0.0,0.0,0.0,0.0,0.0,3.0807113599213434,65.1695,0.5535055350553542,54.2,-0.18416206261508972,54.20000000000001,0.0999999999877566,10.106387057441534,2.7979406483605382,21.078409487812966,5.594652984066983,61.71666666666666,-0.9888444029035437,0.3669724770642313,high
2021-06-01,54.7,45.0,0.46558666666666665,0.24444444444444444,72.17777777777778,21858.155555555557,4663.222222222223,1.0,0.6333333333333333,0.8,0.8888888888888888,0.4,0.044444444444444446,1.0,14.0,2.0,17.0,12.0,5.0,1.0,11.0,11.0,14.0,2.0,0.0,0.0,1.0,7.0,22.0,1.0,0.0,4.0,0.46249999999999997,-0.35000000000000003,0.75,0.75,3.0,20315.75,9004.25,0.75,1.75,0.75,0.0,0.25,3.0,3.0,0.0,0.0,0.0,0.0,0.0,0.0,0.0,0.0,0.0,0.0,2.80694496207541,71.37818181818182,0.3669724770642313,54.5,0.5535055350553542,54.333333333333336,0.1527525231572978,-8.886466983162066,3.0807113599213434,10.106387057441534,9.526974763013097,65.1695,5.594652984066983,-0.2778793418647174,low
2021-07-01,54.548,44.0,0.5035136363636363,0.2727272727272727,73.6590909090909,18840.5,4434.659090909091,1.0,0.5568181818181818,0.9318181818181818,0.9318181818181818,0.4772727272727273,0.0,1.0,21.0,1.0,15.0,14.0,2.0,0.0,12.0,12.0,21.0,1.0,1.0,1.0,3.0,6.0,16.0,2.0,0.0,15.0,0.51,-0.35666666666666663,0.6666666666666666,0.6666666666666666,10.0,11770.066666666668,6129.666666666667,0.6,2.0,0.6,0.0,0.4,8.0,8.0,0.0,0.0,0.0,0.0,1.0,1.0,0.0,0.0,0.0,0.0,2.985496949126033,72.4852380952381,-0.2778793418647174,54.7,0.3669724770642313,54.46666666666667,0.2516611478376378,6.3610790187565325,2.80694496207541,-8.886466983162066,1.5509729287812801,71.37818181818182,9.526974763013097,0.3996480164258909,high
2021-08-01,54.766,49.0,0.34248163265306125,0.32653061224489793,74.48979591836735,21169.326530612245,4537.693877551021,1.0,0.5714285714285714,0.7142857142857143,0.7551020408163265,0.42857142857142855,0.02040816326530612,1.0,22.0,0.0,20.0,16.0,0.0,0.0,8.0,11.0,22.0,0.0,3.0,3.0,7.0,7.0,21.0,5.0,0.0,12.0,0.5833333333333334,-0.4041666666666666,0.75,0.75,9.0,13557.5,6625.833333333333,0.75,2.3333333333333335,0.75,0.0,0.25,5.0,5.0,1.0,1.0,0.0,0.0,3.0,3.0,0.0,0.0,0.0,0.0,3.3679891476152863,67.73045454545455,0.3996480164258909,54.548,-0.2778793418647174,54.58266666666666,0.10440945039118588,12.811676079629674,2.985496949126033,6.3610790187565325,-6.559657765814686,72.4852380952381,1.5509729287812801,0.19902859438338805,high
2021-09-01,54.875,55.0,0.4316745454545455,0.2909090909090909,77.50909090909092,20717.054545454546,4616.745454545455,1.0,0.6,0.7636363636363637,0.8,0.43636363636363634,0.01818181818181818,1.0,24.0,1.0,21.0,22.0,0.0,1.0,6.0,18.0,24.0,1.0,1.0,3.0,7.0,6.0,26.0,4.0,0.0,11.0,0.2818181818181818,-0.2,0.36363636363636365,0.36363636363636365,4.0,21833.0,8105.181818181818,0.2727272727272727,0.9090909090909091,0.2727272727272727,0.0,0.7272727272727273,1.0,1.0,0.0,0.0,0.0,0.0,2.0,2.0,0.0,0.0,0.0,0.0,3.4343977093581426,71.64619047619047,0.19902859438338805,54.766,0.3996480164258909,54.67133333333334,0.11179147253262661,1.971756998975982,3.3679891476152863,12.811676079629674,5.781351914755017,67.73045454545455,-6.559657765814686,0.1312072892938554,high
2021-10-01,54.947,54.0,0.27267777777777774,0.3888888888888889,75.94444444444444,15233.611111111111,4396.2962962962965,1.0,0.7407407407407407,0.9259259259259259,1.0,0.5185185185185185,0.037037037037037035,1.0,28.0,1.0,16.0,27.0,1.0,1.0,13.0,23.0,28.0,0.0,0.0,1.0,4.0,8.0,25.0,2.0,0.0,20.0,0.44000000000000006,-0.335,0.6,0.6,12.0,13907.35,6292.75,0.6,2.05,0.6,0.0,0.4,9.0,9.0,0.0,0.0,0.0,0.0,3.0,3.0,0.0,0.0,0.0,0.0,3.980671743872993,81.47666666666666,0.1312072892938554,54.875,0.19902859438338805,54.72966666666667,0.16650025024313914,15.905963162808657,3.4343977093581426,1.971756998975982,13.72086376838566,71.64619047619047,5.781351914755017,0.5532604145813247,high
2021-11-01,55.251,45.0,0.40480444444444447,0.28888888888888886,78.95555555555555,23621.17777777778,4538.7555555555555,1.0,0.6,0.7111111111111111,0.8,0.4222222222222222,0.044444444444444446,1.0,18.0,0.0,19.0,19.0,1.0,1.0,10.0,16.0,18.0,0.0,2.0,1.0,3.0,8.0,24.0,4.0,0.0,12.0,0.525,-0.31666666666666665,0.6666666666666666,0.6666666666666666,8.0,7525.083333333333,5604.833333333333,0.5833333333333334,2.0,0.5833333333333334,0.0,0.4166666666666667,5.0,5.0,0.0,0.0,0.0,0.0,2.0,2.0,0.0,0.0,0.0,0.0,4.391446467961164,79.14750000000001,0.5532604145813247,54.947,0.1312072892938554,54.86266666666666,0.09112811493202053,10.319231288549013,3.980671743872993,15.905963162808657,-2.8586916499611204,81.47666666666666,13.72086376838566,0.3058768167092163,high
2021-12-01,55.42,30.0,0.29908666666666667,0.36666666666666664,79.4,16630.233333333334,4638.233333333334,1.0,0.6,0.8333333333333334,0.9666666666666667,0.4666666666666667,0.06666666666666667,1.0,14.0,2.0,12.0,14.0,2.0,1.0,6.0,9.0,14.0,0.0,6.0,0.0,5.0,1.0,16.0,3.0,0.0,9.0,0.4722222222222222,-0.35555555555555557,0.6666666666666666,0.6666666666666666,6.0,5406.555555555556,5406.555555555556,0.2222222222222222,1.8888888888888888,0.4444444444444444,0.2222222222222222,0.3333333333333333,3.0,3.0,0.0,0.0,0.0,0.0,1.0,1.0,0.0,0.0,2.0,2.0,4.469366382428457,71.71181818181819,0.3058768167092163,55.251,0.5532604145813247,55.02433333333334,0.19957287724314057,1.7743564685525737,4.391446467961164,10.319231288549013,-9.394714701262608,79.14750000000001,-2.8586916499611204,1.6528329123060237,high
2022-01-01,56.336,39.0,0.6158897435897436,0.15384615384615385,79.23076923076923,20086.17948717949,4465.307692307692,1.0,0.5512820512820513,0.5641025641025641,0.6153846153846154,0.3333333333333333,0.02564102564102564,1.0,9.0,1.0,6.0,11.0,1.0,0.0,5.0,8.0,9.0,1.0,3.0,0.0,4.0,0.0,12.0,0.0,0.0,10.0,0.48,-0.3,0.7,0.7,7.0,15622.5,6452.4,0.4,1.1,0.4,0.0,0.6,2.0,2.0,0.0,0.0,0.0,0.0,2.0,2.0,0.0,0.0,1.0,1.0,3.756490607200721,83.22200000000001,1.6528329123060237,55.42,0.3058768167092163,55.205999999999996,0.23968938232183076,-15.950264852540252,4.469366382428457,1.7743564685525737,16.050606594576777,71.71181818181819,-9.394714701262608,0.05325191706901933,medium
2022-02-01,56.366,34.0,0.034994117647058835,0.47058823529411764,80.79411764705883,32064.029411764706,4607.35294117647,1.0,0.4852941176470588,0.7352941176470589,0.7352941176470589,0.38235294117647056,0.0,1.0,8.0,0.0,10.0,5.0,4.0,0.0,5.0,4.0,8.0,0.0,3.0,1.0,5.0,4.0,13.0,1.0,0.0,7.0,0.4857142857142857,-0.35714285714285715,0.7142857142857143,0.7142857142857143,5.0,16541.714285714286,6083.428571428572,0.42857142857142855,1.1428571428571428,0.42857142857142855,0.0,0.5714285714285714,1.0,1.0,0.0,0.0,0.0,0.0,2.0,2.0,0.0,0.0,0.0,0.0,2.836442313587759,91.64105263157894,0.05325191706901933,56.336,1.6528329123060237,55.669000000000004,0.5837867761417203,-24.49222931236259,3.756490607200721,-15.950264852540252,10.116378639757428,83.22200000000001,16.050606594576777,0.6386828939431544,high
2022-03-01,56.726,38.0,-0.0671078947368421,0.5,79.13157894736842,17493.0,4536.3421052631575,1.0,0.5921052631578947,1.263157894736842,1.263157894736842,0.5263157894736842,0.0,1.0,9.0,3.0,10.0,8.0,13.0,0.0,6.0,6.0,9.0,3.0,7.0,1.0,3.0,5.0,13.0,1.0,0.0,8.0,0.275,-0.25,0.375,0.375,3.0,7749.5,5299.125,0.25,0.875,0.25,0.0,0.75,0.0,0.0,0.0,0.0,0.0,0.0,2.0,2.0,0.0,0.0,0.0,0.0,2.8848158398052615,108.50260869565217,0.6386828939431544,56.366,0.05325191706901933,56.040666666666674,0.5377223571057567,1.7054295793633045,2.836442313587759,-24.49222931236259,18.399566111337794,91.64105263157894,10.116378639757428,-0.41956069527200324,low
2022-04-01,56.488,35.0,0.21779428571428572,0.37142857142857144,71.08571428571429,17204.02857142857,4416.885714285714,1.0,0.5857142857142857,0.4857142857142857,0.4857142857142857,0.2,0.0,1.0,5.0,0.0,8.0,6.0,2.0,0.0,2.0,5.0,5.0,0.0,7.0,1.0,1.0,3.0,13.0,0.0,0.0,4.0,0.0,0.0,0.0,0.0,0.0,22224.5,10663.0,0.0,0.0,0.0,0.0,1.0,0.0,0.0,0.0,0.0,0.0,0.0,0.0,0.0,0.0,0.0,0.0,0.0,3.5781470235923547,101.7775,-0.41956069527200324,56.726,0.6386828939431544,56.476,0.21702534413784622,24.03381090121497,2.8848158398052615,1.7054295793633045,-6.198107839522981,108.50260869565217,18.399566111337794,0.24075909927772088,high
2022-05-01,56.624,32.0,0.451340625,0.28125,74.34375,21971.1875,4547.78125,1.0,0.65625,0.6875,0.6875,0.40625,0.0,1.0,8.0,1.0,7.0,4.0,2.0,0.0,5.0,4.0,8.0,1.0,2.0,1.0,4.0,5.0,18.0,1.0,0.0,7.0,0.4071428571428571,-0.24285714285714285,0.5714285714285714,0.5714285714285714,4.0,15676.857142857143,4874.571428571428,0.2857142857142857,0.7142857142857143,0.2857142857142857,0.0,0.7142857142857143,2.0,2.0,0.0,0.0,0.0,0.0,0.0,0.0,1.0,1.0,0.0,0.0,2.788139464603503,109.55238095238094,0.24075909927772088,56.488,-0.41956069527200324,56.526666666666664,0.18308832112261197,-22.078677979970408,3.5781470235923547,24.03381090121497,7.639096020614522,101.7775,-6.198107839522981,0.5156823961570911,high
2022-06-01,56.916,38.0,0.23004999999999998,0.39473684210526316,79.84210526315789,18160.315789473683,4632.4473684210525,1.0,0.631578947368421,0.6052631578947368,0.7105263157894737,0.3157894736842105,0.02631578947368421,1.0,11.0,4.0,13.0,15.0,1.0,0.0,5.0,10.0,11.0,4.0,2.0,0.0,2.0,3.0,11.0,1.0,0.0,7.0,0.5714285714285714,-0.41428571428571426,0.7142857142857143,0.7142857142857143,5.0,4609.571428571428,4609.571428571428,0.5714285714285714,2.0,0.5714285714285714,0.0,0.42857142857142855,3.0,3.0,0.0,0.0,0.0,0.0,1.0,1.0,0.0,0.0,0.0,0.0,2.455172202523147,114.83714285714285,0.5156823961570911,56.624,0.24075909927772088,56.61266666666666,0.11940407585806705,-11.942274276717601,2.788139464603503,-22.078677979970408,4.823958967225939,109.55238095238094,7.639096020614522,-0.19678122144914934,low
2022-07-01,56.804,53.0,0.5785698113207547,0.18867924528301888,79.52830188679245,14916.056603773584,4629.698113207547,1.0,0.6981132075471698,0.5094339622641509,0.5849056603773585,0.3584905660377358,0.03773584905660377,1.0,16.0,1.0,15.0,13.0,1.0,1.0,11.0,4.0,16.0,0.0,6.0,1.0,6.0,4.0,15.0,1.0,0.0,14.0,0.5214285714285715,-0.3,0.7142857142857143,0.7142857142857143,10.0,12619.714285714286,6691.214285714285,0.42857142857142855,1.6428571428571428,0.5,0.07142857142857142,0.42857142857142855,4.0,4.0,0.0,0.0,0.0,0.0,3.0,3.0,0.0,0.0,1.0,1.0,1.8611968484634294,101.619,-0.19678122144914934,56.916,0.5156823961570911,56.675999999999995,0.2186869909212724,-24.192818469079157,2.455172202523147,-11.942274276717601,-11.510337620978772,114.83714285714285,4.823958967225939,-0.3027955777762159,low
2022-08-01,56.632,43.0,0.29286511627906975,0.3488372093023256,83.09302325581395,13754.418604651162,4577.906976744186,1.0,0.5930232558139535,0.6744186046511628,0.7209302325581395,0.3488372093023256,0.023255813953488372,1.0,10.0,2.0,14.0,11.0,3.0,1.0,9.0,8.0,10.0,2.0,3.0,0.0,2.0,2.0,12.0,1.0,0.0,14.0,0.39285714285714285,-0.20714285714285713,0.5,0.5714285714285714,8.0,11738.357142857143,6509.357142857143,0.35714285714285715,1.3571428571428572,0.42857142857142855,0.07142857142857142,0.5,1.0,1.0,0.0,0.0,0.0,0.0,5.0,5.0,0.0,0.0,1.0,1.0,1.5417025507816857,93.66521739130435,-0.3027955777762159,56.804,-0.19678122144914934,56.78133333333333,0.14731372417925034,-17.1660669824104,1.8611968484634294,-24.192818469079157,-7.827062467349267,101.619,-11.510337620978772,0.33549936431700456,high
2022-09-01,56.822,30.0,0.38458333333333333,0.3,77.16666666666667,17887.7,4510.9,1.0,0.5333333333333333,0.5,0.5666666666666667,0.26666666666666666,0.03333333333333333,1.0,4.0,0.0,6.0,4.0,3.0,0.0,7.0,3.0,4.0,0.0,3.0,0.0,0.0,2.0,10.0,0.0,0.0,9.0,0.2777777777777778,-0.08888888888888889,0.3333333333333333,0.4444444444444444,4.0,8051.555555555556,6582.555555555556,0.3333333333333333,0.7777777777777778,0.3333333333333333,0.0,0.6666666666666666,0.0,0.0,0.0,0.0,0.0,0.0,2.0,2.0,1.0,1.0,0.0,0.0,1.046602607573227,84.25809523809524,0.33549936431700456,56.632,-0.3027955777762159,56.784,0.14305243793178782,-32.11384342313174,1.5417025507816857,-17.1660669824104,-10.043346308490442,93.66521739130435,-7.827062467349267,0.8641019323501364,high
2022-10-01,57.313,36.0,0.33277500000000004,0.3333333333333333,77.61111111111111,20304.472222222223,4792.666666666667,1.0,0.6111111111111112,0.4722222222222222,0.4722222222222222,0.16666666666666666,0.0,1.0,2.0,0.0,6.0,10.0,2.0,0.0,7.0,9.0,2.0,0.0,2.0,0.0,3.0,0.0,16.0,1.0,0.0,9.0,0.3222222222222222,-0.15555555555555556,0.3333333333333333,0.4444444444444444,4.0,14154.333333333334,8239.222222222223,0.2222222222222222,0.7777777777777778,0.2222222222222222,0.0,0.7777777777777778,0.0,0.0,0.0,0.0,0.0,0.0,0.0,0.0,2.0,2.0,0.0,0.0,1.1490251900627426,87.5547619047619,0.8641019323501364,56.822,0.33549936431700456,56.75266666666667,0.10488724103318725,9.78619599725672,1.046602607573227,-32.11384342313174,3.9125815238891803,84.25809523809524,-10.043346308490442,0.4850557465147398,high
2022-11-01,57.591,38.0,0.19834473684210527,0.39473684210526316,77.84210526315789,17549.342105263157,4637.578947368421,1.0,0.6052631578947368,0.23684210526315788,0.5,0.21052631578947367,0.13157894736842105,1.0,5.0,1.0,14.0,8.0,2.0,2.0,9.0,6.0,5.0,0.0,4.0,0.0,2.0,1.0,15.0,0.0,0.0,12.0,0.375,-0.2916666666666667,0.5,0.5,6.0,13287.916666666666,6923.166666666667,0.5,1.4166666666666667,0.5,0.0,0.5,2.0,2.0,0.0,0.0,0.0,0.0,2.0,2.0,2.0,2.0,0.0,0.0,1.2785412009790538,84.37047619047618,0.4850557465147398,57.313,0.8641019323501364,56.922333333333334,0.3514119140433311,11.271816495967247,1.1490251900627426,9.78619599725672,-3.636907513664922,87.5547619047619,3.9125815238891803,0.027782118733821193,medium
2022-12-01,57.607,30.0,0.4296166666666667,0.3,78.63333333333334,16070.566666666668,4483.366666666667,1.0,0.43333333333333335,0.13333333333333333,0.4,0.16666666666666666,0.06666666666666667,1.0,4.0,1.0,8.0,3.0,1.0,0.0,2.0,2.0,4.0,0.0,1.0,0.0,2.0,0.0,6.0,1.0,0.0,6.0,0.21666666666666665,-0.11666666666666665,0.3333333333333333,0.3333333333333333,2.0,14399.666666666666,8116.5,0.0,0.6666666666666666,0.16666666666666666,0.16666666666666666,0.6666666666666666,1.0,1.0,0.0,0.0,0.0,0.0,0.0,0.0,0.0,0.0,1.0,1.0,1.340538622063612,76.43714285714286,0.027782118733821193,57.591,0.4850557465147398,57.242,0.38938541318126374,4.84907494862763,1.2785412009790538,11.271816495967247,-9.40297328110712,84.37047619047618,-3.636907513664922,-0.6526984567847616,low
2023-01-01,57.231,25.0,0.44098,0.28,78.4,14111.64,4488.6,1.0,0.62,0.16,0.32,0.16,0.08,1.0,4.0,0.0,12.0,6.0,0.0,0.0,4.0,6.0,4.0,0.0,2.0,0.0,2.0,1.0,9.0,1.0,0.0,8.0,0.35,-0.2,0.5,0.5,4.0,8823.5,7112.625,0.25,1.25,0.375,0.125,0.5,2.0,2.0,0.0,0.0,0.0,0.0,1.0,1.0,0.0,0.0,1.0,1.0,1.0817872109949913,78.123,-0.6526984567847616,57.607,0.027782118733821193,57.50366666666667,0.16531585928682774,-19.302048207331858,1.340538622063612,4.84907494862763,2.205547041453304,76.43714285714286,-9.40297328110712,-0.00698921912950512,medium
2023-02-01,57.227,29.0,0.47337241379310346,0.27586206896551724,77.65517241379311,23359.51724137931,4710.241379310345,1.0,0.6724137931034483,0.4482758620689655,0.5172413793103449,0.27586206896551724,0.034482758620689655,1.0,4.0,0.0,9.0,5.0,4.0,0.0,6.0,4.0,4.0,0.0,2.0,1.0,3.0,2.0,12.0,1.0,0.0,8.0,0.375,-0.2625,0.5,0.5,4.0,5420.125,5420.125,0.125,1.125,0.25,0.125,0.625,0.0,0.0,0.0,0.0,0.0,0.0,1.0,1.0,1.0,1.0,1.0,1.0,-0.22467584376963035,76.83263157894737,-0.00698921912950512,57.231,-0.6526984567847616,57.476333333333336,0.21261545882587143,-120.76894989015273,1.0817872109949913,-19.302048207331858,-1.6517138628222572,78.123,2.205547041453304,0.11183532248764116,high
2023-03-01,57.291,40.0,0.6974925,0.15,82.65,19566.775,4809.5,1.0,0.5875,0.65,0.8,0.425,0.075,1.0,6.0,1.0,8.0,6.0,8.0,2.0,6.0,3.0,6.0,1.0,4.0,1.0,3.0,0.0,20.0,1.0,0.0,11.0,0.3090909090909091,-0.18181818181818182,0.45454545454545453,0.45454545454545453,5.0,6587.636363636364,6305.636363636364,0.45454545454545453,1.0909090909090908,0.45454545454545453,0.0,0.5454545454545454,3.0,3.0,0.0,0.0,0.0,0.0,0.0,0.0,2.0,2.0,0.0,0.0,-1.167684013034566,73.27782608695652,0.11183532248764116,57.227,-0.00698921912950512,57.355,0.21824756584753233,419.71942930893886,-0.22467584376963035,-120.76894989015273,-4.626687149636677,76.83263157894737,-1.6517138628222572,-0.26007575360875723,low
2023-04-01,57.142,24.0,0.6289208333333333,0.16666666666666666,76.20833333333333,13446.708333333334,4530.666666666667,1.0,0.625,0.75,0.75,0.3333333333333333,0.0,1.0,7.0,1.0,13.0,5.0,3.0,0.0,5.0,5.0,7.0,1.0,2.0,0.0,3.0,1.0,12.0,1.0,0.0,7.0,0.5857142857142856,-0.38571428571428573,0.5714285714285714,0.7142857142857143,5.0,5798.142857142857,5798.142857142857,0.2857142857142857,2.4285714285714284,0.42857142857142855,0.14285714285714285,0.42857142857142855,0.0,0.0,0.0,0.0,1.0,1.0,2.0,2.0,1.0,1.0,1.0,1.0,-1.3092244472886132,79.44631578947369,-0.26007575360875723,57.291,0.11183532248764116,57.24966666666666,0.03585154573628201,12.121467166978949,-1.167684013034566,419.71942930893886,8.4179485554023,73.27782608695652,-4.626687149636677,-0.983514752721304,low
2023-05-01,56.58,49.0,0.5003755102040817,0.24489795918367346,82.14285714285714,15015.877551020409,4531.734693877551,1.0,0.6326530612244898,0.3877551020408163,0.46938775510204084,0.30612244897959184,0.04081632653061224,1.0,4.0,5.0,16.0,10.0,4.0,1.0,10.0,8.0,4.0,4.0,2.0,0.0,3.0,1.0,23.0,0.0,0.0,14.0,0.692857142857143,-0.05,0.5,0.8571428571428571,12.0,7993.785714285715,5793.214285714285,0.6428571428571429,2.2142857142857144,0.6428571428571429,0.0,0.35714285714285715,0.0,0.0,1.0,1.0,4.0,4.0,3.0,3.0,2.0,2.0,1.0,1.0,-1.5846057883553717,71.57818181818182,-0.983514752721304,57.142,-0.26007575360875723,57.22,0.07474623735238747,21.033929028522923,-1.3092244472886132,12.121467166978949,-9.903711573160656,79.44631578947369,8.4179485554023,0.270413573700945,high
2023-06-01,56.733,28.0,0.4535642857142857,0.2857142857142857,81.39285714285714,19703.25,4789.142857142857,1.0,0.7142857142857143,0.4642857142857143,0.5357142857142857,0.25,0.03571428571428571,1.0,5.0,0.0,7.0,3.0,2.0,0.0,4.0,2.0,5.0,0.0,1.0,0.0,5.0,1.0,13.0,0.0,0.0,5.0,0.3,-0.24,0.4,0.4,2.0,5407.8,5407.8,0.4,1.2,0.4,0.0,0.6,0.0,0.0,0.0,0.0,0.0,0.0,0.0,0.0,2.0,2.0,0.0,0.0,-1.1114696919561469,70.24809523809525,0.270413573700945,56.58,-0.983514752721304,57.00433333333333,0.3749591088793764,-29.858283989375213,-1.5846057883553717,21.033929028522923,-1.8582290668756718,71.57818181818182,-9.903711573160656,0.3278515149912842,high
2023-07-01,56.919,36.0,0.3421,0.3333333333333333,76.77777777777777,18960.0,4788.583333333333,1.0,0.6805555555555556,0.2777777777777778,0.2777777777777778,0.19444444444444445,0.0,1.0,5.0,0.0,14.0,4.0,2.0,0.0,6.0,4.0,5.0,0.0,5.0,1.0,3.0,1.0,13.0,0.0,0.0,7.0,0.5571428571428572,-0.17142857142857143,0.42857142857142855,0.7142857142857143,5.0,14858.714285714286,6601.142857142857,0.42857142857142855,1.5714285714285714,0.42857142857142855,0.0,0.5714285714285714,1.0,1.0,0.0,0.0,0.0,0.0,2.0,2.0,1.0,1.0,0.0,0.0,-0.9432739248144683,76.0695,0.3278515149912842,56.733,0.270413573700945,56.81833333333333,0.29055521563304726,-15.132735364619798,-1.1114696919561469,-29.858283989375213,8.286921861972196,70.24809523809525,-1.8582290668756718,0.361917813032564,high
2023-08-01,57.125,39.0,0.5944615384615385,0.20512820512820512,81.38461538461539,12645.923076923076,4271.48717948718,1.0,0.6282051282051282,0.3076923076923077,0.6153846153846154,0.28205128205128205,0.15384615384615385,1.0,8.0,0.0,11.0,4.0,3.0,0.0,8.0,1.0,7.0,0.0,2.0,0.0,1.0,0.0,7.0,3.0,1.0,13.0,0.5,-0.07692307692307691,0.38461538461538464,0.6153846153846154,8.0,8971.076923076924,6374.538461538462,0.3076923076923077,1.4615384615384615,0.38461538461538464,0.07692307692307693,0.5384615384615384,2.0,2.0,0.0,0.0,0.0,0.0,1.0,1.0,2.0,2.0,1.0,1.0,-1.0760872452166104,81.38608695652174,0.361917813032564,56.919,0.3278515149912842,56.744,0.16976748804824673,14.080037294390912,-0.9432739248144683,-15.132735364619798,6.989117789024157,76.0695,8.286921861972196,0.4148796498905982,high
2023-09-01,57.362,47.0,0.4619255319148936,0.2765957446808511,87.48936170212765,17863.55319148936,4455.617021276596,1.0,0.7127659574468085,0.1276595744680851,0.2553191489361702,0.1276595744680851,0.06382978723404255,1.0,2.0,0.0,8.0,9.0,3.0,0.0,6.0,7.0,2.0,0.0,4.0,0.0,4.0,1.0,19.0,3.0,0.0,11.0,0.5454545454545454,-0.009090909090909094,0.36363636363636365,0.7272727272727273,8.0,8246.454545454546,5356.454545454545,0.0,1.0,0.18181818181818182,0.18181818181818182,0.6363636363636364,1.0,1.0,0.0,0.0,1.0,1.0,1.0,1.0,0.0,0.0,1.0,1.0,-0.6573187813834965,89.425,0.4148796498905982,57.125,0.361917813032564,56.925666666666665,0.19608501557129104,-38.91584680467224,-1.0760872452166104,14.080037294390912,9.87750283137807,81.38608695652174,6.989117789024157,0.02091977267180134,medium
2023-10-01,57.374,27.0,0.25137777777777776,0.37037037037037035,87.29629629629629,26894.62962962963,4812.555555555556,1.0,0.5925925925925926,0.0,0.2222222222222222,0.07407407407407407,0.1111111111111111,1.0,1.0,1.0,2.0,3.0,0.0,0.0,1.0,1.0,1.0,1.0,1.0,1.0,2.0,0.0,8.0,0.0,0.0,5.0,0.27999999999999997,-0.2,0.4,0.4,2.0,23187.2,8858.2,0.4,1.2,0.4,0.0,0.6,0.0,0.0,0.0,0.0,0.0,0.0,1.0,1.0,1.0,1.0,0.0,0.0,-0.3799114111561812,85.63952380952381,0.02091977267180134,57.362,0.4148796498905982,57.135333333333335,0.22168070130628684,-42.20286687129799,-0.6573187813834965,-38.91584680467224,-4.2331296510776495,89.425,9.87750283137807,0.37822009969672443,high
2023-11-01,57.591,36.0,0.59865,0.16666666666666666,77.66666666666667,13952.694444444445,4737.472222222223,1.0,0.7638888888888888,0.16666666666666666,0.3888888888888889,0.19444444444444445,0.05555555555555555,1.0,3.0,1.0,10.0,6.0,1.0,0.0,5.0,4.0,3.0,1.0,1.0,3.0,9.0,1.0,19.0,1.0,0.0,8.0,0.26249999999999996,-0.15,0.375,0.375,3.0,12987.375,6745.5,0.25,0.625,0.25,0.0,0.75,0.0,0.0,0.0,0.0,0.0,0.0,1.0,1.0,1.0,1.0,0.0,0.0,0.162066763386877,77.685,0.37822009969672443,57.374,0.02091977267180134,57.287000000000006,0.14042435685574867,-142.65909331169092,-0.3799114111561812,-42.20286687129799,-9.288379308619177,85.63952380952381,-4.2331296510776495,-0.0955010331475381,medium
2023-12-01,57.536,33.0,0.546260606060606,0.24242424242424243,82.0,12301.90909090909,4689.0,1.0,0.6212121212121212,0.18181818181818182,0.18181818181818182,0.09090909090909091,0.0,1.0,0.0,2.0,6.0,5.0,1.0,0.0,2.0,2.0,0.0,2.0,2.0,0.0,3.0,1.0,12.0,1.0,0.0,4.0,0.175,-0.125,0.25,0.25,1.0,9417.0,7431.5,0.25,0.75,0.25,0.0,0.75,1.0,1.0,0.0,0.0,0.0,0.0,0.0,0.0,0.0,0.0,0.0,0.0,-0.16603067733632892,71.9,-0.0955010331475381,57.591,0.37822009969672443,57.44233333333333,0.12888884098990602,-202.44585247870316,0.162066763386877,-142.65909331169092,-7.446740039904743,77.685,-9.288379308619177,0.5857202447163479,high
2024-01-01,57.873,30.0,0.26555,0.36666666666666664,84.86666666666666,10347.1,4350.2,1.0,0.7833333333333333,0.7,0.7,0.3,0.0,1.0,3.0,5.0,9.0,10.0,4.0,1.0,5.0,6.0,3.0,5.0,1.0,0.0,3.0,0.0,6.0,0.0,0.0,5.0,0.58,-0.44000000000000006,0.8,0.8,4.0,4497.4,4497.4,0.4,2.6,0.6,0.2,0.2,0.0,0.0,0.0,0.0,0.0,0.0,1.0,1.0,2.0,2.0,1.0,1.0,-0.3502112341004736,74.15238095238095,0.5857202447163479,57.536,-0.0955010331475381,57.50033333333334,0.11281105146099786,110.93164210313344,-0.16603067733632892,-202.44585247870316,3.1326577919067455,71.9,-7.446740039904743,0.2954745736353681,high
2024-02-01,58.044,41.0,0.2859926829268293,0.36585365853658536,80.90243902439025,19914.219512195123,4581.390243902439,1.0,0.6341463414634146,0.0,0.1951219512195122,0.04878048780487805,0.07317073170731707,1.0,0.0,0.0,14.0,3.0,2.0,1.0,2.0,2.0,0.0,0.0,2.0,1.0,3.0,0.0,17.0,2.0,2.0,7.0,0.21428571428571427,0.17142857142857143,0.0,0.2857142857142857,2.0,15568.142857142857,8345.142857142857,0.14285714285714285,0.42857142857142855,0.14285714285714285,0.0,0.8571428571428571,0.0,0.0,0.0,0.0,2.0,2.0,0.0,0.0,0.0,0.0,0.0,0.0,-0.19415976579071947,77.249,0.2954745736353681,57.873,0.5857202447163479,57.666666666666664,0.18079362082710854,-44.559241142157035,-0.3502112341004736,110.93164210313344,4.176021063447211,74.15238095238095,3.1326577919067455,0.08614154779134076,medium
2024-03-01,58.094,31.0,0.36000645161290323,0.3225806451612903,81.90322580645162,26980.064516129034,4805.290322580645,1.0,0.41935483870967744,0.25806451612903225,0.3225806451612903,0.1935483870967742,0.03225806451612903,1.0,2.0,1.0,15.0,1.0,2.0,0.0,2.0,0.0,2.0,0.0,1.0,1.0,4.0,0.0,13.0,0.0,0.0,2.0,0.4,-0.25,0.5,0.5,1.0,4780.0,4780.0,0.5,1.5,0.5,0.0,0.5,0.0,0.0,0.0,0.0,0.0,0.0,1.0,1.0,0.0,0.0,0.0,0.0,-0.3602781406676119,81.27799999999999,0.08614154779134076,58.044,0.2954745736353681,57.81766666666667,0.2584808181119268,85.55756863445527,-0.19415976579071947,-44.559241142157035,5.215601496459499,77.249,4.176021063447211,0.2599235721416848,high
2024-04-01,58.245,30.0,0.42751333333333336,0.3,76.43333333333334,17280.666666666668,4582.666666666667,1.0,0.6166666666666667,0.5666666666666667,0.6333333333333333,0.23333333333333334,0.03333333333333333,1.0,2.0,1.0,10.0,9.0,3.0,0.0,3.0,3.0,2.0,1.0,4.0,0.0,5.0,1.0,14.0,1.0,0.0,6.0,0.26666666666666666,-0.03333333333333333,0.16666666666666666,0.3333333333333333,2.0,4767.0,4767.0,0.3333333333333333,0.8333333333333334,0.3333333333333333,0.0,0.6666666666666666,0.0,0.0,0.0,0.0,0.0,0.0,2.0,2.0,0.0,0.0,0.0,0.0,-0.9609012727613084,85.34727272727274,0.2599235721416848,58.094,0.08614154779134076,58.00366666666667,0.115889315002955,166.71095586890573,-0.3602781406676119,85.55756863445527,5.006610309398307,81.27799999999999,5.215601496459499,-0.08584427847883047,medium
2024-05-01,58.195,42.0,0.4192619047619048,0.2857142857142857,83.38095238095238,13779.714285714286,4643.547619047619,1.0,0.7023809523809523,0.42857142857142855,0.5238095238095238,0.23809523809523808,0.047619047619047616,1.0,1.0,6.0,10.0,5.0,5.0,2.0,5.0,4.0,1.0,6.0,2.0,0.0,3.0,0.0,16.0,0.0,0.0,8.0,0.28125,-0.024999999999999994,0.25,0.375,3.0,11786.5,6356.625,0.375,1.125,0.375,0.0,0.625,0.0,0.0,1.0,1.0,1.0,1.0,1.0,1.0,0.0,0.0,0.0,0.0,-0.5880253684741786,80.02454545454545,-0.08584427847883047,58.245,0.2599235721416848,58.12766666666667,0.10464384039149792,-38.80480907425685,-0.9609012727613084,166.71095586890573,-6.236552267740381,85.34727272727274,5.006610309398307,-0.24572557779878323,low
2024-06-01,58.052,31.0,0.5830580645161291,0.22580645161290322,84.80645161290323,15782.290322580646,4803.5161290322585,1.0,0.5161290322580645,0.41935483870967744,0.41935483870967744,0.1935483870967742,0.0,1.0,4.0,0.0,9.0,1.0,1.0,0.0,3.0,0.0,4.0,0.0,3.0,1.0,3.0,0.0,12.0,0.0,0.0,5.0,0.16,-0.12,0.2,0.2,1.0,7196.0,7131.4,0.2,0.6,0.2,0.0,0.8,0.0,0.0,0.0,0.0,0.0,0.0,0.0,0.0,1.0,1.0,0.0,0.0,-0.3525087655651186,79.76736842105262,-0.24572557779878323,58.195,-0.08584427847883047,58.178,0.07692203844516239,-40.05211603713352,-0.5880253684741786,-38.80480907425685,-0.32137268888193793,80.02454545454545,-6.236552267740381,-1.0318335285605995,low
2024-07-01,57.453,42.0,0.6525095238095238,0.16666666666666666,78.11904761904762,17931.809523809523,4577.476190476191,1.0,0.6071428571428571,0.23809523809523808,0.38095238095238093,0.19047619047619047,0.047619047619047616,1.0,3.0,3.0,13.0,4.0,2.0,0.0,10.0,4.0,3.0,3.0,2.0,0.0,6.0,0.0,18.0,4.0,1.0,13.0,0.5384615384615384,-0.25384615384615383,0.6923076923076923,0.6923076923076923,9.0,7447.846153846154,5588.461538461538,0.23076923076923078,1.0769230769230769,0.3076923076923077,0.07692307692307693,0.6153846153846154,0.0,0.0,2.0,2.0,1.0,1.0,3.0,3.0,0.0,0.0,2.0,2.0,-0.04814210500640634,81.80045454545454,-1.0318335285605995,58.052,-0.24572557779878323,58.163999999999994,0.10016486409193505,-86.34300485287845,-0.3525087655651186,-40.05211603713352,2.548769208067969,79.76736842105262,-0.32137268888193793,0.053957147581495946,medium
2024-08-01,57.484,32.0,0.4230875,0.25,87.0625,13062.0625,4722.8125,1.0,0.578125,-0.03125,0.28125,0.125,0.15625,1.0,2.0,1.0,9.0,3.0,1.0,1.0,3.0,1.0,2.0,1.0,1.0,0.0,2.0,0.0,12.0,0.0,1.0,5.0,0.61,-0.41999999999999993,0.8,0.8,4.0,8576.0,5747.6,-0.2,2.0,0.2,0.4,0.4,0.0,0.0,0.0,0.0,0.0,0.0,1.0,1.0,0.0,0.0,2.0,2.0,0.2044845092463719,76.68318181818182,0.053957147581495946,57.453,-1.0318335285605995,57.9,0.3936610216906107,-524.751907335919,-0.04814210500640634,-86.34300485287845,-6.255799867749112,81.80045454545454,2.548769208067969,0.08524111056988914,medium
2024-09-01,57.533,32.0,0.53296875,0.21875,82.875,19074.25,4601.8125,1.0,0.59375,0.03125,0.28125,0.125,0.125,1.0,2.0,3.0,10.0,5.0,0.0,0.0,5.0,4.0,2.0,2.0,1.0,1.0,4.0,0.0,17.0,1.0,0.0,5.0,0.6,-0.5,0.8,0.8,4.0,11732.2,7172.6,-0.8,2.6,0.0,0.8,0.2,0.0,0.0,0.0,0.0,0.0,0.0,0.0,0.0,0.0,0.0,4.0,4.0,0.10266914598881233,70.236,0.08524111056988914,57.484,0.053957147581495946,57.663000000000004,0.33724027042813726,-49.79123535215471,0.2044845092463719,-524.751907335919,-8.407556474988587,76.68318181818182,-6.255799867749112,0.7978030000173719,high
2024-10-01,57.992,34.0,0.45961176470588233,0.29411764705882354,85.6470588235294,20169.676470588234,4748.411764705882,1.0,0.5294117647058824,0.2647058823529412,0.3235294117647059,0.17647058823529413,0.029411764705882353,1.0,2.0,3.0,5.0,2.0,1.0,0.0,2.0,1.0,2.0,3.0,3.0,0.0,1.0,0.0,10.0,0.0,0.0,7.0,0.12142857142857143,-0.09999999999999999,0.14285714285714285,0.14285714285714285,1.0,11812.142857142857,9069.57142857143,-0.14285714285714285,0.5714285714285714,0.0,0.14285714285714285,0.8571428571428571,0.0,0.0,0.0,0.0,0.0,0.0,0.0,0.0,0.0,0.0,1.0,1.0,-0.3534708205611046,71.985,0.7978030000173719,57.533,0.08524111056988914,57.49000000000001,0.040336088040429555,-444.2814461509417,0.10266914598881233,-49.79123535215471,2.4901759781308597,70.236,-8.407556474988587,1.6088425989791766,high
2024-11-01,58.925,36.0,0.6827722222222222,0.1388888888888889,81.16666666666667,31220.11111111111,4755.25,1.0,0.5416666666666666,0.4444444444444444,0.5555555555555556,0.2777777777777778,0.05555555555555555,1.0,2.0,6.0,9.0,1.0,2.0,1.0,1.0,1.0,2.0,6.0,3.0,2.0,1.0,1.0,11.0,0.0,0.0,3.0,0.4666666666666666,-0.39999999999999997,0.6666666666666666,0.6666666666666666,2.0,8867.0,8688.333333333334,0.6666666666666666,2.3333333333333335,0.6666666666666666,0.0,0.3333333333333333,0.0,0.0,2.0,2.0,0.0,0.0,0.0,0.0,0.0,0.0,0.0,0.0,-0.2898820108846027,69.95,1.6088425989791766,57.992,0.7978030000173719,57.66966666666667,0.2802219358504502,-17.989832817192706,-0.3534708205611046,-444.2814461509417,-2.826977842606093,71.985,2.4901759781308597,-0.18328383538396276,medium
2024-12-01,58.817,27.0,0.6866592592592592,0.14814814814814814,89.92592592592592,18447.925925925927,4848.7037037037035,1.0,0.5370370370370371,0.4444444444444444,0.4444444444444444,0.18518518518518517,0.0,1.0,1.0,5.0,9.0,2.0,1.0,0.0,2.0,2.0,1.0,5.0,3.0,0.0,0.0,0.0,5.0,0.0,0.0,10.0,0.16,-0.13999999999999999,0.2,0.2,2.0,13647.5,9188.3,0.2,0.7,0.2,0.0,0.8,0.0,0.0,1.0,1.0,0.0,0.0,0.0,0.0,1.0,1.0,0.0,0.0,-0.26985065357261595,70.11809523809524,-0.18328383538396276,58.925,1.6088425989791766,58.15,0.7093229165891454,-6.910176057789563,-0.2898820108846027,-17.989832817192706,0.2403077027808953,69.95,-2.826977842606093,-0.9453049288471016,low
2025-01-01,58.261,39.0,0.5962846153846153,0.20512820512820512,84.58974358974359,14040.410256410256,4641.692307692308,1.0,0.6153846153846154,0.8461538461538461,0.8461538461538461,0.4358974358974359,0.0,1.0,6.0,7.0,11.0,5.0,6.0,0.0,2.0,2.0,6.0,6.0,3.0,0.0,2.0,0.0,16.0,0.0,0.0,6.0,0.39999999999999997,-0.3333333333333333,0.6666666666666666,0.6666666666666666,4.0,12233.0,9059.333333333334,0.5,1.6666666666666667,0.5,0.0,0.5,0.0,0.0,1.0,1.0,0.0,0.0,1.0,1.0,1.0,1.0,0.0,0.0,-0.18810636651202703,75.74249999999999,-0.9453049288471016,58.817,-0.18328383538396276,58.577999999999996,0.5103557582692856,-30.292417668201722,-0.26985065357261595,-6.910176057789563,8.021331359339335,70.11809523809524,0.2403077027808953,-0.34671564168140545,low
2025-02-01,58.059,44.0,0.41977499999999995,0.2727272727272727,81.79545454545455,19429.68181818182,4649.136363636364,1.0,0.6477272727272727,0.9318181818181818,0.9318181818181818,0.4772727272727273,0.0,1.0,2.0,20.0,8.0,7.0,1.0,0.0,14.0,4.0,2.0,18.0,2.0,0.0,3.0,0.0,17.0,2.0,0.0,18.0,0.5472222222222222,-0.27222222222222225,0.6111111111111112,0.7222222222222222,13.0,11581.166666666666,5989.444444444444,0.4444444444444444,2.0555555555555554,0.5555555555555556,0.1111111111111111,0.3333333333333333,0.0,0.0,7.0,7.0,1.0,1.0,2.0,2.0,0.0,0.0,2.0,2.0,-0.0071884316155049425,71.53315789473685,-0.34671564168140545,58.261,-0.9453049288471016,58.66766666666667,0.3562994994831816,-96.17852827163861,-0.18810636651202703,-30.292417668201722,-5.5574375090116535,75.74249999999999,8.021331359339335,0.6114469763516484,high
2025-03-01,58.414,40.0,0.33772250000000004,0.3,86.225,13924.725,4711.9,1.0,0.6875,0.875,0.925,0.425,0.025,1.0,1.0,16.0,6.0,6.0,1.0,1.0,8.0,4.0,1.0,16.0,1.0,0.0,6.0,0.0,19.0,1.0,0.0,11.0,0.5,-0.2545454545454545,0.7272727272727273,0.7272727272727273,8.0,5883.363636363636,5883.363636363636,0.45454545454545453,1.1818181818181819,0.45454545454545453,0.0,0.5454545454545454,0.0,0.0,3.0,3.0,0.0,0.0,3.0,3.0,0.0,0.0,0.0,0.0,-0.1852649110455139,68.23904761904762,0.6114469763516484,58.059,-0.34671564168140545,58.379,0.39253534872489754,2477.2647074489864,-0.0071884316155049425,-96.17852827163861,-4.605011679390136,71.53315789473685,-5.5574375090116535,-0.17461567432465186,medium
2025-04-01,58.312,64.0,0.201834375,0.375,81.890625,20681.421875,4666.234375,1.0,0.65625,1.421875,1.484375,0.640625,0.03125,1.0,2.0,41.0,15.0,19.0,3.0,1.0,16.0,18.0,2.0,41.0,5.0,0.0,7.0,1.0,28.0,10.0,0.0,20.0,0.6950000000000001,-0.365,0.75,0.9,18.0,7354.25,6062.2,0.75,2.65,0.75,0.0,0.25,0.0,0.0,13.0,13.0,0.0,0.0,2.0,2.0,0.0,0.0,0.0,0.0,-0.24922929029523652,63.53666666666667,-0.17461567432465186,58.414,0.6114469763516484,58.24466666666667,0.17806272302726325,34.52590071630377,-0.1852649110455139,2477.2647074489864,-6.8910412973999025,68.23904761904762,-4.605011679390136,0.010289477294556093,medium
2025-05-01,58.318,42.0,0.49697380952380954,0.2619047619047619,84.66666666666667,26612.571428571428,4764.309523809524,1.0,0.5,0.7857142857142857,0.7619047619047619,0.40476190476190477,0.0,1.0,3.0,11.0,14.0,5.0,6.0,2.0,6.0,4.0,3.0,10.0,1.0,0.0,7.0,0.0,14.0,0.0,0.0,9.0,0.5055555555555555,-0.26666666666666666,0.6666666666666666,0.6666666666666666,6.0,12865.111111111111,8706.666666666666,0.4444444444444444,1.4444444444444444,0.4444444444444444,0.0,0.5555555555555556,0.0,0.0,2.0,2.0,0.0,0.0,1.0,1.0,3.0,3.0,0.0,0.0,0.2750474535483146,62.16761904761905,0.010289477294556093,58.312,-0.17461567432465186,58.26166666666666,0.18277399522877272,-210.35920104835748,-0.24922929029523652,34.52590071630377,-2.1547362977508366,63.53666666666667,-6.8910412973999025,-1.2380397132960685,low
2025-06-01,57.596,38.0,0.2985763157894737,0.34210526315789475,84.10526315789474,19817.315789473683,4742.631578947368,1.0,0.6447368421052632,1.1578947368421053,1.105263157894737,0.39473684210526316,0.0,1.0,4.0,10.0,7.0,8.0,8.0,0.0,8.0,5.0,4.0,10.0,3.0,0.0,4.0,1.0,24.0,2.0,0.0,11.0,0.4,-0.07272727272727272,0.36363636363636365,0.5454545454545454,6.0,13600.363636363636,7515.909090909091,0.18181818181818182,1.0,0.2727272727272727,0.09090909090909091,0.6363636363636364,0.0,0.0,2.0,2.0,0.0,0.0,1.0,1.0,1.0,1.0,1.0,1.0,0.08601531210013097,68.16900000000001,-1.2380397132960685,58.318,0.010289477294556093,58.348000000000006,0.05723635207255045,-68.72710109093173,0.2750474535483146,-210.35920104835748,9.653548011520341,62.16761904761905,-2.1547362977508366,-0.052086950482665983,medium
2025-07-01,57.566,47.0,0.23450425531914892,0.3829787234042553,87.53191489361703,24431.40425531915,4668.787234042553,1.0,0.5531914893617021,0.8936170212765957,0.8936170212765957,0.44680851063829785,0.0,1.0,1.0,20.0,15.0,5.0,2.0,0.0,8.0,2.0,1.0,19.0,4.0,0.0,4.0,1.0,25.0,2.0,0.0,12.0,0.3625,-0.1958333333333333,0.4166666666666667,0.5,6.0,8033.416666666667,6130.916666666667,0.25,1.1666666666666667,0.3333333333333333,0.08333333333333333,0.5833333333333334,0.0,0.0,4.0,4.0,0.0,0.0,1.0,1.0,0.0,0.0,1.0,1.0,0.02330675909896861,68.39090909090909,-0.052086950482665983,57.596,-1.2380397132960685,58.07533333333333,0.41512568377762954,-72.90394171698516,0.08601531210013097,-68.72710109093173,0.3255278659054506,68.16900000000001,9.653548011520341,3.5785011986241733,high
2025-08-01,59.626,61.0,0.433944262295082,0.2786885245901639,89.54098360655738,18211.032786885247,4664.672131147541,1.0,0.6885245901639344,1.1967213114754098,1.2622950819672132,0.5245901639344263,0.03278688524590164,1.0,4.0,30.0,21.0,7.0,7.0,1.0,14.0,6.0,3.0,29.0,1.0,1.0,4.0,0.0,23.0,3.0,0.0,19.0,0.6578947368421053,-0.33157894736842103,0.6842105263157895,0.8421052631578947,16.0,11407.78947368421,7205.578947368421,0.47368421052631576,2.3157894736842106,0.5789473684210527,0.10526315789473684,0.3157894736842105,0.0,0.0,9.0,9.0,0.0,0.0,0.0,0.0,2.0,2.0,2.0,2.0,-0.08598056018594735,64.86428571428571,3.5785011986241733,57.566,-0.052086950482665983,57.826666666666675,0.4257714566898368,-468.90826313879154,0.02330675909896861,-72.90394171698516,-5.156567478779362,68.39090909090909,0.3255278659054506,0.21467145205111837,high
2025-09-01,59.754,28.0,0.6444392857142857,0.14285714285714285,96.46428571428571,19818.321428571428,4830.678571428572,1.0,0.5178571428571429,0.42857142857142855,0.42857142857142855,0.2857142857142857,0.0,1.0,0.0,7.0,7.0,0.0,1.0,0.0,3.0,0.0,0.0,7.0,3.0,0.0,1.0,0.0,16.0,0.0,0.0,3.0,0.0,0.0,0.0,0.0,0.0,20316.333333333332,9923.333333333334,0.0,0.0,0.0,0.0,1.0,0.0,0.0,0.0,0.0,0.0,0.0,0.0,0.0,0.0,0.0,0.0,0.0,-0.023213765213991686,63.959047619047624,0.21467145205111837,59.626,3.5785011986241733,58.26266666666666,1.180776580616283,-73.00114681296792,-0.08598056018594735,-468.90826313879154,-1.3955878574312575,64.86428571428571,-5.156567478779362,0.6024701275228361,high
2025-10-01,60.114,61.0,0.25282786885245906,0.3770491803278688,89.55737704918033,16358.524590163934,4719.672131147541,1.0,0.7131147540983607,0.9508196721311475,0.9508196721311475,0.3770491803278688,0.0,1.0,6.0,13.0,21.0,5.0,12.0,0.0,15.0,3.0,6.0,13.0,2.0,0.0,6.0,1.0,37.0,4.0,0.0,19.0,0.4605263157894737,-0.2789473684210526,0.5789473684210527,0.5789473684210527,11.0,10109.947368421053,6535.421052631579,0.47368421052631576,1.5789473684210527,0.47368421052631576,0.0,0.5263157894736842,3.0,3.0,1.0,1.0,0.0,0.0,4.0,4.0,1.0,1.0,0.0,0.0,-0.07998330606176761,60.89454545454546,0.6024701275228361,59.754,0.21467145205111837,58.982,1.2279609114294732,244.55119763836967,-0.023213765213991686,-73.00114681296792,-4.791350525972382,63.959047619047624,-1.3955878574312575,1.2359849619057117,high
2025-11-01,60.857,73.0,0.5166438356164385,0.2328767123287671,88.89041095890411,17947.657534246577,4595.904109589041,1.0,0.6232876712328768,0.4657534246575342,0.6027397260273972,0.2876712328767123,0.0684931506849315,1.0,3.0,12.0,28.0,11.0,5.0,2.0,8.0,9.0,3.0,12.0,7.0,1.0,2.0,1.0,25.0,1.0,3.0,13.0,0.6038461538461538,-0.34615384615384615,0.6923076923076923,0.7692307692307693,10.0,12020.076923076924,7142.2307692307695,0.3076923076923077,2.0,0.46153846153846156,0.15384615384615385,0.38461538461538464,0.0,0.0,1.0,1.0,1.0,1.0,4.0,4.0,1.0,1.0,2.0,2.0,-0.15385844109971475,60.06222222222222,1.2359849619057117,60.114,0.6024701275228361,59.83133333333333,0.25302437300035496,92.36319261533976,-0.07998330606176761,244.55119763836967,-1.366827235691459,60.89454545454546,-4.791350525972382,0.3204232873786017,high
2025-12-01,61.052,43.0,0.414506976744186,0.3023255813953488,85.18604651162791,13611.976744186046,4615.837209302325,1.0,0.5581395348837209,0.37209302325581395,0.6046511627906976,0.20930232558139536,0.06976744186046512,1.0,2.0,7.0,13.0,2.0,2.0,0.0,0.0,1.0,2.0,7.0,0.0,2.0,3.0,0.0,19.0,0.0,1.0,9.0,0.24444444444444446,-0.14444444444444446,0.3333333333333333,0.3333333333333333,3.0,17197.444444444445,9107.888888888889,0.3333333333333333,1.0,0.3333333333333333,0.0,0.6666666666666666,0.0,0.0,1.0,1.0,0.0,0.0,1.0,1.0,1.0,1.0,0.0,0.0,0.5527629340487368,57.972272727272724,0.3204232873786017,60.857,1.2359849619057117,60.24166666666667,0.5624734067778734,-459.2672134839156,-0.15385844109971475,92.36319261533976,-3.4796406420277926,60.06222222222222,-1.366827235691459,0.8533708969403087,high
2026-01-01,61.573,37.0,0.5291405405405405,0.24324324324324326,89.72972972972973,20056.783783783783,4816.756756756757,1.0,0.5135135135135135,0.5135135135135135,0.5675675675675675,0.32432432432432434,0.02702702702702703,1.0,0.0,12.0,10.0,5.0,1.0,0.0,4.0,2.0,0.0,12.0,0.0,1.0,2.0,0.0,17.0,1.0,0.0,6.0,0.11666666666666665,-0.049999999999999996,0.16666666666666666,0.16666666666666666,1.0,15109.833333333334,9873.833333333334,0.16666666666666666,0.3333333333333333,0.16666666666666666,0.0,0.8333333333333334,0.0,0.0,0.0,0.0,0.0,0.0,1.0,1.0,0.0,0.0,0.0,0.0,0.43919639936339927,60.037,0.8533708969403087,61.052,0.3204232873786017,60.67433333333333,0.49496094121899736,-20.545251443238854,0.5527629340487368,-459.2672134839156,3.561577243039382,57.972272727272724,-3.4796406420277926,8.78469459016127,high
2026-02-01,66.982,33.0,0.4539060606060606,0.2727272727272727,88.27272727272727,14788.242424242424,4493.0,1.0,0.6363636363636364,0.6666666666666666,0.7878787878787878,0.30303030303030304,0.06060606060606061,1.0,2.0,8.0,12.0,6.0,2.0,1.0,4.0,2.0,2.0,8.0,2.0,1.0,2.0,0.0,12.0,2.0,0.0,8.0,0.2875,-0.0625,0.25,0.375,3.0,9438.5,7267.0,0.375,1.125,0.375,0.0,0.625,0.0,0.0,1.0,1.0,0.0,0.0,2.0,2.0,0.0,0.0,0.0,0.0,0.5451288589595198,64.50842105263159,8.78469459016127,61.573,0.8533708969403087,61.160666666666664,0.3701625768935771,24.119610213031372,0.43919639936339927,-20.545251443238854,7.447775626083231,60.037,3.561577243039382,1.8109342808515727,high
2026-03-01,68.195,42.0,0.5597547619047619,0.19047619047619047,76.26190476190476,13730.047619047618,4691.857142857143,1.0,0.5238095238095238,0.2619047619047619,0.2619047619047619,0.14285714285714285,0.0,1.0,3.0,2.0,10.0,4.0,1.0,0.0,2.0,1.0,3.0,2.0,9.0,1.0,2.0,0.0,20.0,2.0,0.0,4.0,0.575,-0.55,0.75,0.75,3.0,5405.75,5405.75,0.75,2.75,0.75,0.0,0.25,1.0,1.0,0.0,0.0,0.0,0.0,2.0,2.0,0.0,0.0,0.0,0.0,0.6791435695236223,91.38363636363637,1.8109342808515727,66.982,8.78469459016127,63.202333333333335,3.2836367541695144,24.584042536272,0.5451288589595198,24.119610213031372,41.66156119226301,64.50842105263159,7.447775626083231,7.730772050736867,high
