month,ppi_value,article_count,avg_sentiment,negative_share,avg_title_len,avg_full_text_len,avg_text_len,article_body_share,hn_story_count,hn_total_points,hn_total_comments,hn_high_attention_story_count,avg_relevance_score,avg_pressure_direction_score,avg_pressure_strength,upward_pressure_share,downward_pressure_share,unique_sources,topic_shortage,topic_tariff,topic_demand,topic_supply_chain,topic_export_controls,topic_oversupply,kw_semiconductor,kw_supply_chain,kw_shortage,kw_tariff,kw_memory,kw_nand,kw_dram,kw_ssd,kw_ram,kw_electronics,kw_ai_demand,hn_avg_points,hn_avg_comments,ai_enriched_article_count,ai_avg_relevance_score,ai_avg_sentiment,ai_negative_share,ai_relevant_share,ai_relevant_article_count,ai_avg_content_char_count,ai_avg_scored_char_count,ai_avg_pressure_direction_score,ai_avg_pressure_strength,ai_upward_pressure_share,ai_downward_pressure_share,ai_neutral_pressure_share,ai_total_relevance_weight,ai_high_relevance_article_count,ai_relevant_upward_pressure_article_count,ai_relevant_downward_pressure_article_count,ai_relevant_neutral_pressure_article_count,ai_topic_shortage_article_count,ai_topic_shortage_term_count,ai_topic_tariff_article_count,ai_topic_tariff_term_count,ai_topic_demand_article_count,ai_topic_demand_term_count,ai_topic_supply_chain_article_count,ai_topic_supply_chain_term_count,ai_topic_export_controls_article_count,ai_topic_export_controls_term_count,ai_topic_oversupply_article_count,ai_topic_oversupply_term_count,ai_high_relevance_share,ai_relevant_avg_sentiment,ai_relevant_avg_pressure_direction_score,ai_relevant_avg_pressure_strength,ai_relevance_weighted_sentiment,ai_relevance_weighted_pressure_direction_score,ai_relevance_weighted_pressure_strength,ai_relevant_upward_pressure_share,ai_relevant_downward_pressure_share,ai_relevant_neutral_pressure_share,gscpi,wti_oil_price,ai_no_articles,ai_articles_but_none_relevant,ai_relevant_articles_available,ai_no_articles_lag_1,ai_no_articles_lag_2,ai_no_articles_lag_3,ai_no_articles_roll_3_mean,ai_no_articles_roll_3_std,ai_articles_but_none_relevant_lag_1,ai_articles_but_none_relevant_lag_2,ai_articles_but_none_relevant_lag_3,ai_articles_but_none_relevant_roll_3_mean,ai_articles_but_none_relevant_roll_3_std,ai_relevant_articles_available_lag_1,ai_relevant_articles_available_lag_2,ai_relevant_articles_available_lag_3,ai_relevant_articles_available_roll_3_mean,ai_relevant_articles_available_roll_3_std,ai_enriched_article_count_lag_1,ai_enriched_article_count_lag_2,ai_enriched_article_count_lag_3,ai_enriched_article_count_roll_3_mean,ai_enriched_article_count_roll_3_std,ai_relevant_article_count_lag_1,ai_relevant_article_count_lag_2,ai_relevant_article_count_lag_3,ai_relevant_article_count_roll_3_mean,ai_relevant_article_count_roll_3_std,ai_relevant_share_lag_1,ai_relevant_share_lag_2,ai_relevant_share_lag_3,ai_relevant_share_roll_3_mean,ai_relevant_share_roll_3_std,ai_avg_relevance_score_lag_1,ai_avg_relevance_score_lag_2,ai_avg_relevance_score_lag_3,ai_avg_relevance_score_roll_3_mean,ai_avg_relevance_score_roll_3_std,ai_avg_sentiment_lag_1,ai_avg_sentiment_lag_2,ai_avg_sentiment_lag_3,ai_avg_sentiment_roll_3_mean,ai_avg_sentiment_roll_3_std,ai_relevant_avg_sentiment_lag_1,ai_relevant_avg_sentiment_lag_2,ai_relevant_avg_sentiment_lag_3,ai_relevant_avg_sentiment_roll_3_mean,ai_relevant_avg_sentiment_roll_3_std,ai_relevance_weighted_sentiment_lag_1,ai_relevance_weighted_sentiment_lag_2,ai_relevance_weighted_sentiment_lag_3,ai_relevance_weighted_sentiment_roll_3_mean,ai_relevance_weighted_sentiment_roll_3_std,ai_avg_pressure_direction_score_lag_1,ai_avg_pressure_direction_score_lag_2,ai_avg_pressure_direction_score_lag_3,ai_avg_pressure_direction_score_roll_3_mean,ai_avg_pressure_direction_score_roll_3_std,ai_relevant_avg_pressure_direction_score_lag_1,ai_relevant_avg_pressure_direction_score_lag_2,ai_relevant_avg_pressure_direction_score_lag_3,ai_relevant_avg_pressure_direction_score_roll_3_mean,ai_relevant_avg_pressure_direction_score_roll_3_std,ai_relevance_weighted_pressure_direction_score_lag_1,ai_relevance_weighted_pressure_direction_score_lag_2,ai_relevance_weighted_pressure_direction_score_lag_3,ai_relevance_weighted_pressure_direction_score_roll_3_mean,ai_relevance_weighted_pressure_direction_score_roll_3_std,ai_avg_pressure_strength_lag_1,ai_avg_pressure_strength_lag_2,ai_avg_pressure_strength_lag_3,ai_avg_pressure_strength_roll_3_mean,ai_avg_pressure_strength_roll_3_std,ai_relevant_avg_pressure_strength_lag_1,ai_relevant_avg_pressure_strength_lag_2,ai_relevant_avg_pressure_strength_lag_3,ai_relevant_avg_pressure_strength_roll_3_mean,ai_relevant_avg_pressure_strength_roll_3_std,ai_relevance_weighted_pressure_strength_lag_1,ai_relevance_weighted_pressure_strength_lag_2,ai_relevance_weighted_pressure_strength_lag_3,ai_relevance_weighted_pressure_strength_roll_3_mean,ai_relevance_weighted_pressure_strength_roll_3_std,ai_upward_pressure_share_lag_1,ai_upward_pressure_share_lag_2,ai_upward_pressure_share_lag_3,ai_upward_pressure_share_roll_3_mean,ai_upward_pressure_share_roll_3_std,ai_relevant_upward_pressure_share_lag_1,ai_relevant_upward_pressure_share_lag_2,ai_relevant_upward_pressure_share_lag_3,ai_relevant_upward_pressure_share_roll_3_mean,ai_relevant_upward_pressure_share_roll_3_std,ai_downward_pressure_share_lag_1,ai_downward_pressure_share_lag_2,ai_downward_pressure_share_lag_3,ai_downward_pressure_share_roll_3_mean,ai_downward_pressure_share_roll_3_std,ai_relevant_downward_pressure_share_lag_1,ai_relevant_downward_pressure_share_lag_2,ai_relevant_downward_pressure_share_lag_3,ai_relevant_downward_pressure_share_roll_3_mean,ai_relevant_downward_pressure_share_roll_3_std,ppi_pct_change,ppi_lag_1,ppi_pct_change_lag_1,ppi_ma_3,ppi_std_3,gscpi_pct_change,gscpi_lag_1,gscpi_pct_change_lag_1,wti_oil_price_pct_change,wti_oil_price_lag_1,wti_oil_price_pct_change_lag_1,target_pct_change_next_month,target_class,target_class_lag_1,target_class_lag_1_score,target_class_lag_1_is_low,target_class_lag_1_is_medium,target_class_lag_1_is_high
1998-01-01,92.9,0.0,0.0,0.0,0.0,0.0,0.0,0.0,0.0,0.0,0.0,0.0,0.0,0.0,0.0,0.0,0.0,0.0,0.0,0.0,0.0,0.0,0.0,0.0,0.0,0.0,0.0,0.0,0.0,0.0,0.0,0.0,0.0,0.0,0.0,0.0,0.0,0.0,0.0,0.0,0.0,0.0,0.0,0.0,0.0,0.0,0.0,0.0,0.0,0.0,0.0,0.0,0.0,0.0,0.0,0.0,0.0,0.0,0.0,0.0,0.0,0.0,0.0,0.0,0.0,0.0,0.0,0.0,0.0,0.0,0.0,0.0,0.0,0.0,0.0,0.0,0.0,-1.1015301642448057,16.724,1,0,0,1.0,1.0,1.0,1.0,0.0,0.0,0.0,0.0,0.0,0.0,0.0,0.0,0.0,0.0,0.0,0.0,0.0,0.0,0.0,0.0,0.0,0.0,0.0,0.0,0.0,0.0,0.0,0.0,0.0,0.0,0.0,0.0,0.0,0.0,0.0,0.0,0.0,0.0,0.0,0.0,0.0,0.0,0.0,0.0,0.0,0.0,0.0,0.0,0.0,0.0,0.0,0.0,0.0,0.0,0.0,0.0,0.0,0.0,0.0,0.0,0.0,0.0,0.0,0.0,0.0,0.0,0.0,0.0,0.0,0.0,0.0,0.0,0.0,0.0,0.0,0.0,0.0,0.0,0.0,0.0,0.0,0.0,0.0,0.0,0.0,0.0,0.0,0.0,0.0,0.0,0.0,0.0,0.0,0.0,0.0,0.0,0.0,0.0,0.0,0.0,-0.4287245444801635,93.3,0.0,93.39999999999999,0.1732050807601407,,,,-8.77516612119409,18.332727272727272,-9.216459624999063,-0.32292787944027124,low,low,-1.0,1,0,0
1998-02-01,92.6,0.0,0.0,0.0,0.0,0.0,0.0,0.0,0.0,0.0,0.0,0.0,0.0,0.0,0.0,0.0,0.0,0.0,0.0,0.0,0.0,0.0,0.0,0.0,0.0,0.0,0.0,0.0,0.0,0.0,0.0,0.0,0.0,0.0,0.0,0.0,0.0,0.0,0.0,0.0,0.0,0.0,0.0,0.0,0.0,0.0,0.0,0.0,0.0,0.0,0.0,0.0,0.0,0.0,0.0,0.0,0.0,0.0,0.0,0.0,0.0,0.0,0.0,0.0,0.0,0.0,0.0,0.0,0.0,0.0,0.0,0.0,0.0,0.0,0.0,0.0,0.0,-0.43617031542893936,16.06,1,0,0,1.0,1.0,1.0,1.0,0.0,0.0,0.0,0.0,0.0,0.0,0.0,0.0,0.0,0.0,0.0,0.0,0.0,0.0,0.0,0.0,0.0,0.0,0.0,0.0,0.0,0.0,0.0,0.0,0.0,0.0,0.0,0.0,0.0,0.0,0.0,0.0,0.0,0.0,0.0,0.0,0.0,0.0,0.0,0.0,0.0,0.0,0.0,0.0,0.0,0.0,0.0,0.0,0.0,0.0,0.0,0.0,0.0,0.0,0.0,0.0,0.0,0.0,0.0,0.0,0.0,0.0,0.0,0.0,0.0,0.0,0.0,0.0,0.0,0.0,0.0,0.0,0.0,0.0,0.0,0.0,0.0,0.0,0.0,0.0,0.0,0.0,0.0,0.0,0.0,0.0,0.0,0.0,0.0,0.0,0.0,0.0,0.0,0.0,0.0,0.0,-0.32292787944027124,92.9,-0.4287245444801635,93.16666666666667,0.23094010767829865,-60.40323455618014,-1.1015301642448057,,-3.970342023439377,16.724,-8.77516612119409,-0.10799136069113979,medium,low,-1.0,1,0,0
1998-03-01,92.5,0.0,0.0,0.0,0.0,0.0,0.0,0.0,0.0,0.0,0.0,0.0,0.0,0.0,0.0,0.0,0.0,0.0,0.0,0.0,0.0,0.0,0.0,0.0,0.0,0.0,0.0,0.0,0.0,0.0,0.0,0.0,0.0,0.0,0.0,0.0,0.0,0.0,0.0,0.0,0.0,0.0,0.0,0.0,0.0,0.0,0.0,0.0,0.0,0.0,0.0,0.0,0.0,0.0,0.0,0.0,0.0,0.0,0.0,0.0,0.0,0.0,0.0,0.0,0.0,0.0,0.0,0.0,0.0,0.0,0.0,0.0,0.0,0.0,0.0,0.0,0.0,-0.05006568845625184,15.115454545454547,1,0,0,1.0,1.0,1.0,1.0,0.0,0.0,0.0,0.0,0.0,0.0,0.0,0.0,0.0,0.0,0.0,0.0,0.0,0.0,0.0,0.0,0.0,0.0,0.0,0.0,0.0,0.0,0.0,0.0,0.0,0.0,0.0,0.0,0.0,0.0,0.0,0.0,0.0,0.0,0.0,0.0,0.0,0.0,0.0,0.0,0.0,0.0,0.0,0.0,0.0,0.0,0.0,0.0,0.0,0.0,0.0,0.0,0.0,0.0,0.0,0.0,0.0,0.0,0.0,0.0,0.0,0.0,0.0,0.0,0.0,0.0,0.0,0.0,0.0,0.0,0.0,0.0,0.0,0.0,0.0,0.0,0.0,0.0,0.0,0.0,0.0,0.0,0.0,0.0,0.0,0.0,0.0,0.0,0.0,0.0,0.0,0.0,0.0,0.0,0.0,0.0,-0.10799136069113979,92.6,-0.32292787944027124,92.93333333333332,0.35118845843004354,-88.5215277873699,-0.43617031542893936,-60.40323455618014,-5.881354013358974,16.06,-3.970342023439377,-0.108108108108107,medium,medium,0.0,0,1,0
1998-04-01,92.4,0.0,0.0,0.0,0.0,0.0,0.0,0.0,0.0,0.0,0.0,0.0,0.0,0.0,0.0,0.0,0.0,0.0,0.0,0.0,0.0,0.0,0.0,0.0,0.0,0.0,0.0,0.0,0.0,0.0,0.0,0.0,0.0,0.0,0.0,0.0,0.0,0.0,0.0,0.0,0.0,0.0,0.0,0.0,0.0,0.0,0.0,0.0,0.0,0.0,0.0,0.0,0.0,0.0,0.0,0.0,0.0,0.0,0.0,0.0,0.0,0.0,0.0,0.0,0.0,0.0,0.0,0.0,0.0,0.0,0.0,0.0,0.0,0.0,0.0,0.0,0.0,-0.11184325560720146,15.353809523809524,1,0,0,1.0,1.0,1.0,1.0,0.0,0.0,0.0,0.0,0.0,0.0,0.0,0.0,0.0,0.0,0.0,0.0,0.0,0.0,0.0,0.0,0.0,0.0,0.0,0.0,0.0,0.0,0.0,0.0,0.0,0.0,0.0,0.0,0.0,0.0,0.0,0.0,0.0,0.0,0.0,0.0,0.0,0.0,0.0,0.0,0.0,0.0,0.0,0.0,0.0,0.0,0.0,0.0,0.0,0.0,0.0,0.0,0.0,0.0,0.0,0.0,0.0,0.0,0.0,0.0,0.0,0.0,0.0,0.0,0.0,0.0,0.0,0.0,0.0,0.0,0.0,0.0,0.0,0.0,0.0,0.0,0.0,0.0,0.0,0.0,0.0,0.0,0.0,0.0,0.0,0.0,0.0,0.0,0.0,0.0,0.0,0.0,0.0,0.0,0.0,0.0,-0.108108108108107,92.5,-0.10799136069113979,92.66666666666667,0.20816659994935155,123.3930243562551,-0.05006568845625184,-88.5215277873699,1.5768958693118007,15.115454545454547,-5.881354013358974,-0.32467532467533866,low,medium,0.0,0,1,0
1998-05-01,92.1,0.0,0.0,0.0,0.0,0.0,0.0,0.0,0.0,0.0,0.0,0.0,0.0,0.0,0.0,0.0,0.0,0.0,0.0,0.0,0.0,0.0,0.0,0.0,0.0,0.0,0.0,0.0,0.0,0.0,0.0,0.0,0.0,0.0,0.0,0.0,0.0,0.0,0.0,0.0,0.0,0.0,0.0,0.0,0.0,0.0,0.0,0.0,0.0,0.0,0.0,0.0,0.0,0.0,0.0,0.0,0.0,0.0,0.0,0.0,0.0,0.0,0.0,0.0,0.0,0.0,0.0,0.0,0.0,0.0,0.0,0.0,0.0,0.0,0.0,0.0,0.0,-0.42584751383021113,14.914000000000001,1,0,0,1.0,1.0,1.0,1.0,0.0,0.0,0.0,0.0,0.0,0.0,0.0,0.0,0.0,0.0,0.0,0.0,0.0,0.0,0.0,0.0,0.0,0.0,0.0,0.0,0.0,0.0,0.0,0.0,0.0,0.0,0.0,0.0,0.0,0.0,0.0,0.0,0.0,0.0,0.0,0.0,0.0,0.0,0.0,0.0,0.0,0.0,0.0,0.0,0.0,0.0,0.0,0.0,0.0,0.0,0.0,0.0,0.0,0.0,0.0,0.0,0.0,0.0,0.0,0.0,0.0,0.0,0.0,0.0,0.0,0.0,0.0,0.0,0.0,0.0,0.0,0.0,0.0,0.0,0.0,0.0,0.0,0.0,0.0,0.0,0.0,0.0,0.0,0.0,0.0,0.0,0.0,0.0,0.0,0.0,0.0,0.0,0.0,0.0,0.0,0.0,-0.32467532467533866,92.4,-0.108108108108107,92.5,0.10000000000570727,280.7538608548796,-0.11184325560720146,123.3930243562551,-2.8644977204354327,15.353809523809524,1.5768958693118007,-0.10857763300758938,medium,low,-1.0,1,0,0
1998-06-01,92.0,0.0,0.0,0.0,0.0,0.0,0.0,0.0,0.0,0.0,0.0,0.0,0.0,0.0,0.0,0.0,0.0,0.0,0.0,0.0,0.0,0.0,0.0,0.0,0.0,0.0,0.0,0.0,0.0,0.0,0.0,0.0,0.0,0.0,0.0,0.0,0.0,0.0,0.0,0.0,0.0,0.0,0.0,0.0,0.0,0.0,0.0,0.0,0.0,0.0,0.0,0.0,0.0,0.0,0.0,0.0,0.0,0.0,0.0,0.0,0.0,0.0,0.0,0.0,0.0,0.0,0.0,0.0,0.0,0.0,0.0,0.0,0.0,0.0,0.0,0.0,0.0,-0.7466700120322463,13.72181818181818,1,0,0,1.0,1.0,1.0,1.0,0.0,0.0,0.0,0.0,0.0,0.0,0.0,0.0,0.0,0.0,0.0,0.0,0.0,0.0,0.0,0.0,0.0,0.0,0.0,0.0,0.0,0.0,0.0,0.0,0.0,0.0,0.0,0.0,0.0,0.0,0.0,0.0,0.0,0.0,0.0,0.0,0.0,0.0,0.0,0.0,0.0,0.0,0.0,0.0,0.0,0.0,0.0,0.0,0.0,0.0,0.0,0.0,0.0,0.0,0.0,0.0,0.0,0.0,0.0,0.0,0.0,0.0,0.0,0.0,0.0,0.0,0.0,0.0,0.0,0.0,0.0,0.0,0.0,0.0,0.0,0.0,0.0,0.0,0.0,0.0,0.0,0.0,0.0,0.0,0.0,0.0,0.0,0.0,0.0,0.0,0.0,0.0,0.0,0.0,0.0,0.0,-0.10857763300758938,92.1,-0.32467532467533866,92.33333333333333,0.208166599949374,75.33741252037687,-0.42584751383021113,280.7538608548796,-7.993709388372139,14.914000000000001,-2.8644977204354327,-0.3260869565217317,low,medium,0.0,0,1,0
1998-07-01,91.7,1.0,0.0,0.0,31.0,0.0,0.0,0.0,0.0,0.0,0.0,0.0,0.0,0.0,0.0,0.0,0.0,1.0,0.0,0.0,0.0,0.0,0.0,0.0,0.0,0.0,0.0,0.0,0.0,0.0,0.0,0.0,0.0,0.0,0.0,0.0,0.0,0.0,0.0,0.0,0.0,0.0,0.0,0.0,0.0,0.0,0.0,0.0,0.0,0.0,0.0,0.0,0.0,0.0,0.0,0.0,0.0,0.0,0.0,0.0,0.0,0.0,0.0,0.0,0.0,0.0,0.0,0.0,0.0,0.0,0.0,0.0,0.0,0.0,0.0,0.0,0.0,-0.9269443360850029,14.172727272727274,1,0,0,1.0,1.0,1.0,1.0,0.0,0.0,0.0,0.0,0.0,0.0,0.0,0.0,0.0,0.0,0.0,0.0,0.0,0.0,0.0,0.0,0.0,0.0,0.0,0.0,0.0,0.0,0.0,0.0,0.0,0.0,0.0,0.0,0.0,0.0,0.0,0.0,0.0,0.0,0.0,0.0,0.0,0.0,0.0,0.0,0.0,0.0,0.0,0.0,0.0,0.0,0.0,0.0,0.0,0.0,0.0,0.0,0.0,0.0,0.0,0.0,0.0,0.0,0.0,0.0,0.0,0.0,0.0,0.0,0.0,0.0,0.0,0.0,0.0,0.0,0.0,0.0,0.0,0.0,0.0,0.0,0.0,0.0,0.0,0.0,0.0,0.0,0.0,0.0,0.0,0.0,0.0,0.0,0.0,0.0,0.0,0.0,0.0,0.0,0.0,0.0,-0.3260869565217317,92.0,-0.10857763300758938,92.16666666666667,0.20816659994938397,24.14377451186176,-0.7466700120322463,75.33741252037687,3.2860739366635805,13.72181818181818,-7.993709388372139,-0.21810250817885235,low,low,-1.0,1,0,0
1998-08-01,91.5,0.0,0.0,0.0,0.0,0.0,0.0,0.0,0.0,0.0,0.0,0.0,0.0,0.0,0.0,0.0,0.0,0.0,0.0,0.0,0.0,0.0,0.0,0.0,0.0,0.0,0.0,0.0,0.0,0.0,0.0,0.0,0.0,0.0,0.0,0.0,0.0,0.0,0.0,0.0,0.0,0.0,0.0,0.0,0.0,0.0,0.0,0.0,0.0,0.0,0.0,0.0,0.0,0.0,0.0,0.0,0.0,0.0,0.0,0.0,0.0,0.0,0.0,0.0,0.0,0.0,0.0,0.0,0.0,0.0,0.0,0.0,0.0,0.0,0.0,0.0,0.0,-0.9065279156950766,13.47190476190476,1,0,0,1.0,1.0,1.0,1.0,0.0,0.0,0.0,0.0,0.0,0.0,0.0,0.0,0.0,0.0,0.0,0.0,0.0,0.0,0.0,0.0,0.0,0.0,0.0,0.0,0.0,0.0,0.0,0.0,0.0,0.0,0.0,0.0,0.0,0.0,0.0,0.0,0.0,0.0,0.0,0.0,0.0,0.0,0.0,0.0,0.0,0.0,0.0,0.0,0.0,0.0,0.0,0.0,0.0,0.0,0.0,0.0,0.0,0.0,0.0,0.0,0.0,0.0,0.0,0.0,0.0,0.0,0.0,0.0,0.0,0.0,0.0,0.0,0.0,0.0,0.0,0.0,0.0,0.0,0.0,0.0,0.0,0.0,0.0,0.0,0.0,0.0,0.0,0.0,0.0,0.0,0.0,0.0,0.0,0.0,0.0,0.0,0.0,0.0,0.0,0.0,-0.21810250817885235,91.7,-0.3260869565217317,91.93333333333334,0.20816659994938794,-2.2025508539332717,-0.9269443360850029,24.14377451186176,-4.944866978221718,14.172727272727274,3.2860739366635805,-0.21857923497268228,low,low,-1.0,1,0,0
1998-09-01,91.3,0.0,0.0,0.0,0.0,0.0,0.0,0.0,0.0,0.0,0.0,0.0,0.0,0.0,0.0,0.0,0.0,0.0,0.0,0.0,0.0,0.0,0.0,0.0,0.0,0.0,0.0,0.0,0.0,0.0,0.0,0.0,0.0,0.0,0.0,0.0,0.0,0.0,0.0,0.0,0.0,0.0,0.0,0.0,0.0,0.0,0.0,0.0,0.0,0.0,0.0,0.0,0.0,0.0,0.0,0.0,0.0,0.0,0.0,0.0,0.0,0.0,0.0,0.0,0.0,0.0,0.0,0.0,0.0,0.0,0.0,0.0,0.0,0.0,0.0,0.0,0.0,-0.9146488425833204,15.031428571428572,1,0,0,1.0,1.0,1.0,1.0,0.0,0.0,0.0,0.0,0.0,0.0,0.0,0.0,0.0,0.0,0.0,0.0,0.0,0.0,0.0,0.0,0.0,0.0,0.0,0.0,0.0,0.0,0.0,0.0,0.0,0.0,0.0,0.0,0.0,0.0,0.0,0.0,0.0,0.0,0.0,0.0,0.0,0.0,0.0,0.0,0.0,0.0,0.0,0.0,0.0,0.0,0.0,0.0,0.0,0.0,0.0,0.0,0.0,0.0,0.0,0.0,0.0,0.0,0.0,0.0,0.0,0.0,0.0,0.0,0.0,0.0,0.0,0.0,0.0,0.0,0.0,0.0,0.0,0.0,0.0,0.0,0.0,0.0,0.0,0.0,0.0,0.0,0.0,0.0,0.0,0.0,0.0,0.0,0.0,0.0,0.0,0.0,0.0,0.0,0.0,0.0,-0.21857923497268228,91.5,-0.21810250817885235,91.73333333333333,0.2516611478446605,0.8958275578327957,-0.9065279156950766,-2.2025508539332717,11.57611961401155,13.47190476190476,-4.944866978221718,-0.10952902519166807,medium,low,-1.0,1,0,0
1998-10-01,91.2,0.0,0.0,0.0,0.0,0.0,0.0,0.0,0.0,0.0,0.0,0.0,0.0,0.0,0.0,0.0,0.0,0.0,0.0,0.0,0.0,0.0,0.0,0.0,0.0,0.0,0.0,0.0,0.0,0.0,0.0,0.0,0.0,0.0,0.0,0.0,0.0,0.0,0.0,0.0,0.0,0.0,0.0,0.0,0.0,0.0,0.0,0.0,0.0,0.0,0.0,0.0,0.0,0.0,0.0,0.0,0.0,0.0,0.0,0.0,0.0,0.0,0.0,0.0,0.0,0.0,0.0,0.0,0.0,0.0,0.0,0.0,0.0,0.0,0.0,0.0,0.0,-0.6827023004243739,14.460909090909091,1,0,0,1.0,1.0,1.0,1.0,0.0,0.0,0.0,0.0,0.0,0.0,0.0,0.0,0.0,0.0,0.0,0.0,0.0,0.0,0.0,0.0,0.0,0.0,0.0,0.0,0.0,0.0,0.0,0.0,0.0,0.0,0.0,0.0,0.0,0.0,0.0,0.0,0.0,0.0,0.0,0.0,0.0,0.0,0.0,0.0,0.0,0.0,0.0,0.0,0.0,0.0,0.0,0.0,0.0,0.0,0.0,0.0,0.0,0.0,0.0,0.0,0.0,0.0,0.0,0.0,0.0,0.0,0.0,0.0,0.0,0.0,0.0,0.0,0.0,0.0,0.0,0.0,0.0,0.0,0.0,0.0,0.0,0.0,0.0,0.0,0.0,0.0,0.0,0.0,0.0,0.0,0.0,0.0,0.0,0.0,0.0,0.0,0.0,0.0,0.0,0.0,-0.10952902519166807,91.3,-0.21857923497268228,91.5,0.20000000000289572,-25.359081142424035,-0.9146488425833204,0.8958275578327957,-3.79551070484353,15.031428571428572,11.57611961401155,-0.21929824561404132,low,medium,0.0,0,1,0
1998-11-01,91.0,0.0,0.0,0.0,0.0,0.0,0.0,0.0,0.0,0.0,0.0,0.0,0.0,0.0,0.0,0.0,0.0,0.0,0.0,0.0,0.0,0.0,0.0,0.0,0.0,0.0,0.0,0.0,0.0,0.0,0.0,0.0,0.0,0.0,0.0,0.0,0.0,0.0,0.0,0.0,0.0,0.0,0.0,0.0,0.0,0.0,0.0,0.0,0.0,0.0,0.0,0.0,0.0,0.0,0.0,0.0,0.0,0.0,0.0,0.0,0.0,0.0,0.0,0.0,0.0,0.0,0.0,0.0,0.0,0.0,0.0,0.0,0.0,0.0,0.0,0.0,0.0,-0.8656641925020707,13.002105263157894,1,0,0,1.0,1.0,1.0,1.0,0.0,0.0,0.0,0.0,0.0,0.0,0.0,0.0,0.0,0.0,0.0,0.0,0.0,0.0,0.0,0.0,0.0,0.0,0.0,0.0,0.0,0.0,0.0,0.0,0.0,0.0,0.0,0.0,0.0,0.0,0.0,0.0,0.0,0.0,0.0,0.0,0.0,0.0,0.0,0.0,0.0,0.0,0.0,0.0,0.0,0.0,0.0,0.0,0.0,0.0,0.0,0.0,0.0,0.0,0.0,0.0,0.0,0.0,0.0,0.0,0.0,0.0,0.0,0.0,0.0,0.0,0.0,0.0,0.0,0.0,0.0,0.0,0.0,0.0,0.0,0.0,0.0,0.0,0.0,0.0,0.0,0.0,0.0,0.0,0.0,0.0,0.0,0.0,0.0,0.0,0.0,0.0,0.0,0.0,0.0,0.0,-0.21929824561404132,91.2,-0.10952902519166807,91.33333333333333,0.15275252316898838,26.79965952421226,-0.6827023004243739,-25.359081142424035,-10.087912306068503,14.460909090909091,-3.79551070484353,0.0,medium,low,-1.0,1,0,0
1998-12-01,91.0,0.0,0.0,0.0,0.0,0.0,0.0,0.0,0.0,0.0,0.0,0.0,0.0,0.0,0.0,0.0,0.0,0.0,0.0,0.0,0.0,0.0,0.0,0.0,0.0,0.0,0.0,0.0,0.0,0.0,0.0,0.0,0.0,0.0,0.0,0.0,0.0,0.0,0.0,0.0,0.0,0.0,0.0,0.0,0.0,0.0,0.0,0.0,0.0,0.0,0.0,0.0,0.0,0.0,0.0,0.0,0.0,0.0,0.0,0.0,0.0,0.0,0.0,0.0,0.0,0.0,0.0,0.0,0.0,0.0,0.0,0.0,0.0,0.0,0.0,0.0,0.0,-0.6147683195754039,11.347272727272726,1,0,0,1.0,1.0,1.0,1.0,0.0,0.0,0.0,0.0,0.0,0.0,0.0,0.0,0.0,0.0,0.0,0.0,0.0,0.0,0.0,0.0,0.0,0.0,0.0,0.0,0.0,0.0,0.0,0.0,0.0,0.0,0.0,0.0,0.0,0.0,0.0,0.0,0.0,0.0,0.0,0.0,0.0,0.0,0.0,0.0,0.0,0.0,0.0,0.0,0.0,0.0,0.0,0.0,0.0,0.0,0.0,0.0,0.0,0.0,0.0,0.0,0.0,0.0,0.0,0.0,0.0,0.0,0.0,0.0,0.0,0.0,0.0,0.0,0.0,0.0,0.0,0.0,0.0,0.0,0.0,0.0,0.0,0.0,0.0,0.0,0.0,0.0,0.0,0.0,0.0,0.0,0.0,0.0,0.0,0.0,0.0,0.0,0.0,0.0,0.0,0.0,0.0,91.0,-0.21929824561404132,91.16666666666667,0.15275252316900195,-28.983048519252076,-0.8656641925020707,26.79965952421226,-12.727419924634953,13.002105263157894,-10.087912306068503,-0.219780219780219,low,medium,0.0,0,1,0
1999-01-01,90.8,14.0,0.0,0.0,25.071428571428573,0.0,0.0,0.0,0.0,0.0,0.0,0.0,0.0,0.0,0.0,0.0,0.0,1.0,0.0,0.0,0.0,0.0,0.0,0.0,0.0,0.0,0.0,0.0,0.0,0.0,0.0,0.0,0.0,0.0,0.0,0.0,0.0,6.0,0.25,-0.049999999999999996,0.16666666666666666,0.3333333333333333,2.0,7625.833333333333,5879.5,0.0,0.8333333333333334,0.16666666666666666,0.16666666666666666,0.6666666666666666,1.5,2.0,1.0,1.0,0.0,0.0,0.0,0.0,0.0,0.0,0.0,1.0,1.0,0.0,0.0,1.0,1.0,0.3333333333333333,-0.15,0.0,2.5,-0.18000000000000002,-0.06666666666666672,2.5333333333333337,0.5,0.5,0.0,-0.27904903328179725,12.514736842105263,0,0,1,1.0,1.0,1.0,0.6666666666666666,0.5773502691896258,0.0,0.0,0.0,0.0,0.0,0.0,0.0,0.0,0.3333333333333333,0.5773502691896258,0.0,0.0,0.0,2.0,3.4641016151377544,0.0,0.0,0.0,0.6666666666666666,1.1547005383792517,0.0,0.0,0.0,0.1111111111111111,0.19245008972987526,0.0,0.0,0.0,0.08333333333333333,0.14433756729740646,0.0,0.0,0.0,-0.016666666666666666,0.028867513459481284,0.0,0.0,0.0,-0.049999999999999996,0.08660254037844387,0.0,0.0,0.0,-0.060000000000000005,0.10392304845413265,0.0,0.0,0.0,0.0,0.0,0.0,0.0,0.0,0.0,0.0,0.0,0.0,0.0,-0.02222222222222224,0.038490017945975084,0.0,0.0,0.0,0.2777777777777778,0.4811252243246882,0.0,0.0,0.0,0.8333333333333334,1.4433756729740643,0.0,0.0,0.0,0.8444444444444446,1.4626206819470522,0.0,0.0,0.0,0.05555555555555555,0.09622504486493763,0.0,0.0,0.0,0.16666666666666666,0.2886751345948129,0.0,0.0,0.0,0.05555555555555555,0.09622504486493763,0.0,0.0,0.0,0.16666666666666666,0.2886751345948129,-0.219780219780219,91.0,0.0,91.06666666666666,0.11547005384297178,-54.60907395577485,-0.6147683195754039,-28.983048519252076,10.288499650022365,11.347272727272726,-12.727419924634953,-0.11013215859030367,medium,low,-1.0,1,0,0
1999-02-01,90.7,17.0,0.0,0.0,31.11764705882353,0.0,0.0,0.0,0.0,0.0,0.0,0.0,0.0,0.0,0.0,0.0,0.0,1.0,0.0,0.0,0.0,0.0,0.0,0.0,0.0,0.0,0.0,0.0,0.0,0.0,0.0,0.0,0.0,0.0,0.0,0.0,0.0,10.0,0.22000000000000003,-0.06,0.2,0.3,3.0,4439.9,4439.9,-0.1,0.3,0.0,0.1,0.9,2.2,3.0,0.0,1.0,2.0,0.0,0.0,0.0,0.0,0.0,0.0,1.0,1.0,0.0,0.0,1.0,1.0,0.3,-0.19999999999999998,-0.3333333333333333,1.0,-0.2045454545454545,-0.36363636363636365,1.090909090909091,0.0,0.3333333333333333,0.6666666666666666,0.002026630561592402,12.013684210526316,0,0,1,0.0,1.0,1.0,0.3333333333333333,0.5773502691896258,0.0,0.0,0.0,0.0,0.0,1.0,0.0,0.0,0.6666666666666666,0.5773502691896258,6.0,0.0,0.0,5.333333333333333,5.033222956847166,2.0,0.0,0.0,1.6666666666666667,1.5275252316519468,0.3333333333333333,0.0,0.0,0.2111111111111111,0.18358568490953672,0.25,0.0,0.0,0.15666666666666668,0.1365039681962885,-0.049999999999999996,0.0,0.0,-0.03666666666666666,0.032145502536643174,-0.15,0.0,0.0,-0.11666666666666665,0.10408329997330663,-0.18000000000000002,0.0,0.0,-0.12818181818181817,0.11168506488787237,0.0,0.0,0.0,-0.03333333333333333,0.05773502691896258,0.0,0.0,0.0,-0.1111111111111111,0.19245008972987526,-0.06666666666666672,0.0,0.0,-0.14343434343434344,0.19359186033224457,0.8333333333333334,0.0,0.0,0.37777777777777777,0.4220759980716129,2.5,0.0,0.0,1.1666666666666667,1.2583057392117916,2.5333333333333337,0.0,0.0,1.2080808080808083,1.2707247353078368,0.16666666666666666,0.0,0.0,0.05555555555555555,0.09622504486493763,0.5,0.0,0.0,0.16666666666666666,0.2886751345948129,0.16666666666666666,0.0,0.0,0.08888888888888889,0.08388704928078611,0.5,0.0,0.0,0.27777777777777773,0.2545875386086578,-0.11013215859030367,90.8,-0.219780219780219,90.93333333333334,0.11547005384298613,-100.72626324404636,-0.27904903328179725,-54.60907395577485,-4.003700899991591,12.514736842105263,10.288499650022365,0.0,medium,medium,0.0,0,1,0
1999-03-01,90.7,19.0,0.0,0.0,26.789473684210527,0.0,0.0,0.0,0.0,0.0,0.0,0.0,0.0,0.0,0.0,0.0,0.0,1.0,0.0,0.0,0.0,0.0,0.0,0.0,0.0,0.0,0.0,0.0,0.0,0.0,0.0,0.0,0.0,0.0,0.0,0.0,0.0,12.0,0.11666666666666665,-0.075,0.16666666666666666,0.16666666666666666,2.0,4898.5,4898.5,-0.08333333333333333,0.25,0.0,0.08333333333333333,0.9166666666666666,1.4,2.0,0.0,1.0,1.0,0.0,0.0,0.0,0.0,0.0,0.0,0.0,0.0,0.0,0.0,1.0,1.0,0.16666666666666666,-0.45,-0.5,1.5,-0.44999999999999996,-0.5,1.4999999999999998,0.0,0.5,0.5,-0.2774412746909577,14.676521739130434,0,0,1,0.0,0.0,1.0,0.0,0.0,0.0,0.0,0.0,0.0,0.0,1.0,1.0,0.0,1.0,0.0,10.0,6.0,0.0,9.333333333333334,3.0550504633038926,3.0,2.0,0.0,2.3333333333333335,0.5773502691896265,0.3,0.3333333333333333,0.0,0.26666666666666666,0.08819171036881968,0.22000000000000003,0.25,0.0,0.19555555555555557,0.06994706993572067,-0.06,-0.049999999999999996,0.0,-0.06166666666666667,0.012583057392117897,-0.19999999999999998,-0.15,0.0,-0.26666666666666666,0.16072751268321592,-0.2045454545454545,-0.18000000000000002,0.0,-0.27818181818181814,0.14930417119822903,-0.1,0.0,0.0,-0.061111111111111116,0.053575837561071975,-0.3333333333333333,0.0,0.0,-0.27777777777777773,0.2545875386086578,-0.36363636363636365,-0.06666666666666672,0.0,-0.31010101010101015,0.22157159114620473,0.3,0.8333333333333334,0.0,0.4611111111111111,0.3233218783766992,1.0,2.5,0.0,1.6666666666666667,0.7637626158259732,1.090909090909091,2.5333333333333337,0.0,1.7080808080808083,0.7433842484220118,0.0,0.16666666666666666,0.0,0.05555555555555555,0.09622504486493763,0.0,0.5,0.0,0.16666666666666666,0.2886751345948129,0.1,0.16666666666666666,0.0,0.11666666666666665,0.044095855184409845,0.3333333333333333,0.5,0.0,0.4444444444444444,0.09622504486493764,0.0,90.7,-0.11013215859030367,90.83333333333333,0.15275252316902443,-13789.780463636222,0.002026630561592402,-100.72626324404636,22.16503681918787,12.013684210526316,-4.003700899991591,-0.22050716648290836,low,medium,0.0,0,1,0
1999-04-01,90.5,16.0,0.0,0.0,28.4375,0.0,0.0,0.0,0.0,0.0,0.0,0.0,0.0,0.0,0.0,0.0,0.0,1.0,0.0,0.0,0.0,0.0,0.0,0.0,0.0,0.0,0.0,0.0,0.0,0.0,0.0,0.0,0.0,0.0,0.0,0.0,0.0,6.0,0.21666666666666665,-0.13333333333333333,0.3333333333333333,0.3333333333333333,2.0,3415.5,3415.5,0.0,0.8333333333333334,0.16666666666666666,0.16666666666666666,0.6666666666666666,1.2999999999999998,1.0,1.0,1.0,0.0,0.0,0.0,1.0,1.0,0.0,0.0,0.0,0.0,0.0,0.0,1.0,1.0,0.16666666666666666,-0.39999999999999997,0.0,2.5,-0.41538461538461546,0.07692307692307691,2.5384615384615388,0.5,0.5,0.0,-0.2130164009113138,17.312380952380952,0,0,1,0.0,0.0,0.0,0.0,0.0,0.0,0.0,0.0,0.0,0.0,1.0,1.0,1.0,1.0,0.0,12.0,10.0,6.0,9.333333333333334,3.0550504633038926,2.0,3.0,2.0,2.3333333333333335,0.5773502691896265,0.16666666666666666,0.3,0.3333333333333333,0.26666666666666666,0.08819171036881968,0.11666666666666665,0.22000000000000003,0.25,0.18444444444444444,0.05872093449655032,-0.075,-0.06,-0.049999999999999996,-0.08944444444444444,0.038741785270246965,-0.45,-0.19999999999999998,-0.15,-0.3499999999999999,0.13228756555322954,-0.44999999999999996,-0.2045454545454545,-0.18000000000000002,-0.35664335664335667,0.13285287004786545,-0.08333333333333333,-0.1,0.0,-0.061111111111111116,0.053575837561071975,-0.5,-0.3333333333333333,0.0,-0.27777777777777773,0.2545875386086578,-0.5,-0.36363636363636365,-0.06666666666666672,-0.26223776223776224,0.3015316176552501,0.25,0.3,0.8333333333333334,0.4611111111111111,0.3233218783766992,1.5,1.0,2.5,1.6666666666666667,0.7637626158259732,1.4999999999999998,1.090909090909091,2.5333333333333337,1.70979020979021,0.7462311781188427,0.0,0.0,0.16666666666666666,0.05555555555555555,0.09622504486493763,0.0,0.0,0.5,0.16666666666666666,0.2886751345948129,0.08333333333333333,0.1,0.16666666666666666,0.11666666666666665,0.044095855184409845,0.5,0.3333333333333333,0.5,0.4444444444444444,0.09622504486493764,-0.22050716648290836,90.7,0.0,90.73333333333335,0.05773502692912004,-23.22108484089358,-0.2774412746909577,-13789.780463636222,17.959699580744726,14.676521739130434,22.16503681918787,-0.11049723756905161,medium,low,-1.0,1,0,0
1999-05-01,90.4,8.0,0.0,0.0,26.5,0.0,0.0,0.0,0.0,0.0,0.0,0.0,0.0,0.0,0.0,0.0,0.0,1.0,0.0,0.0,0.0,0.0,0.0,0.0,0.0,0.0,0.0,0.0,0.0,0.0,0.0,0.0,0.0,0.0,0.0,0.0,0.0,6.0,0.3833333333333333,0.016666666666666663,0.3333333333333333,0.5,3.0,4683.0,4683.0,0.0,0.0,0.0,0.0,1.0,2.3,3.0,0.0,0.0,3.0,0.0,0.0,0.0,0.0,0.0,0.0,0.0,0.0,0.0,0.0,0.0,0.0,0.5,0.033333333333333326,0.0,0.0,0.04347826086956521,0.0,0.0,0.0,0.0,1.0,-0.3544127553617587,17.7185,0,0,1,0.0,0.0,0.0,0.0,0.0,0.0,0.0,0.0,0.0,0.0,1.0,1.0,1.0,1.0,0.0,6.0,12.0,10.0,8.0,3.464101615137754,2.0,2.0,3.0,2.3333333333333335,0.5773502691896265,0.3333333333333333,0.16666666666666666,0.3,0.3333333333333333,0.16666666666666669,0.21666666666666665,0.11666666666666665,0.22000000000000003,0.23888888888888885,0.1347150628109127,-0.13333333333333333,-0.075,-0.06,-0.0638888888888889,0.07561476438231222,-0.39999999999999997,-0.45,-0.19999999999999998,-0.2722222222222222,0.2657971936423486,-0.41538461538461546,-0.44999999999999996,-0.2045454545454545,-0.2739687848383501,0.27546147885780725,0.0,-0.08333333333333333,-0.1,-0.027777777777777776,0.0481125224324688,0.0,-0.5,-0.3333333333333333,-0.16666666666666666,0.2886751345948129,0.07692307692307691,-0.5,-0.36363636363636365,-0.14102564102564105,0.3132510698171952,0.8333333333333334,0.25,0.3,0.36111111111111116,0.42763345328724034,2.5,1.5,1.0,1.3333333333333333,1.2583057392117916,2.5384615384615388,1.4999999999999998,1.090909090909091,1.346153846153846,1.276204617156697,0.16666666666666666,0.0,0.0,0.05555555555555555,0.09622504486493763,0.5,0.0,0.0,0.16666666666666666,0.2886751345948129,0.16666666666666666,0.08333333333333333,0.1,0.08333333333333333,0.08333333333333334,0.5,0.5,0.3333333333333333,0.3333333333333333,0.2886751345948129,-0.11049723756905161,90.5,-0.22050716648290836,90.63333333333333,0.11547005384301845,66.37815390999549,-0.2130164009113138,-23.22108484089358,2.345830124326098,17.312380952380952,17.959699580744726,-0.553097345132747,low,medium,0.0,0,1,0
1999-06-01,89.9,9.0,0.0,0.0,22.333333333333332,0.0,0.0,0.0,0.0,0.0,0.0,0.0,0.0,0.0,0.0,0.0,0.0,1.0,0.0,0.0,0.0,0.0,0.0,0.0,0.0,0.0,0.0,0.0,0.0,0.0,0.0,0.0,0.0,0.0,0.0,0.0,0.0,6.0,0.13333333333333333,0.09999999999999999,0.0,0.16666666666666666,1.0,4005.8333333333335,4005.8333333333335,0.0,0.0,0.0,0.0,1.0,0.8,1.0,0.0,0.0,1.0,0.0,0.0,0.0,0.0,0.0,0.0,0.0,0.0,0.0,0.0,0.0,0.0,0.16666666666666666,0.6,0.0,0.0,0.6,0.0,0.0,0.0,0.0,1.0,-0.3676366849958858,17.923181818181817,0,0,1,0.0,0.0,0.0,0.0,0.0,0.0,0.0,0.0,0.0,0.0,1.0,1.0,1.0,1.0,0.0,6.0,6.0,12.0,6.0,0.0,3.0,2.0,2.0,2.0,1.0000000000000004,0.5,0.3333333333333333,0.16666666666666666,0.3333333333333333,0.16666666666666669,0.3833333333333333,0.21666666666666665,0.11666666666666665,0.24444444444444444,0.1272937693043289,0.016666666666666663,-0.13333333333333333,-0.075,-0.005555555555555559,0.11824331474329314,0.033333333333333326,-0.39999999999999997,-0.45,0.07777777777777778,0.5014792931731893,0.04347826086956521,-0.41538461538461546,-0.44999999999999996,0.0760312151616499,0.5084744343767913,0.0,0.0,-0.08333333333333333,0.0,0.0,0.0,0.0,-0.5,0.0,0.0,0.0,0.07692307692307691,-0.5,0.02564102564102562,0.04441155916843182,0.0,0.8333333333333334,0.25,0.2777777777777778,0.4811252243246881,0.0,2.5,1.5,0.8333333333333334,1.4433756729740645,0.0,2.5384615384615388,1.4999999999999998,0.8461538461538463,1.465581452558281,0.0,0.16666666666666666,0.0,0.05555555555555555,0.09622504486493763,0.0,0.5,0.0,0.16666666666666666,0.2886751345948129,0.0,0.16666666666666666,0.08333333333333333,0.05555555555555556,0.09622504486493763,0.0,0.5,0.5,0.16666666666666666,0.2886751345948129,-0.553097345132747,90.4,-0.11049723756905161,90.53333333333335,0.15275252316904886,3.731222828204661,-0.3544127553617587,66.37815390999549,1.1551870541062659,17.7185,2.345830124326098,-0.22246941045606095,low,low,-1.0,1,0,0
1999-07-01,89.7,15.0,0.0,0.0,25.666666666666668,0.0,0.0,0.0,0.0,0.0,0.0,0.0,0.0,0.0,0.0,0.0,0.0,1.0,0.0,0.0,0.0,0.0,0.0,0.0,0.0,0.0,0.0,0.0,0.0,0.0,0.0,0.0,0.0,0.0,0.0,0.0,0.0,9.0,0.14444444444444443,0.0,0.1111111111111111,0.2222222222222222,2.0,4136.333333333333,4136.333333333333,-0.1111111111111111,0.2222222222222222,0.0,0.1111111111111111,0.8888888888888888,1.2999999999999998,1.0,0.0,1.0,1.0,0.0,0.0,0.0,0.0,0.0,0.0,0.0,0.0,0.0,0.0,1.0,1.0,0.1111111111111111,0.0,-0.5,1.0,-0.015384615384615379,-0.5384615384615385,1.076923076923077,0.0,0.5,0.5,-0.6203700146401392,20.103333333333335,0,0,1,0.0,0.0,0.0,0.0,0.0,0.0,0.0,0.0,0.0,0.0,1.0,1.0,1.0,1.0,0.0,6.0,6.0,6.0,7.0,1.7320508075688763,1.0,3.0,2.0,2.0,1.0000000000000004,0.16666666666666666,0.5,0.3333333333333333,0.29629629629629634,0.17858612520357325,0.13333333333333333,0.3833333333333333,0.21666666666666665,0.22037037037037033,0.1412393701160618,0.09999999999999999,0.016666666666666663,-0.13333333333333333,0.03888888888888888,0.05357583756107204,0.6,0.033333333333333326,-0.39999999999999997,0.2111111111111111,0.33719979789985605,0.6,0.04347826086956521,-0.41538461538461546,0.2093645484949833,0.3395780492458618,0.0,0.0,0.0,-0.037037037037037035,0.06415002990995841,0.0,0.0,0.0,-0.16666666666666666,0.2886751345948129,0.0,0.0,0.07692307692307691,-0.17948717948717952,0.31088091417902924,0.0,0.0,0.8333333333333334,0.07407407407407411,0.12830005981991655,0.0,0.0,2.5,0.3333333333333333,0.577350269189626,0.0,0.0,2.5384615384615388,0.35897435897435903,0.6217618283580593,0.0,0.0,0.16666666666666666,0.0,0.0,0.0,0.0,0.5,0.0,0.0,0.0,0.0,0.16666666666666666,0.037037037037037035,0.06415002990995844,0.0,0.0,0.5,0.16666666666666666,0.2886751345948129,-0.22246941045606095,89.9,-0.553097345132747,90.26666666666667,0.3214550253682735,68.74540543936243,-0.3676366849958858,3.731222828204661,12.163864303044146,17.923181818181817,1.1551870541062659,0.22296544035673715,high,low,-1.0,1,0,0
1999-08-01,89.9,15.0,0.0,0.0,31.666666666666668,0.0,0.0,0.0,0.0,0.0,0.0,0.0,0.0,0.0,0.0,0.0,0.0,1.0,0.0,0.0,0.0,0.0,0.0,0.0,0.0,0.0,0.0,0.0,0.0,0.0,0.0,0.0,0.0,0.0,0.0,0.0,0.0,14.0,0.19999999999999998,-0.028571428571428574,0.14285714285714285,0.2857142857142857,4.0,4310.5,4310.5,-0.07142857142857142,0.21428571428571427,0.0,0.07142857142857142,0.9285714285714286,2.8,3.0,0.0,1.0,3.0,0.0,0.0,0.0,0.0,0.0,0.0,0.0,0.0,0.0,0.0,1.0,1.0,0.21428571428571427,-0.1,-0.25,0.75,-0.07857142857142857,-0.25,0.7499999999999999,0.0,0.25,0.75,-0.45160994521823755,21.278636363636362,0,0,1,0.0,0.0,0.0,0.0,0.0,0.0,0.0,0.0,0.0,0.0,1.0,1.0,1.0,1.0,0.0,9.0,6.0,6.0,9.666666666666666,4.041451884327381,2.0,1.0,3.0,2.3333333333333335,1.5275252316519468,0.2222222222222222,0.16666666666666666,0.5,0.22486772486772488,0.059567884916389924,0.14444444444444443,0.13333333333333333,0.3833333333333333,0.15925925925925924,0.035717225040714645,0.0,0.09999999999999999,0.016666666666666663,0.023809523809523808,0.06751165180360874,0.0,0.6,0.033333333333333326,0.16666666666666666,0.37859388972001834,-0.015384615384615379,0.6,0.04347826086956521,0.16868131868131866,0.37486663892782046,-0.1111111111111111,0.0,0.0,-0.06084656084656084,0.056306340353949096,-0.5,0.0,0.0,-0.25,0.25,-0.5384615384615385,0.0,0.0,-0.26282051282051283,0.2694596097049193,0.2222222222222222,0.0,0.0,0.14550264550264555,0.1260714556343263,1.0,0.0,0.0,0.5833333333333334,0.5204164998665333,1.076923076923077,0.0,0.0,0.608974358974359,0.5521385713499714,0.0,0.0,0.0,0.0,0.0,0.0,0.0,0.0,0.0,0.0,0.1111111111111111,0.0,0.0,0.06084656084656084,0.05630634035394913,0.5,0.0,0.0,0.25,0.25000000000000006,0.22296544035673715,89.7,-0.22246941045606095,90.0,0.3605551275480544,-27.203131266715886,-0.6203700146401392,68.74540543936243,5.846309220542323,20.103333333333335,12.163864303044146,0.11123470522802492,high,high,1.0,0,0,1
1999-09-01,90.0,15.0,0.0,0.0,25.733333333333334,0.0,0.0,0.0,0.0,0.0,0.0,0.0,0.0,0.0,0.0,0.0,0.0,1.0,0.0,0.0,0.0,0.0,0.0,0.0,0.0,0.0,0.0,0.0,0.0,0.0,0.0,0.0,0.0,0.0,0.0,0.0,0.0,9.0,0.23333333333333334,-0.13333333333333333,0.2222222222222222,0.3333333333333333,3.0,6007.777777777777,6007.777777777777,0.3333333333333333,0.8888888888888888,0.3333333333333333,0.0,0.6666666666666666,2.1,2.0,3.0,0.0,0.0,0.0,0.0,0.0,0.0,0.0,0.0,3.0,3.0,0.0,0.0,0.0,0.0,0.2222222222222222,-0.39999999999999997,1.0,2.6666666666666665,-0.35238095238095235,1.0,2.6666666666666665,1.0,0.0,0.0,-0.3906346620127848,23.796666666666667,0,0,1,0.0,0.0,0.0,0.0,0.0,0.0,0.0,0.0,0.0,0.0,1.0,1.0,1.0,1.0,0.0,14.0,9.0,6.0,10.666666666666666,2.8867513459481287,4.0,2.0,1.0,3.0,1.0000000000000002,0.2857142857142857,0.2222222222222222,0.16666666666666666,0.28042328042328046,0.05574419975054355,0.19999999999999998,0.14444444444444443,0.13333333333333333,0.19259259259259257,0.044905020936970894,-0.028571428571428574,0.0,0.09999999999999999,-0.053968253968253964,0.07020109329363804,-0.1,0.0,0.6,-0.16666666666666666,0.20816659994661335,-0.07857142857142857,-0.015384615384615379,0.6,-0.14877899877899878,0.17913252070206379,-0.07142857142857142,-0.1111111111111111,0.0,0.05026455026455026,0.2459463924312479,-0.25,-0.5,0.0,0.08333333333333333,0.8036375634160796,-0.25,-0.5384615384615385,0.0,0.07051282051282048,0.8177788988572483,0.21428571428571427,0.2222222222222222,0.0,0.44179894179894186,0.38721158638556435,0.75,1.0,0.0,1.472222222222222,1.0419444074172803,0.7499999999999999,1.076923076923077,0.0,1.4978632478632479,1.0253271421410501,0.0,0.0,0.0,0.1111111111111111,0.19245008972987526,0.0,0.0,0.0,0.3333333333333333,0.5773502691896257,0.07142857142857142,0.1111111111111111,0.0,0.06084656084656084,0.05630634035394913,0.25,0.5,0.0,0.25,0.25000000000000006,0.11123470522802492,89.9,0.22296544035673715,89.83333333333333,0.1154700538431087,-13.501758287450215,-0.45160994521823755,-27.203131266715886,11.833607473707453,21.278636363636362,5.846309220542323,-0.33333333333332993,low,high,1.0,0,0,1
1999-10-01,89.7,29.0,0.0,0.0,26.482758620689655,0.0,0.0,0.0,0.0,0.0,0.0,0.0,0.0,0.0,0.0,0.0,0.0,1.0,0.0,0.0,0.0,0.0,0.0,0.0,0.0,0.0,0.0,0.0,0.0,0.0,0.0,0.0,0.0,0.0,0.0,0.0,0.0,14.0,0.15,0.03571428571428571,0.07142857142857142,0.21428571428571427,3.0,4127.071428571428,4127.071428571428,0.0,0.0,0.0,0.0,1.0,2.1,2.0,0.0,0.0,3.0,0.0,0.0,0.0,0.0,1.0,1.0,0.0,0.0,0.0,0.0,0.0,0.0,0.14285714285714285,0.16666666666666666,0.0,0.0,0.2,0.0,0.0,0.0,0.0,1.0,-0.11974469955125604,22.69142857142857,0,0,1,0.0,0.0,0.0,0.0,0.0,0.0,0.0,0.0,0.0,0.0,1.0,1.0,1.0,1.0,0.0,9.0,14.0,9.0,12.333333333333334,2.8867513459481287,3.0,4.0,2.0,3.3333333333333335,0.5773502691896262,0.3333333333333333,0.2857142857142857,0.2222222222222222,0.2777777777777778,0.059919320914847196,0.23333333333333334,0.19999999999999998,0.14444444444444443,0.19444444444444442,0.04194352464039305,-0.13333333333333333,-0.028571428571428574,0.0,-0.04206349206349206,0.08532761106097275,-0.39999999999999997,-0.1,0.0,-0.11111111111111112,0.28349668493717944,-0.35238095238095235,-0.07857142857142857,-0.015384615384615379,-0.07698412698412697,0.27619389707788394,0.3333333333333333,-0.07142857142857142,-0.1111111111111111,0.08730158730158728,0.21604218394946345,1.0,-0.25,-0.5,0.25,0.6614378277661477,1.0,-0.25,-0.5384615384615385,0.25,0.6614378277661476,0.8888888888888888,0.21428571428571427,0.2222222222222222,0.36772486772486773,0.46388419304134937,2.6666666666666665,0.75,1.0,1.1388888888888888,1.375210421609618,2.6666666666666665,0.7499999999999999,1.076923076923077,1.1388888888888888,1.3752104216096184,0.3333333333333333,0.0,0.0,0.1111111111111111,0.19245008972987526,1.0,0.0,0.0,0.3333333333333333,0.5773502691896257,0.0,0.07142857142857142,0.1111111111111111,0.023809523809523808,0.041239304942116174,0.0,0.25,0.5,0.08333333333333333,0.14433756729740654,-0.33333333333332993,90.0,0.11123470522802492,89.86666666666667,0.15275252316910934,-69.34611513114088,-0.3906346620127848,-13.501758287450215,-4.644508034338546,23.796666666666667,11.833607473707453,-0.22296544035674826,low,low,-1.0,1,0,0
1999-11-01,89.5,29.0,0.0,0.0,23.655172413793103,0.0,0.0,0.0,0.0,0.0,0.0,0.0,0.0,0.0,0.0,0.0,0.0,1.0,0.0,0.0,0.0,0.0,0.0,0.0,0.0,0.0,0.0,0.0,0.0,0.0,0.0,0.0,0.0,0.0,0.0,0.0,0.0,12.0,0.24166666666666667,0.03333333333333333,0.08333333333333333,0.3333333333333333,4.0,5956.833333333333,5927.666666666667,-0.16666666666666666,0.4166666666666667,0.0,0.16666666666666666,0.8333333333333334,2.9,4.0,0.0,2.0,2.0,0.0,0.0,0.0,0.0,2.0,2.0,0.0,0.0,0.0,0.0,0.0,0.0,0.3333333333333333,0.09999999999999999,-0.5,1.25,0.11724137931034483,-0.48275862068965514,1.206896551724138,0.0,0.5,0.5,-0.1667570858383597,25.00238095238095,0,0,1,0.0,0.0,0.0,0.0,0.0,0.0,0.0,0.0,0.0,0.0,1.0,1.0,1.0,1.0,0.0,14.0,9.0,14.0,11.666666666666666,2.5166114784235836,3.0,3.0,4.0,3.3333333333333335,0.5773502691896262,0.21428571428571427,0.3333333333333333,0.2857142857142857,0.29365079365079366,0.06873217490352684,0.15,0.23333333333333334,0.19999999999999998,0.20833333333333334,0.050689687752485155,0.03571428571428571,-0.13333333333333333,-0.028571428571428574,-0.021428571428571425,0.09691967827165535,0.16666666666666666,-0.39999999999999997,-0.1,-0.04444444444444445,0.309719108105919,0.2,-0.35238095238095235,-0.07857142857142857,-0.011713191023535838,0.29791465228454067,0.0,0.3333333333333333,-0.07142857142857142,0.05555555555555555,0.25458753860865774,0.0,1.0,-0.25,0.16666666666666666,0.7637626158259734,0.0,1.0,-0.25,0.1724137931034483,0.7562659379124589,0.0,0.8888888888888888,0.21428571428571427,0.4351851851851852,0.4447337021675122,0.0,2.6666666666666665,0.75,1.3055555555555556,1.3342011065025363,0.0,2.6666666666666665,0.7499999999999999,1.2911877394636015,1.3353301206164996,0.0,0.3333333333333333,0.0,0.1111111111111111,0.19245008972987526,0.0,1.0,0.0,0.3333333333333333,0.5773502691896257,0.0,0.0,0.07142857142857142,0.05555555555555555,0.09622504486493763,0.0,0.0,0.25,0.16666666666666666,0.2886751345948129,-0.22296544035674826,89.7,-0.33333333333332993,89.86666666666667,0.15275252316910934,39.260515466056404,-0.11974469955125604,-69.34611513114088,10.184252497271885,22.69142857142857,-4.644508034338546,-0.22346368715083775,low,low,-1.0,1,0,0
1999-12-01,89.3,24.0,0.0,0.0,33.916666666666664,0.0,0.0,0.0,0.0,0.0,0.0,0.0,0.0,0.0,0.0,0.0,0.0,1.0,0.0,0.0,0.0,0.0,0.0,0.0,0.0,0.0,0.0,0.0,0.0,0.0,0.0,0.0,0.0,0.0,0.0,0.0,0.0,13.0,0.20769230769230768,-0.05384615384615384,0.23076923076923078,0.3076923076923077,4.0,5268.692307692308,5268.692307692308,-0.15384615384615385,0.3076923076923077,0.0,0.15384615384615385,0.8461538461538461,2.6999999999999997,3.0,0.0,2.0,2.0,0.0,0.0,0.0,0.0,0.0,0.0,0.0,0.0,0.0,0.0,2.0,2.0,0.23076923076923078,-0.175,-0.5,1.0,-0.1888888888888889,-0.5185185185185185,1.037037037037037,0.0,0.5,0.5,-0.20608595344690947,26.10238095238095,0,0,1,0.0,0.0,0.0,0.0,0.0,0.0,0.0,0.0,0.0,0.0,1.0,1.0,1.0,1.0,0.0,12.0,14.0,9.0,13.0,1.0000000000000009,4.0,3.0,3.0,3.6666666666666665,0.5773502691896262,0.3333333333333333,0.21428571428571427,0.3333333333333333,0.28510378510378515,0.0626559248178167,0.24166666666666667,0.15,0.23333333333333334,0.19978632478632477,0.046341912657190946,0.03333333333333333,0.03571428571428571,-0.13333333333333333,0.005067155067155067,0.0510343091350938,0.09999999999999999,0.16666666666666666,-0.39999999999999997,0.03055555555555554,0.18111025903003392,0.11724137931034483,0.2,-0.35238095238095235,0.042784163473818644,0.2048573887315366,-0.16666666666666666,0.0,0.3333333333333333,-0.10683760683760683,0.09274587356500295,-0.5,0.0,1.0,-0.3333333333333333,0.2886751345948131,-0.48275862068965514,0.0,1.0,-0.3337590464027245,0.28959630240202416,0.4166666666666667,0.0,0.8888888888888888,0.24145299145299148,0.21608681829224755,1.25,0.0,2.6666666666666665,0.75,0.6614378277661476,1.206896551724138,0.0,2.6666666666666665,0.7479778629203917,0.6533117374168722,0.0,0.0,0.3333333333333333,0.0,0.0,0.0,0.0,1.0,0.0,0.0,0.16666666666666666,0.0,0.0,0.10683760683760683,0.09274587356500302,0.5,0.0,0.0,0.3333333333333333,0.2886751345948129,-0.22346368715083775,89.5,-0.22296544035674826,89.73333333333333,0.2516611478447369,23.584525605509743,-0.1667570858383597,39.260515466056404,4.399580992286456,25.00238095238095,10.184252497271885,-0.5599104143337086,low,low,-1.0,1,0,0
2000-01-01,88.8,18.0,0.0,0.0,27.055555555555557,0.0,0.0,0.0,0.0,0.0,0.0,0.0,0.0,0.0,0.0,0.0,0.0,1.0,0.0,0.0,0.0,0.0,0.0,0.0,0.0,0.0,0.0,0.0,0.0,0.0,0.0,0.0,0.0,0.0,0.0,0.0,0.0,12.0,0.2916666666666667,-0.06666666666666667,0.25,0.4166666666666667,5.0,4479.25,4274.666666666667,-0.08333333333333333,0.6666666666666666,0.08333333333333333,0.16666666666666666,0.75,3.5,3.0,1.0,2.0,2.0,0.0,0.0,0.0,0.0,1.0,1.0,1.0,1.0,0.0,0.0,2.0,2.0,0.25,-0.15999999999999998,-0.2,1.6,-0.18,-0.17142857142857143,1.6571428571428573,0.2,0.4,0.4,-0.6171356170058285,27.259473684210523,0,0,1,0.0,0.0,0.0,0.0,0.0,0.0,0.0,0.0,0.0,0.0,1.0,1.0,1.0,1.0,0.0,13.0,12.0,14.0,12.333333333333334,0.5773502691896274,4.0,4.0,3.0,4.333333333333333,0.5773502691896264,0.3076923076923077,0.3333333333333333,0.21428571428571427,0.35256410256410264,0.056975605239202365,0.20769230769230768,0.24166666666666667,0.15,0.24700854700854702,0.042241271352539196,-0.05384615384615384,0.03333333333333333,0.03571428571428571,-0.029059829059829057,0.05441297108511798,-0.175,0.09999999999999999,0.16666666666666666,-0.07833333333333334,0.1546231979145865,-0.1888888888888889,0.11724137931034483,0.2,-0.08388250319284803,0.17423508593646778,-0.15384615384615385,-0.16666666666666666,0.0,-0.1346153846153846,0.044871794871794775,-0.5,-0.5,0.0,-0.39999999999999997,0.17320508075688804,-0.5185185185185185,-0.48275862068965514,0.0,-0.3909019035455817,0.1909086174222898,0.3076923076923077,0.4166666666666667,0.0,0.46367521367521375,0.18404619044999027,1.0,1.25,0.0,1.2833333333333334,0.30138568866708504,1.037037037037037,1.206896551724138,0.0,1.3003588153013441,0.3204437596006667,0.0,0.0,0.0,0.027777777777777776,0.04811252243246883,0.0,0.0,0.0,0.06666666666666667,0.11547005383792512,0.15384615384615385,0.16666666666666666,0.0,0.1623931623931624,0.007401926528072073,0.5,0.5,0.0,0.4666666666666666,0.05773502691896292,-0.5599104143337086,89.3,-0.22346368715083775,89.5,0.20000000000299192,199.45544889589527,-0.20608595344690947,23.584525605509743,4.432901097951469,26.10238095238095,4.399580992286456,-0.22522522522522292,low,low,-1.0,1,0,0
2000-02-01,88.6,23.0,0.0,0.0,28.956521739130434,0.0,0.0,0.0,0.0,0.0,0.0,0.0,0.0,0.0,0.0,0.0,0.0,1.0,0.0,0.0,0.0,0.0,0.0,0.0,0.0,0.0,0.0,0.0,0.0,0.0,0.0,0.0,0.0,0.0,0.0,0.0,0.0,12.0,0.24583333333333335,0.05000000000000001,0.08333333333333333,0.3333333333333333,4.0,3521.4166666666665,3521.4166666666665,0.0,0.4166666666666667,0.08333333333333333,0.08333333333333333,0.8333333333333334,2.95,3.0,1.0,1.0,2.0,0.0,0.0,0.0,0.0,0.0,0.0,1.0,1.0,0.0,0.0,1.0,1.0,0.25,0.15000000000000002,0.0,1.25,0.13728813559322034,-0.016949152542372857,1.4067796610169492,0.25,0.25,0.5,-0.42300311601790164,29.366000000000003,0,0,1,0.0,0.0,0.0,0.0,0.0,0.0,0.0,0.0,0.0,0.0,1.0,1.0,1.0,1.0,0.0,12.0,13.0,12.0,12.333333333333334,0.5773502691896274,5.0,4.0,4.0,4.333333333333333,0.5773502691896264,0.4166666666666667,0.3076923076923077,0.3333333333333333,0.35256410256410264,0.056975605239202365,0.2916666666666667,0.20769230769230768,0.24166666666666667,0.2483974358974359,0.04204585839007274,-0.06666666666666667,-0.05384615384615384,0.03333333333333333,-0.023504273504273494,0.06397851244588701,-0.15999999999999998,-0.175,0.09999999999999999,-0.06166666666666667,0.18346207600845846,-0.18,-0.1888888888888889,0.11724137931034483,-0.07720025109855619,0.18580555456081102,-0.08333333333333333,-0.15384615384615385,-0.16666666666666666,-0.07905982905982906,0.07701205679888923,-0.2,-0.5,-0.5,-0.2333333333333333,0.25166114784235855,-0.17142857142857143,-0.5185185185185185,-0.48275862068965514,-0.23563208082982093,0.25687453199179816,0.6666666666666666,0.3076923076923077,0.4166666666666667,0.46367521367521375,0.18404619044999027,1.6,1.0,1.25,1.2833333333333334,0.30138568866708504,1.6571428571428573,1.037037037037037,1.206896551724138,1.3669865183989478,0.31196222156190784,0.08333333333333333,0.0,0.0,0.05555555555555555,0.04811252243246883,0.2,0.0,0.0,0.15,0.13228756555322946,0.16666666666666666,0.15384615384615385,0.16666666666666666,0.1346153846153846,0.04487179487179488,0.4,0.5,0.5,0.3833333333333333,0.12583057392117933,-0.22522522522522292,88.8,-0.5599104143337086,89.2,0.36055512754806307,-31.457024297155968,-0.6171356170058285,199.45544889589527,7.727685208425883,27.259473684210523,4.432901097951469,0.0,medium,low,-1.0,1,0,0
2000-03-01,88.6,20.0,0.0,0.0,28.55,0.0,0.0,0.0,0.0,0.0,0.0,0.0,0.0,0.0,0.0,0.0,0.0,1.0,0.0,0.0,0.0,0.0,0.0,0.0,0.0,0.0,0.0,0.0,0.0,0.0,0.0,0.0,0.0,0.0,0.0,0.0,0.0,6.0,0.5166666666666667,0.21666666666666667,0.0,0.6666666666666666,4.0,2435.1666666666665,2435.1666666666665,0.0,0.6666666666666666,0.16666666666666666,0.16666666666666666,0.6666666666666666,3.1,4.0,1.0,1.0,2.0,0.0,0.0,0.0,0.0,0.0,0.0,1.0,1.0,0.0,0.0,1.0,1.0,0.6666666666666666,0.325,0.0,1.0,0.32903225806451614,0.0,1.032258064516129,0.25,0.25,0.5,-0.28114141588345115,29.84173913043478,0,0,1,0.0,0.0,0.0,0.0,0.0,0.0,0.0,0.0,0.0,0.0,1.0,1.0,1.0,1.0,0.0,12.0,12.0,13.0,10.0,3.464101615137755,4.0,5.0,4.0,4.333333333333333,0.5773502691896264,0.3333333333333333,0.4166666666666667,0.3076923076923077,0.47222222222222227,0.1734721666221776,0.24583333333333335,0.2916666666666667,0.20769230769230768,0.3513888888888889,0.14495768859043484,0.05000000000000001,-0.06666666666666667,-0.05384615384615384,0.06666666666666667,0.1424000624219589,0.15000000000000002,-0.15999999999999998,-0.175,0.105,0.2456114818163028,0.13728813559322034,-0.18,-0.1888888888888889,0.09544013121924551,0.2570834524821234,0.0,-0.08333333333333333,-0.15384615384615385,-0.027777777777777776,0.048112522432468614,0.0,-0.2,-0.5,-0.06666666666666667,0.11547005383792565,-0.016949152542372857,-0.17142857142857143,-0.5185185185185185,-0.06279257465698143,0.09446244380119395,0.4166666666666667,0.6666666666666666,0.3076923076923077,0.5833333333333334,0.1443375672974067,1.25,1.6,1.0,1.2833333333333334,0.30138568866708504,1.4067796610169492,1.6571428571428573,1.037037037037037,1.365393527558645,0.31449143079901115,0.08333333333333333,0.08333333333333333,0.0,0.1111111111111111,0.04811252243246883,0.25,0.2,0.0,0.2333333333333333,0.028867513459480777,0.08333333333333333,0.16666666666666666,0.15384615384615385,0.13888888888888887,0.048112522432468816,0.25,0.4,0.5,0.3,0.08660254037844417,0.0,88.6,-0.22522522522522292,88.89999999999999,0.36055512754807345,-33.53679790114048,-0.42300311601790164,-31.457024297155968,1.6200338160961003,29.366000000000003,7.727685208425883,0.3386004514672747,high,medium,0.0,0,1,0
2000-04-01,88.9,21.0,0.0,0.0,26.333333333333332,0.0,0.0,0.0,0.0,0.0,0.0,0.0,0.0,0.0,0.0,0.0,0.0,1.0,0.0,0.0,0.0,0.0,0.0,0.0,0.0,0.0,0.0,0.0,0.0,0.0,0.0,0.0,0.0,0.0,0.0,0.0,0.0,15.0,0.15,0.026666666666666665,0.06666666666666667,0.2,3.0,4300.2,4300.2,-0.06666666666666667,0.13333333333333333,0.0,0.06666666666666667,0.9333333333333333,2.25,2.0,0.0,1.0,2.0,0.0,0.0,0.0,0.0,0.0,0.0,1.0,1.0,0.0,0.0,1.0,1.0,0.13333333333333333,0.13333333333333333,-0.3333333333333333,0.6666666666666666,0.1222222222222222,-0.26666666666666666,0.5333333333333333,0.0,0.3333333333333333,0.6666666666666666,0.12705524459718315,25.722105263157896,0,0,1,0.0,0.0,0.0,0.0,0.0,0.0,0.0,0.0,0.0,0.0,1.0,1.0,1.0,1.0,0.0,6.0,12.0,12.0,11.0,4.58257569495584,4.0,4.0,5.0,3.6666666666666665,0.577350269189626,0.6666666666666666,0.3333333333333333,0.4166666666666667,0.39999999999999997,0.24037008503093252,0.5166666666666667,0.24583333333333335,0.2916666666666667,0.3041666666666667,0.19016622845406714,0.21666666666666667,0.05000000000000001,-0.06666666666666667,0.09777777777777778,0.10361967495141573,0.325,0.15000000000000002,-0.15999999999999998,0.20277777777777775,0.10617508252009132,0.32903225806451614,0.13728813559322034,-0.18,0.19618087195998624,0.11529901790061682,0.0,0.0,-0.08333333333333333,-0.022222222222222223,0.0384900179459748,0.0,0.0,-0.2,-0.1111111111111111,0.19245008972987554,0.0,-0.016949152542372857,-0.17142857142857143,-0.09453860640301319,0.14930797128945256,0.6666666666666666,0.4166666666666667,0.6666666666666666,0.4055555555555556,0.2668402213005073,1.0,1.25,1.6,0.9722222222222222,0.29265704869035347,1.032258064516129,1.4067796610169492,1.6571428571428573,0.9907903529554706,0.43819721605979883,0.16666666666666666,0.08333333333333333,0.08333333333333333,0.08333333333333333,0.08333333333333334,0.25,0.25,0.2,0.16666666666666666,0.14433756729740638,0.16666666666666666,0.08333333333333333,0.16666666666666666,0.10555555555555556,0.05357583756107198,0.25,0.25,0.4,0.27777777777777773,0.048112522432469364,0.3386004514672747,88.6,0.0,88.66666666666667,0.11547005384318768,-145.19264591377552,-0.28114141588345115,-33.53679790114048,-13.804938945650736,29.84173913043478,1.6200338160961003,-0.4499437570303799,low,high,1.0,0,0,1
2000-05-01,88.5,17.0,0.0,0.0,37.35294117647059,0.0,0.0,0.0,0.0,0.0,0.0,0.0,0.0,0.0,0.0,0.0,0.0,1.0,0.0,0.0,0.0,0.0,0.0,0.0,0.0,0.0,0.0,0.0,0.0,0.0,0.0,0.0,0.0,0.0,0.0,0.0,0.0,14.0,0.21428571428571427,-0.17142857142857143,0.2857142857142857,0.2857142857142857,4.0,3314.6428571428573,3314.6428571428573,-0.07142857142857142,0.7857142857142857,0.07142857142857142,0.14285714285714285,0.7857142857142857,3.0,4.0,1.0,2.0,1.0,1.0,1.0,0.0,0.0,0.0,0.0,0.0,0.0,0.0,0.0,2.0,2.0,0.2857142857142857,-0.6,-0.25,2.75,-0.6,-0.16666666666666663,2.8333333333333335,0.25,0.5,0.25,0.28151228724259125,28.78818181818182,0,0,1,0.0,0.0,0.0,0.0,0.0,0.0,0.0,0.0,0.0,0.0,1.0,1.0,1.0,1.0,0.0,15.0,6.0,12.0,11.666666666666666,4.932882862316248,3.0,4.0,4.0,3.6666666666666665,0.577350269189626,0.2,0.6666666666666666,0.3333333333333333,0.38412698412698415,0.24841143059669368,0.15,0.5166666666666667,0.24583333333333335,0.29365079365079366,0.19579382773233717,0.026666666666666665,0.21666666666666667,0.05000000000000001,0.023968253968253972,0.19406169001471701,0.13333333333333333,0.325,0.15000000000000002,-0.04722222222222224,0.48821765789602645,0.1222222222222222,0.32903225806451614,0.13728813559322034,-0.049581839904420534,0.4877629659512137,-0.06666666666666667,0.0,0.0,-0.046031746031746035,0.03993570039812399,-0.3333333333333333,0.0,0.0,-0.19444444444444442,0.17347216662217804,-0.26666666666666666,0.0,-0.016949152542372857,-0.14444444444444443,0.13471506281091228,0.13333333333333333,0.6666666666666666,0.4166666666666667,0.5285714285714286,0.3474232977878787,0.6666666666666666,1.0,1.25,1.472222222222222,1.1190687265824268,0.5333333333333333,1.032258064516129,1.4067796610169492,1.4663082437275987,1.2098758897321378,0.0,0.16666666666666666,0.08333333333333333,0.07936507936507936,0.0836162996258154,0.0,0.25,0.25,0.16666666666666666,0.14433756729740638,0.06666666666666667,0.16666666666666666,0.08333333333333333,0.1253968253968254,0.05223645292668043,0.3333333333333333,0.25,0.25,0.3611111111111111,0.1272937693043291,-0.4499437570303799,88.9,0.3386004514672747,88.7,0.17320508076040086,121.56683742973367,0.12705524459718315,-145.19264591377552,11.920006250092996,25.722105263157896,-13.804938945650736,0.3389830508474523,high,low,-1.0,1,0,0
2000-06-01,88.8,11.0,0.0,0.0,23.363636363636363,0.0,0.0,0.0,0.0,0.0,0.0,0.0,0.0,0.0,0.0,0.0,0.0,1.0,0.0,0.0,0.0,0.0,0.0,0.0,0.0,0.0,0.0,0.0,0.0,0.0,0.0,0.0,0.0,0.0,0.0,0.0,0.0,7.0,0.09999999999999999,-0.028571428571428574,0.14285714285714285,0.14285714285714285,1.0,5010.428571428572,5010.428571428572,0.0,0.0,0.0,0.0,1.0,0.7,1.0,0.0,0.0,1.0,0.0,0.0,0.0,0.0,0.0,0.0,0.0,0.0,0.0,0.0,0.0,0.0,0.14285714285714285,-0.2,0.0,0.0,-0.19999999999999998,0.0,0.0,0.0,0.0,1.0,0.0435167129662301,31.82227272727273,0,0,1,0.0,0.0,0.0,0.0,0.0,0.0,0.0,0.0,0.0,0.0,1.0,1.0,1.0,1.0,0.0,14.0,15.0,6.0,12.0,4.358898943540674,4.0,3.0,4.0,2.6666666666666665,1.5275252316519468,0.2857142857142857,0.2,0.6666666666666666,0.20952380952380956,0.07190318509781658,0.21428571428571427,0.15,0.5166666666666667,0.15476190476190474,0.05729147340721884,-0.17142857142857143,0.026666666666666665,0.21666666666666667,-0.05777777777777778,0.10222616575258359,-0.6,0.13333333333333333,0.325,-0.22222222222222224,0.3671713698190736,-0.6,0.1222222222222222,0.32903225806451614,-0.2259259259259259,0.36180844350876973,-0.07142857142857142,-0.06666666666666667,0.0,-0.046031746031746035,0.03993570039812398,-0.25,-0.3333333333333333,0.0,-0.19444444444444442,0.17347216662217804,-0.16666666666666663,-0.26666666666666666,0.0,-0.14444444444444443,0.13471506281091228,0.7857142857142857,0.13333333333333333,0.6666666666666666,0.3063492063492064,0.4204611800516916,2.75,0.6666666666666666,1.0,1.1388888888888888,1.4345279259639283,2.8333333333333335,0.5333333333333333,1.032258064516129,1.1222222222222222,1.5056683024614146,0.07142857142857142,0.0,0.16666666666666666,0.023809523809523808,0.04123930494211619,0.25,0.0,0.25,0.08333333333333333,0.14433756729740646,0.14285714285714285,0.06666666666666667,0.16666666666666666,0.06984126984126983,0.07148146189966796,0.5,0.3333333333333333,0.25,0.27777777777777773,0.2545875386086579,0.3389830508474523,88.5,-0.4499437570303799,88.66666666666667,0.20816659994953557,-84.54180689856359,0.28151228724259125,121.56683742973367,10.539362743550074,28.78818181818182,11.920006250092996,0.5630630630630629,high,high,1.0,0,0,1
2000-07-01,89.3,16.0,0.0,0.0,33.5625,0.0,0.0,0.0,0.0,0.0,0.0,0.0,0.0,0.0,0.0,0.0,0.0,1.0,0.0,0.0,0.0,0.0,0.0,0.0,0.0,0.0,0.0,0.0,0.0,0.0,0.0,0.0,0.0,0.0,0.0,0.0,0.0,7.0,0.31428571428571433,-0.014285714285714282,0.2857142857142857,0.42857142857142855,3.0,4439.285714285715,4439.285714285715,0.0,0.5714285714285714,0.14285714285714285,0.14285714285714285,0.7142857142857143,2.2,3.0,1.0,1.0,1.0,0.0,0.0,0.0,0.0,1.0,1.0,0.0,0.0,0.0,0.0,1.0,1.0,0.42857142857142855,-0.033333333333333326,0.0,1.3333333333333333,-0.009090909090909073,0.0,1.2727272727272725,0.3333333333333333,0.3333333333333333,0.3333333333333333,-0.015869874981165735,29.69684210526316,0,0,1,0.0,0.0,0.0,0.0,0.0,0.0,0.0,0.0,0.0,0.0,1.0,1.0,1.0,1.0,0.0,7.0,14.0,15.0,9.333333333333334,4.0414518843273814,1.0,4.0,3.0,2.6666666666666665,1.5275252316519468,0.14285714285714285,0.2857142857142857,0.2,0.28571428571428575,0.14285714285714277,0.09999999999999999,0.21428571428571427,0.15,0.20952380952380953,0.10722219284950193,-0.028571428571428574,-0.17142857142857143,0.026666666666666665,-0.07142857142857142,0.08689660757568894,-0.2,-0.6,0.13333333333333333,-0.2777777777777778,0.29122983160180366,-0.19999999999999998,-0.6,0.1222222222222222,-0.2696969696969697,0.30155702465447093,0.0,-0.07142857142857142,-0.06666666666666667,-0.023809523809523808,0.04123930494211588,0.0,-0.25,-0.3333333333333333,-0.08333333333333333,0.14433756729740688,0.0,-0.16666666666666663,-0.26666666666666666,-0.055555555555555546,0.09622504486493706,0.0,0.7857142857142857,0.13333333333333333,0.4523809523809524,0.40616005021980905,0.0,2.75,0.6666666666666666,1.361111111111111,1.375210421609618,0.0,2.8333333333333335,0.5333333333333333,1.3686868686868685,1.4191020497085443,0.0,0.07142857142857142,0.0,0.07142857142857142,0.07142857142857145,0.0,0.25,0.0,0.19444444444444442,0.17347216662217765,0.0,0.14285714285714285,0.06666666666666667,0.09523809523809523,0.08247860988423227,0.0,0.5,0.3333333333333333,0.27777777777777773,0.2545875386086579,0.5630630630630629,88.8,0.3389830508474523,88.73333333333333,0.20816659994952877,-136.46845981561407,0.0435167129662301,-84.54180689856359,-6.679066074963302,31.82227272727273,10.539362743550074,-0.11198208286673506,medium,high,1.0,0,0,1
2000-08-01,89.2,19.0,0.0,0.0,31.157894736842106,0.0,0.0,0.0,0.0,0.0,0.0,0.0,0.0,0.0,0.0,0.0,0.0,1.0,0.0,0.0,0.0,0.0,0.0,0.0,0.0,0.0,0.0,0.0,0.0,0.0,0.0,0.0,0.0,0.0,0.0,0.0,0.0,11.0,0.34545454545454546,-0.09090909090909091,0.36363636363636365,0.45454545454545453,5.0,2869.3636363636365,2869.3636363636365,-0.18181818181818182,0.45454545454545453,0.0,0.18181818181818182,0.8181818181818182,3.8000000000000003,4.0,0.0,2.0,3.0,0.0,0.0,0.0,0.0,2.0,2.0,0.0,0.0,0.0,0.0,1.0,1.0,0.36363636363636365,-0.2,-0.4,1.0,-0.19999999999999998,-0.42105263157894735,1.0526315789473684,0.0,0.4,0.6,0.08743640583890946,31.26391304347826,0,0,1,0.0,0.0,0.0,0.0,0.0,0.0,0.0,0.0,0.0,0.0,1.0,1.0,1.0,1.0,0.0,7.0,7.0,14.0,8.333333333333334,2.3094010767585047,3.0,1.0,4.0,3.0,2.0,0.42857142857142855,0.14285714285714285,0.2857142857142857,0.341991341991342,0.17294358749297115,0.31428571428571433,0.09999999999999999,0.21428571428571427,0.2532467532467533,0.13362746553239432,-0.014285714285714282,-0.028571428571428574,-0.17142857142857143,-0.04458874458874459,0.040745567496243036,-0.033333333333333326,-0.2,-0.6,-0.14444444444444446,0.096225044864938,-0.009090909090909073,-0.19999999999999998,-0.6,-0.13636363636363635,0.1102214150271099,0.0,0.0,-0.07142857142857142,-0.06060606060606061,0.10497277621629553,0.0,0.0,-0.25,-0.13333333333333333,0.23094010767585055,0.0,0.0,-0.16666666666666663,-0.14035087719298245,0.24309485018510535,0.5714285714285714,0.0,0.7857142857142857,0.34199134199134207,0.30188404106685945,1.3333333333333333,0.0,2.75,0.7777777777777777,0.6938886664887106,1.2727272727272725,0.0,2.8333333333333335,0.7751196172248802,0.680234036461165,0.14285714285714285,0.0,0.07142857142857142,0.047619047619047616,0.08247860988423228,0.3333333333333333,0.0,0.25,0.1111111111111111,0.19245008972987526,0.14285714285714285,0.0,0.14285714285714285,0.10822510822510822,0.0957287635822337,0.3333333333333333,0.0,0.5,0.24444444444444444,0.214303350244288,-0.11198208286673506,89.3,0.5630630630630629,88.86666666666667,0.40414518843423236,-650.9583783279857,-0.015869874981165735,-136.46845981561407,5.276894198583393,29.69684210526316,-6.679066074963302,-0.11210762331839152,medium,medium,0.0,0,1,0
2000-09-01,89.1,29.0,0.0,0.0,31.20689655172414,0.0,0.0,0.0,0.0,0.0,0.0,0.0,0.0,0.0,0.0,0.0,0.0,1.0,0.0,0.0,0.0,0.0,0.0,0.0,0.0,0.0,0.0,0.0,0.0,0.0,0.0,0.0,0.0,0.0,0.0,0.0,0.0,12.0,0.2916666666666667,-0.15833333333333335,0.25,0.4166666666666667,5.0,3718.0833333333335,3718.0833333333335,-0.25,1.0,0.0,0.25,0.75,3.5,4.0,0.0,3.0,2.0,0.0,0.0,0.0,0.0,2.0,2.0,0.0,0.0,0.0,0.0,1.0,1.0,0.3333333333333333,-0.38,-0.6,2.4,-0.4485714285714285,-0.6857142857142857,2.742857142857143,0.0,0.6,0.4,0.04503380428508711,33.884,0,0,1,0.0,0.0,0.0,0.0,0.0,0.0,0.0,0.0,0.0,0.0,1.0,1.0,1.0,1.0,0.0,11.0,7.0,7.0,10.0,2.645751311064592,5.0,3.0,1.0,4.333333333333333,1.1547005383792517,0.45454545454545453,0.42857142857142855,0.14285714285714285,0.4332611832611833,0.019369976563719624,0.34545454545454546,0.31428571428571433,0.09999999999999999,0.31713564213564216,0.02700695359879045,-0.09090909090909091,-0.014285714285714282,-0.028571428571428574,-0.08784271284271285,0.07207274897044295,-0.2,-0.033333333333333326,-0.2,-0.20444444444444446,0.1733760631092405,-0.19999999999999998,-0.009090909090909073,-0.19999999999999998,-0.2192207792207792,0.2203698266916484,-0.18181818181818182,0.0,0.0,-0.14393939393939395,0.12923274325175738,-0.4,0.0,0.0,-0.3333333333333333,0.3055050463303895,-0.42105263157894735,0.0,0.0,-0.36892230576441104,0.34581671237855244,0.45454545454545453,0.5714285714285714,0.0,0.6753246753246754,0.2871862907467013,1.0,1.3333333333333333,0.0,1.5777777777777777,0.7313103409735257,1.0526315789473684,1.2727272727272725,0.0,1.6894053315105946,0.9189293050758077,0.0,0.14285714285714285,0.0,0.047619047619047616,0.08247860988423228,0.0,0.3333333333333333,0.0,0.1111111111111111,0.19245008972987526,0.18181818181818182,0.14285714285714285,0.0,0.19155844155844157,0.05423147106652621,0.4,0.3333333333333333,0.0,0.4444444444444444,0.13877773329774232,-0.11210762331839152,89.2,-0.11198208286673506,89.10000000000001,0.2645751311087322,-48.495362025680464,0.08743640583890946,-650.9583783279857,8.38054709555398,31.26391304347826,5.276894198583393,-0.33670033670033517,low,medium,0.0,0,1,0
2000-10-01,88.8,36.0,0.0,0.0,33.72222222222222,0.0,0.0,0.0,0.0,0.0,0.0,0.0,0.0,0.0,0.0,0.0,0.0,1.0,0.0,0.0,0.0,0.0,0.0,0.0,0.0,0.0,0.0,0.0,0.0,0.0,0.0,0.0,0.0,0.0,0.0,0.0,0.0,19.0,0.2631578947368421,-0.08947368421052633,0.21052631578947367,0.3684210526315789,7.0,4279.9473684210525,4265.368421052632,-0.21052631578947367,0.631578947368421,0.0,0.21052631578947367,0.7894736842105263,5.0,6.0,0.0,4.0,3.0,0.0,0.0,0.0,0.0,1.0,1.0,0.0,0.0,0.0,0.0,3.0,3.0,0.3157894736842105,-0.24285714285714288,-0.5714285714285714,1.7142857142857142,-0.21199999999999997,-0.5399999999999999,1.64,0.0,0.5714285714285714,0.42857142857142855,-0.526568382816282,33.108636363636364,0,0,1,0.0,0.0,0.0,0.0,0.0,0.0,0.0,0.0,0.0,0.0,1.0,1.0,1.0,1.0,0.0,12.0,11.0,7.0,14.0,4.358898943540674,5.0,5.0,3.0,5.666666666666667,1.1547005383792517,0.4166666666666667,0.45454545454545453,0.42857142857142855,0.4132110579479001,0.04316606392721662,0.2916666666666667,0.34545454545454546,0.31428571428571433,0.3000930356193514,0.04179039901859019,-0.15833333333333335,-0.09090909090909091,-0.014285714285714282,-0.11290536948431688,0.03934831664376821,-0.38,-0.2,-0.033333333333333326,-0.2742857142857143,0.09402561526802525,-0.4485714285714285,-0.19999999999999998,-0.009090909090909073,-0.28685714285714287,0.14017714739949985,-0.25,-0.18181818181818182,0.0,-0.21411483253588517,0.034232267993430945,-0.6,-0.4,0.0,-0.5238095238095238,0.10816968277714842,-0.6857142857142857,-0.42105263157894735,0.0,-0.5489223057644109,0.13255622749432988,1.0,0.45454545454545453,0.5714285714285714,0.6953748006379586,0.27826713506996764,2.4,1.0,1.3333333333333333,1.704761904761905,0.700048589178554,2.742857142857143,1.0526315789473684,1.2727272727272725,1.811829573934837,0.8581140169479224,0.0,0.0,0.14285714285714285,0.0,0.0,0.0,0.0,0.3333333333333333,0.0,0.0,0.25,0.18181818181818182,0.14285714285714285,0.21411483253588517,0.034232267993431084,0.6,0.4,0.3333333333333333,0.5238095238095238,0.1081696827771482,-0.33670033670033517,89.1,-0.11210762331839152,89.19999999999999,0.10000000000599678,-1269.2735960809212,0.04503380428508711,-48.495362025680464,-2.288288384971182,33.884,8.38054709555398,-0.22522522522522292,low,low,-1.0,1,0,0
2000-11-01,88.6,27.0,0.0,0.0,27.333333333333332,0.0,0.0,0.0,0.0,0.0,0.0,0.0,0.0,0.0,0.0,0.0,0.0,1.0,0.0,0.0,0.0,0.0,0.0,0.0,0.0,0.0,0.0,0.0,0.0,0.0,0.0,0.0,0.0,0.0,0.0,0.0,0.0,19.0,0.3236842105263158,-0.07368421052631578,0.2631578947368421,0.42105263157894735,8.0,4628.0526315789475,4416.473684210527,0.0,0.631578947368421,0.10526315789473684,0.10526315789473684,0.7894736842105263,6.15,7.0,2.0,2.0,4.0,1.0,1.0,0.0,0.0,0.0,0.0,1.0,1.0,0.0,0.0,2.0,2.0,0.3684210526315789,-0.175,0.0,1.5,-0.16585365853658535,0.008130081300813014,1.6097560975609755,0.25,0.25,0.5,-0.7417826214017357,34.417142857142856,0,0,1,0.0,0.0,0.0,0.0,0.0,0.0,0.0,0.0,0.0,0.0,1.0,1.0,1.0,1.0,0.0,19.0,12.0,11.0,16.666666666666668,4.0414518843273814,7.0,5.0,5.0,6.666666666666667,1.5275252316519465,0.3684210526315789,0.4166666666666667,0.45454545454545453,0.40204678362573104,0.029203193502101724,0.2631578947368421,0.2916666666666667,0.34545454545454546,0.2928362573099415,0.0302801037393598,-0.08947368421052633,-0.15833333333333335,-0.09090909090909091,-0.1071637426900585,0.04501191092095902,-0.24285714285714288,-0.38,-0.2,-0.265952380952381,0.10443319643201052,-0.21199999999999997,-0.4485714285714285,-0.19999999999999998,-0.2754750290360046,0.15167117015672335,-0.21052631578947367,-0.25,-0.18181818181818182,-0.15350877192982457,0.1343995916319698,-0.5714285714285714,-0.6,-0.4,-0.3904761904761904,0.33846391702698797,-0.5399999999999999,-0.6857142857142857,-0.42105263157894735,-0.4058614014711575,0.3658549905647142,0.631578947368421,1.0,0.45454545454545453,0.7543859649122808,0.21270799391196785,1.7142857142857142,2.4,1.0,1.8714285714285717,0.47012807634012327,1.64,2.742857142857143,1.0526315789473684,1.9975377468060393,0.6456426449717915,0.0,0.0,0.0,0.03508771929824561,0.06077371254627644,0.0,0.0,0.0,0.08333333333333333,0.14433756729740646,0.21052631578947367,0.25,0.18181818181818182,0.18859649122807018,0.07481895661943852,0.5714285714285714,0.6,0.4,0.47380952380952374,0.1943504794013574,-0.22522522522522292,88.8,-0.33670033670033517,89.03333333333335,0.20816659994949888,40.87109017719759,-0.526568382816282,-1269.2735960809212,3.952160636079971,33.108636363636364,-2.288288384971182,-0.7900677200902817,low,low,-1.0,1,0,0
2000-12-01,87.9,32.0,0.0,0.0,32.5,0.0,0.0,0.0,0.0,0.0,0.0,0.0,0.0,0.0,0.0,0.0,0.0,1.0,0.0,0.0,0.0,0.0,0.0,0.0,0.0,0.0,0.0,0.0,0.0,0.0,0.0,0.0,0.0,0.0,0.0,0.0,0.0,18.0,0.23888888888888887,-0.07222222222222223,0.2222222222222222,0.3333333333333333,6.0,4514.888888888889,4514.888888888889,-0.1111111111111111,0.6111111111111112,0.05555555555555555,0.16666666666666666,0.7777777777777778,4.3,5.0,1.0,3.0,2.0,0.0,0.0,0.0,0.0,1.0,1.0,0.0,0.0,0.0,0.0,2.0,2.0,0.2777777777777778,-0.21666666666666667,-0.3333333333333333,1.8333333333333333,-0.20930232558139533,-0.3255813953488372,1.8139534883720931,0.16666666666666666,0.5,0.3333333333333333,-0.9268678987646702,28.436500000000002,0,0,1,0.0,0.0,0.0,0.0,0.0,0.0,0.0,0.0,0.0,0.0,1.0,1.0,1.0,1.0,0.0,19.0,19.0,12.0,18.666666666666668,0.5773502691896278,8.0,7.0,5.0,7.0,0.9999999999999997,0.42105263157894735,0.3684210526315789,0.4166666666666667,0.3742690058479532,0.0441510785688343,0.3236842105263158,0.2631578947368421,0.2916666666666667,0.2752436647173489,0.04367048224962659,-0.07368421052631578,-0.08947368421052633,-0.15833333333333335,-0.07846003898635479,0.009566067023248392,-0.175,-0.24285714285714288,-0.38,-0.21150793650793653,0.034221445495795574,-0.16585365853658535,-0.21199999999999997,-0.4485714285714285,-0.19571866137266025,0.02589899916244181,0.0,-0.21052631578947367,-0.25,-0.10721247563352826,0.1053172916899812,0.0,-0.5714285714285714,-0.6,-0.30158730158730157,0.2870339892067482,0.008130081300813014,-0.5399999999999999,-0.6857142857142857,-0.2858171046826747,0.2762201035693205,0.631578947368421,0.631578947368421,1.0,0.6247563352826512,0.011817110772892101,1.5,1.7142857142857142,2.4,1.6825396825396826,0.16891902106184553,1.6097560975609755,1.64,2.742857142857143,1.6879031953110228,0.11020517544231587,0.10526315789473684,0.0,0.0,0.05360623781676413,0.05265864584499068,0.25,0.0,0.0,0.13888888888888887,0.12729376930432887,0.10526315789473684,0.21052631578947367,0.25,0.1608187134502924,0.0528746822222957,0.25,0.5714285714285714,0.6,0.44047619047619047,0.16877912950902188,-0.7900677200902817,88.6,-0.22522522522522292,88.83333333333333,0.2516611478447407,24.95141730513741,-0.7417826214017357,40.87109017719759,-17.376930101278422,34.417142857142856,3.952160636079971,0.0,medium,low,-1.0,1,0,0
2001-01-01,87.9,26.0,0.0,0.0,29.192307692307693,0.0,0.0,0.0,0.0,0.0,0.0,0.0,0.0,0.0,0.0,0.0,0.0,1.0,0.0,0.0,0.0,0.0,0.0,0.0,0.0,0.0,0.0,0.0,0.0,0.0,0.0,0.0,0.0,0.0,0.0,0.0,0.0,9.0,0.4277777777777778,-0.14444444444444443,0.3333333333333333,0.5555555555555556,5.0,2915.4444444444443,2915.4444444444443,-0.3333333333333333,1.0,0.0,0.3333333333333333,0.6666666666666666,3.85,5.0,0.0,3.0,2.0,0.0,0.0,0.0,0.0,2.0,2.0,1.0,1.0,0.0,0.0,1.0,1.0,0.5555555555555556,-0.25999999999999995,-0.6,1.8,-0.2766233766233766,-0.6103896103896104,1.87012987012987,0.0,0.6,0.4,-0.9232320327873631,29.585714285714282,0,0,1,0.0,0.0,0.0,0.0,0.0,0.0,0.0,0.0,0.0,0.0,1.0,1.0,1.0,1.0,0.0,18.0,19.0,19.0,15.333333333333334,5.507570547286103,6.0,8.0,7.0,6.333333333333333,1.5275252316519463,0.3333333333333333,0.42105263157894735,0.3684210526315789,0.43664717348927873,0.1119288672121291,0.23888888888888887,0.3236842105263158,0.2631578947368421,0.33011695906432753,0.0946086057223904,-0.07222222222222223,-0.07368421052631578,-0.08947368421052633,-0.09678362573099415,0.04128195226461099,-0.21666666666666667,-0.175,-0.24285714285714288,-0.2172222222222222,0.042502723224301396,-0.20930232558139533,-0.16585365853658535,-0.21199999999999997,-0.21725978691378578,0.05581194768505273,-0.1111111111111111,0.0,-0.21052631578947367,-0.14814814814814814,0.16972502573910514,-0.3333333333333333,0.0,-0.5714285714285714,-0.3111111111111111,0.30061665018819317,-0.3255813953488372,0.008130081300813014,-0.5399999999999999,-0.3092803081458782,0.3095818895465347,0.6111111111111112,0.631578947368421,0.631578947368421,0.7475633528265108,0.2188559542425307,1.8333333333333333,1.5,1.7142857142857142,1.711111111111111,0.18358568490953514,1.8139534883720931,1.6097560975609755,1.64,1.7646131520209796,0.13701998742471938,0.05555555555555555,0.10526315789473684,0.0,0.05360623781676413,0.05265864584499068,0.16666666666666666,0.25,0.0,0.13888888888888887,0.12729376930432887,0.16666666666666666,0.10526315789473684,0.21052631578947367,0.20175438596491227,0.1180142460269624,0.5,0.25,0.5714285714285714,0.45,0.1802775637731996,0.0,87.9,-0.7900677200902817,88.43333333333332,0.47258156262651724,-0.3922744527189881,-0.9268678987646702,24.95141730513741,4.041335205507979,28.436500000000002,-17.376930101278422,-0.4550625711035372,low,medium,0.0,0,1,0
2001-02-01,87.5,19.0,0.0,0.0,27.42105263157895,0.0,0.0,0.0,0.0,0.0,0.0,0.0,0.0,0.0,0.0,0.0,0.0,1.0,0.0,0.0,0.0,0.0,0.0,0.0,0.0,0.0,0.0,0.0,0.0,0.0,0.0,0.0,0.0,0.0,0.0,0.0,0.0,11.0,0.33636363636363636,-0.08181818181818183,0.18181818181818182,0.45454545454545453,5.0,3100.3636363636365,3100.3636363636365,-0.2727272727272727,0.8181818181818182,0.0,0.2727272727272727,0.7272727272727273,3.7,5.0,0.0,3.0,2.0,0.0,0.0,0.0,0.0,0.0,0.0,0.0,0.0,0.0,0.0,3.0,3.0,0.45454545454545453,-0.18000000000000002,-0.6,1.8,-0.1567567567567567,-0.5945945945945946,1.7567567567567566,0.0,0.6,0.4,-0.776442219724513,29.609473684210528,0,0,1,0.0,0.0,0.0,0.0,0.0,0.0,0.0,0.0,0.0,0.0,1.0,1.0,1.0,1.0,0.0,9.0,18.0,19.0,12.666666666666666,4.725815626252609,5.0,6.0,8.0,5.333333333333333,0.5773502691896244,0.5555555555555556,0.3333333333333333,0.42105263157894735,0.4478114478114478,0.11126405146032499,0.4277777777777778,0.23888888888888887,0.3236842105263158,0.3343434343434344,0.09446064788350529,-0.14444444444444443,-0.07222222222222223,-0.07368421052631578,-0.09949494949494951,0.03922197639465456,-0.25999999999999995,-0.21666666666666667,-0.175,-0.2188888888888889,0.04004626953542353,-0.2766233766233766,-0.20930232558139533,-0.16585365853658535,-0.21422748632050959,0.060084894489311265,-0.3333333333333333,-0.1111111111111111,0.0,-0.23905723905723905,0.11487354955711765,-0.6,-0.3333333333333333,0.0,-0.5111111111111111,0.1539600717839006,-0.6103896103896104,-0.3255813953488372,0.008130081300813014,-0.5101885334443473,0.16006941371746253,1.0,0.6111111111111112,0.631578947368421,0.8097643097643098,0.19458104432672244,1.8,1.8333333333333333,1.5,1.8111111111111111,0.01924500897297321,1.87012987012987,1.8139534883720931,1.6097560975609755,1.8136133717529066,0.05668732193766064,0.0,0.05555555555555555,0.10526315789473684,0.018518518518518517,0.0320750149549793,0.0,0.16666666666666666,0.25,0.05555555555555555,0.09622504486493776,0.3333333333333333,0.16666666666666666,0.10526315789473684,0.25757575757575757,0.08436006610348525,0.6,0.5,0.25,0.5666666666666667,0.05773502691896281,-0.4550625711035372,87.9,0.0,88.13333333333333,0.4041451884341963,-15.89955805797506,-0.9232320327873631,-0.3922744527189881,0.08030699636587535,29.585714285714282,4.041335205507979,-0.22857142857143353,low,low,-1.0,1,0,0
2001-03-01,87.3,23.0,0.0,0.0,30.17391304347826,0.0,0.0,0.0,0.0,0.0,0.0,0.0,0.0,0.0,0.0,0.0,0.0,1.0,0.0,0.0,0.0,0.0,0.0,0.0,0.0,0.0,0.0,0.0,0.0,0.0,0.0,0.0,0.0,0.0,0.0,0.0,0.0,12.0,0.25416666666666665,-0.25,0.3333333333333333,0.3333333333333333,4.0,3769.0833333333335,3769.0833333333335,-0.3333333333333333,1.25,0.0,0.3333333333333333,0.6666666666666666,3.05,4.0,0.0,4.0,0.0,0.0,0.0,0.0,0.0,1.0,1.0,0.0,0.0,0.0,0.0,3.0,3.0,0.3333333333333333,-0.75,-1.0,3.75,-0.7459016393442623,-1.0,3.737704918032787,0.0,1.0,0.0,-0.5831561215068664,27.244545454545456,0,0,1,0.0,0.0,0.0,0.0,0.0,0.0,0.0,0.0,0.0,0.0,1.0,1.0,1.0,1.0,0.0,11.0,9.0,18.0,10.666666666666666,1.527525231651948,5.0,5.0,6.0,4.666666666666667,0.5773502691896244,0.45454545454545453,0.5555555555555556,0.3333333333333333,0.4478114478114478,0.11126405146032496,0.33636363636363636,0.4277777777777778,0.23888888888888887,0.339436026936027,0.08684632498373565,-0.08181818181818183,-0.14444444444444443,-0.07222222222222223,-0.15875420875420876,0.08499916474699207,-0.18000000000000002,-0.25999999999999995,-0.21666666666666667,-0.39666666666666667,0.3085989846602439,-0.1567567567567567,-0.2766233766233766,-0.20930232558139533,-0.3930939242414653,0.3113630750692902,-0.2727272727272727,-0.3333333333333333,-0.1111111111111111,-0.3131313131313131,0.03499092540543161,-0.6,-0.6,-0.3333333333333333,-0.7333333333333334,0.2309401076758506,-0.5945945945945946,-0.6103896103896104,-0.3255813953488372,-0.7349947349947349,0.22963713439113936,0.8181818181818182,1.0,0.6111111111111112,1.0227272727272727,0.21680436395839722,1.8,1.8,1.8333333333333333,2.4499999999999997,1.12583302491977,1.7567567567567566,1.87012987012987,1.8139534883720931,2.4548638483064713,1.1124182097311224,0.0,0.0,0.05555555555555555,0.0,0.0,0.0,0.0,0.16666666666666666,0.0,0.0,0.2727272727272727,0.3333333333333333,0.16666666666666666,0.31313131313131315,0.03499092540543215,0.6,0.6,0.5,0.7333333333333334,0.2309401076758504,-0.22857142857143353,87.5,-0.4550625711035372,87.76666666666667,0.2309401076783965,-24.893816089267517,-0.776442219724513,-15.89955805797506,-7.987066081914818,29.609473684210528,0.08030699636587535,-0.22909507445589838,low,low,-1.0,1,0,0
2001-04-01,87.1,26.0,0.0,0.0,30.153846153846153,0.0,0.0,0.0,0.0,0.0,0.0,0.0,0.0,0.0,0.0,0.0,0.0,1.0,0.0,0.0,0.0,0.0,0.0,0.0,0.0,0.0,0.0,0.0,0.0,0.0,0.0,0.0,0.0,0.0,0.0,0.0,0.0,16.0,0.375,-0.1875,0.375,0.5,8.0,5760.3125,4853.4375,-0.3125,1.0625,0.0,0.3125,0.6875,6.0,7.0,0.0,5.0,3.0,0.0,0.0,0.0,0.0,1.0,1.0,0.0,0.0,0.0,0.0,6.0,6.0,0.4375,-0.375,-0.625,2.125,-0.385,-0.6166666666666667,2.1333333333333333,0.0,0.625,0.375,-1.0020432056705337,27.49,0,0,1,0.0,0.0,0.0,0.0,0.0,0.0,0.0,0.0,0.0,0.0,1.0,1.0,1.0,1.0,0.0,12.0,11.0,9.0,13.0,2.6457513110645916,4.0,5.0,5.0,5.666666666666667,2.081665999466132,0.3333333333333333,0.45454545454545453,0.5555555555555556,0.42929292929292934,0.08615516216783786,0.25416666666666665,0.33636363636363636,0.4277777777777778,0.3218434343434344,0.06171143177031071,-0.25,-0.08181818181818183,-0.14444444444444443,-0.1731060606060606,0.08500982360993843,-0.75,-0.18000000000000002,-0.25999999999999995,-0.43500000000000005,0.28969811873741963,-0.7459016393442623,-0.1567567567567567,-0.2766233766233766,-0.42921946536700645,0.29705124811683464,-0.3333333333333333,-0.2727272727272727,-0.3333333333333333,-0.3061868686868687,0.030792293934992655,-1.0,-0.6,-0.6,-0.7416666666666666,0.2240721609958128,-1.0,-0.5945945945945946,-0.6103896103896104,-0.737087087087087,0.22795656148409796,1.25,0.8181818181818182,1.0,1.0435606060606062,0.21653120102951434,3.75,1.8,1.8,2.5583333333333336,1.0447288324409034,3.737704918032787,1.7567567567567566,1.87012987012987,2.542598336040959,1.0519801738847907,0.0,0.0,0.0,0.0,0.0,0.0,0.0,0.0,0.0,0.0,0.3333333333333333,0.2727272727272727,0.3333333333333333,0.3061868686868687,0.030792293934993227,1.0,0.6,0.6,0.7416666666666666,0.22407216099581262,-0.22909507445589838,87.3,-0.22857142857143353,87.56666666666666,0.30550504633230896,71.83103610080775,-0.5831561215068664,-24.893816089267517,0.9009309619940398,27.244545454545456,-7.987066081914818,-0.22962112514349764,low,low,-1.0,1,0,0
2001-05-01,86.9,18.0,0.0,0.0,20.944444444444443,0.0,0.0,0.0,0.0,0.0,0.0,0.0,0.0,0.0,0.0,0.0,0.0,1.0,0.0,0.0,0.0,0.0,0.0,0.0,0.0,0.0,0.0,0.0,0.0,0.0,0.0,0.0,0.0,0.0,0.0,0.0,0.0,13.0,0.21538461538461537,-0.1076923076923077,0.23076923076923078,0.3076923076923077,4.0,2804.6923076923076,2804.6923076923076,-0.15384615384615385,0.46153846153846156,0.0,0.15384615384615385,0.8461538461538461,2.8,3.0,0.0,2.0,2.0,0.0,0.0,0.0,0.0,1.0,1.0,0.0,0.0,0.0,0.0,2.0,2.0,0.23076923076923078,-0.35000000000000003,-0.5,1.5,-0.34285714285714286,-0.46428571428571425,1.4285714285714286,0.0,0.5,0.5,-1.119861806966222,28.62909090909091,0,0,1,0.0,0.0,0.0,0.0,0.0,0.0,0.0,0.0,0.0,0.0,1.0,1.0,1.0,1.0,0.0,16.0,12.0,11.0,13.666666666666666,2.081665999466134,8.0,4.0,5.0,5.333333333333333,2.3094010767585025,0.5,0.3333333333333333,0.45454545454545453,0.3803418803418803,0.10441702327239812,0.375,0.25416666666666665,0.33636363636363636,0.28151709401709396,0.08324843637370938,-0.1875,-0.25,-0.08181818181818183,-0.18173076923076925,0.0713290462591271,-0.375,-0.75,-0.18000000000000002,-0.4916666666666667,0.22407216099581276,-0.385,-0.7459016393442623,-0.1567567567567567,-0.4912529274004685,0.2215366334785642,-0.3125,-0.3333333333333333,-0.2727272727272727,-0.26655982905982906,0.09816713492597626,-0.625,-1.0,-0.6,-0.7083333333333334,0.2602082499332668,-0.6166666666666667,-1.0,-0.5945945945945946,-0.6936507936507935,0.27602964665996105,1.0625,1.25,0.8181818181818182,0.9246794871794872,0.4119026216520916,2.125,3.75,1.8,2.4583333333333335,1.161446655397196,2.1333333333333333,3.737704918032787,1.7567567567567566,2.43320322664585,1.1834127905023002,0.0,0.0,0.0,0.0,0.0,0.0,0.0,0.0,0.0,0.0,0.3125,0.3333333333333333,0.2727272727272727,0.26655982905982906,0.09816713492597634,0.625,1.0,0.6,0.7083333333333334,0.26020824993326663,-0.22962112514349764,87.1,-0.22909507445589838,87.3,0.20000000000292079,11.757836451458004,-1.0020432056705337,71.83103610080775,4.143655544164826,27.49,0.9009309619940398,-0.4602991944764212,low,low,-1.0,1,0,0
2001-06-01,86.5,27.0,0.0,0.0,33.03703703703704,0.0,0.0,0.0,0.0,0.0,0.0,0.0,0.0,0.0,0.0,0.0,0.0,1.0,0.0,0.0,0.0,0.0,0.0,0.0,0.0,0.0,0.0,0.0,0.0,0.0,0.0,0.0,0.0,0.0,0.0,0.0,0.0,13.0,0.5307692307692308,-0.46923076923076923,0.6923076923076923,0.6923076923076923,9.0,3436.153846153846,3436.153846153846,-0.5384615384615384,2.3076923076923075,0.07692307692307693,0.6153846153846154,0.3076923076923077,6.9,8.0,1.0,8.0,0.0,1.0,1.0,0.0,0.0,1.0,1.0,0.0,0.0,0.0,0.0,7.0,7.0,0.6153846153846154,-0.6777777777777777,-0.7777777777777778,3.3333333333333335,-0.6869565217391305,-0.8260869565217391,3.3985507246376807,0.1111111111111111,0.8888888888888888,0.0,-0.6946482225850958,27.59904761904762,0,0,1,0.0,0.0,0.0,0.0,0.0,0.0,0.0,0.0,0.0,0.0,1.0,1.0,1.0,1.0,0.0,13.0,16.0,12.0,14.0,1.732050807568879,4.0,8.0,4.0,7.0,2.6457513110645903,0.3076923076923077,0.5,0.3333333333333333,0.5,0.1923076923076921,0.21538461538461537,0.375,0.25416666666666665,0.3737179487179487,0.1576962163367999,-0.1076923076923077,-0.1875,-0.25,-0.2548076923076923,0.1899348806189628,-0.35000000000000003,-0.375,-0.75,-0.4675925925925926,0.1824544026695383,-0.34285714285714286,-0.385,-0.7459016393442623,-0.4716045548654246,0.187686859767329,-0.15384615384615385,-0.3125,-0.3333333333333333,-0.3349358974358974,0.19328677047595788,-0.5,-0.625,-1.0,-0.6342592592592592,0.13912017778997,-0.46428571428571425,-0.6166666666666667,-1.0,-0.63567977915804,0.18164844771106597,0.46153846153846156,1.0625,1.25,1.2772435897435896,0.9416247197897536,1.5,2.125,3.75,2.3194444444444446,0.9320055038782009,1.4285714285714286,2.1333333333333333,3.737704918032787,2.320151828847481,0.9981885941203934,0.0,0.0,0.0,0.025641025641025644,0.04441155916843281,0.0,0.0,0.0,0.037037037037037035,0.06415002990995868,0.15384615384615385,0.3125,0.3333333333333333,0.36057692307692313,0.2344951615049462,0.5,0.625,1.0,0.6712962962962963,0.19853501520732936,-0.4602991944764212,86.9,-0.22962112514349764,87.10000000000001,0.20000000000290835,-37.97018361873214,-1.119861806966222,11.757836451458004,-3.597890318327246,28.62909090909091,4.143655544164826,-0.23121387283236983,low,low,-1.0,1,0,0
2001-07-01,86.3,39.0,0.0,0.0,31.923076923076923,0.0,0.0,0.0,0.0,0.0,0.0,0.0,0.0,0.0,0.0,0.0,0.0,1.0,0.0,0.0,0.0,0.0,0.0,0.0,0.0,0.0,0.0,0.0,0.0,0.0,0.0,0.0,0.0,0.0,0.0,0.0,0.0,30.0,0.36833333333333335,-0.26833333333333337,0.43333333333333335,0.5,15.0,3217.1666666666665,3217.1666666666665,-0.4,1.3666666666666667,0.0,0.4,0.6,11.05,12.0,0.0,12.0,3.0,0.0,0.0,0.0,0.0,0.0,0.0,0.0,0.0,0.0,0.0,12.0,12.0,0.4,-0.5366666666666667,-0.8,2.7333333333333334,-0.5599547511312217,-0.83710407239819,2.9049773755656108,0.0,0.8,0.2,-0.8349659535430118,26.4247619047619,0,0,1,0.0,0.0,0.0,0.0,0.0,0.0,0.0,0.0,0.0,0.0,1.0,1.0,1.0,1.0,0.0,13.0,13.0,16.0,18.666666666666668,9.814954576223638,9.0,4.0,8.0,9.333333333333334,5.507570547286101,0.6923076923076923,0.3076923076923077,0.5,0.5,0.1923076923076921,0.5307692307692308,0.21538461538461537,0.375,0.37149572649572643,0.15771608812423227,-0.46923076923076923,-0.1076923076923077,-0.1875,-0.2817521367521368,0.18114238324255805,-0.6777777777777777,-0.35000000000000003,-0.375,-0.5214814814814815,0.16441566314699438,-0.6869565217391305,-0.34285714285714286,-0.385,-0.5299228052424985,0.17400440789571875,-0.5384615384615384,-0.15384615384615385,-0.3125,-0.36410256410256414,0.1948043068022828,-0.7777777777777778,-0.5,-0.625,-0.6925925925925925,0.16715976439106345,-0.8260869565217391,-0.46428571428571425,-0.6166666666666667,-0.7091589144018812,0.21213794406448835,2.3076923076923075,0.46153846153846156,1.0625,1.3786324786324784,0.923135088385855,3.3333333333333335,1.5,2.125,2.522222222222222,0.9347211903576937,3.3985507246376807,1.4285714285714286,2.1333333333333333,2.577366509591574,1.0250372024276067,0.07692307692307693,0.0,0.0,0.025641025641025644,0.04441155916843281,0.1111111111111111,0.0,0.0,0.037037037037037035,0.06415002990995868,0.6153846153846154,0.15384615384615385,0.3125,0.38974358974358986,0.2309401076758504,0.8888888888888888,0.5,0.625,0.7296296296296297,0.20377103264413224,-0.23121387283236983,86.5,-0.4602991944764212,86.83333333333333,0.30550504633229114,20.199825810498883,-0.6946482225850958,-37.97018361873214,-4.254805203768264,27.59904761904762,-3.597890318327246,-0.8111239860950192,low,low,-1.0,1,0,0
2001-08-01,85.6,43.0,0.0,0.0,31.25581395348837,0.0,0.0,0.0,0.0,0.0,0.0,0.0,0.0,0.0,0.0,0.0,0.0,1.0,0.0,0.0,0.0,0.0,0.0,0.0,0.0,0.0,0.0,0.0,0.0,0.0,0.0,0.0,0.0,0.0,0.0,0.0,0.0,26.0,0.34807692307692306,-0.23653846153846156,0.46153846153846156,0.5,13.0,3862.9615384615386,3862.9615384615386,-0.2692307692307692,1.2692307692307692,0.11538461538461539,0.38461538461538464,0.5,9.049999999999999,12.0,3.0,10.0,0.0,1.0,1.0,0.0,0.0,0.0,0.0,2.0,2.0,0.0,0.0,10.0,10.0,0.46153846153846156,-0.4730769230769231,-0.5384615384615384,2.5384615384615383,-0.47596685082872936,-0.5359116022099448,2.6298342541436464,0.23076923076923078,0.7692307692307693,0.0,-0.7877880228081635,27.37391304347826,0,0,1,0.0,0.0,0.0,0.0,0.0,0.0,0.0,0.0,0.0,0.0,1.0,1.0,1.0,1.0,0.0,30.0,13.0,13.0,23.0,8.888194417315589,15.0,9.0,4.0,12.333333333333334,3.055050463303892,0.5,0.6923076923076923,0.3076923076923077,0.5641025641025642,0.11102889792108153,0.36833333333333335,0.5307692307692308,0.21538461538461537,0.4157264957264957,0.10014341567823468,-0.26833333333333337,-0.46923076923076923,-0.1076923076923077,-0.32470085470085475,0.12617210711417703,-0.5366666666666667,-0.6777777777777777,-0.35000000000000003,-0.5625071225071225,0.10476834849966421,-0.5599547511312217,-0.6869565217391305,-0.34285714285714286,-0.5742927078996939,0.10622308158277373,-0.4,-0.5384615384615384,-0.15384615384615385,-0.4025641025641025,0.13463369838794942,-0.8,-0.7777777777777778,-0.5,-0.7054131054131053,0.14501060675278632,-0.83710407239819,-0.8260869565217391,-0.46428571428571425,-0.7330342103766245,0.1708020380393178,1.3666666666666667,2.3076923076923075,0.46153846153846156,1.647863247863248,0.5735017259550838,2.7333333333333334,3.3333333333333335,1.5,2.8683760683760684,0.4142857682645455,2.9049773755656108,3.3985507246376807,1.4285714285714286,2.9777874514489793,0.3894961275350581,0.0,0.07692307692307693,0.0,0.06410256410256411,0.058750970448151835,0.0,0.1111111111111111,0.0,0.11396011396011396,0.11541099202580682,0.4,0.6153846153846154,0.15384615384615385,0.4666666666666668,0.12902303205547844,0.8,0.8888888888888888,0.5,0.8193732193732194,0.06213700686138209,-0.8111239860950192,86.3,-0.23121387283236983,86.56666666666668,0.30550504633228803,-5.650281970738824,-0.8349659535430118,20.199825810498883,3.5919004384494357,26.4247619047619,-4.254805203768264,-0.2336448598130758,low,low,-1.0,1,0,0
2001-09-01,85.4,21.0,0.0,0.0,32.523809523809526,0.0,0.0,0.0,0.0,0.0,0.0,0.0,0.0,0.0,0.0,0.0,0.0,1.0,0.0,0.0,0.0,0.0,0.0,0.0,0.0,0.0,0.0,0.0,0.0,0.0,0.0,0.0,0.0,0.0,0.0,0.0,0.0,13.0,0.3384615384615385,-0.3076923076923077,0.46153846153846156,0.46153846153846156,6.0,3960.3846153846152,3478.3076923076924,-0.38461538461538464,1.3076923076923077,0.0,0.38461538461538464,0.6153846153846154,4.4,5.0,0.0,5.0,1.0,0.0,0.0,0.0,0.0,0.0,0.0,0.0,0.0,0.0,0.0,5.0,5.0,0.38461538461538464,-0.6666666666666666,-0.8333333333333334,2.8333333333333335,-0.6795454545454546,-0.8409090909090908,2.9318181818181817,0.0,0.8333333333333334,0.16666666666666666,-0.6745244094834457,26.199473684210528,0,0,1,0.0,0.0,0.0,0.0,0.0,0.0,0.0,0.0,0.0,0.0,1.0,1.0,1.0,1.0,0.0,26.0,30.0,13.0,23.0,8.888194417315589,13.0,15.0,9.0,11.333333333333334,4.725815626252608,0.5,0.5,0.6923076923076923,0.4871794871794872,0.022205779584214654,0.34807692307692306,0.36833333333333335,0.5307692307692308,0.35162393162393163,0.015248507613535592,-0.23653846153846156,-0.26833333333333337,-0.46923076923076923,-0.27085470085470087,0.03564386940631805,-0.4730769230769231,-0.5366666666666667,-0.6777777777777777,-0.5588034188034189,0.09867509337294164,-0.47596685082872936,-0.5599547511312217,-0.6869565217391305,-0.5718223521684686,0.1023068518653425,-0.2692307692307692,-0.4,-0.5384615384615384,-0.3512820512820513,0.07147364033213506,-0.5384615384615384,-0.8,-0.7777777777777778,-0.7239316239316239,0.1614841856993697,-0.5359116022099448,-0.83710407239819,-0.8260869565217391,-0.7379749218390752,0.1750023096879728,1.2692307692307692,1.3666666666666667,2.3076923076923075,1.3145299145299145,0.049076503316086144,2.5384615384615383,2.7333333333333334,3.3333333333333335,2.7017094017094014,0.149957989587901,2.6298342541436464,2.9049773755656108,3.3985507246376807,2.8222099371758134,0.16714188519530299,0.11538461538461539,0.0,0.07692307692307693,0.038461538461538464,0.06661733875264916,0.23076923076923078,0.0,0.1111111111111111,0.07692307692307693,0.13323467750529833,0.38461538461538464,0.4,0.6153846153846154,0.38974358974358986,0.008882311833689484,0.7692307692307693,0.8,0.8888888888888888,0.800854700854701,0.0320598279205327,-0.2336448598130758,85.6,-0.8111239860950192,86.13333333333333,0.47258156262648165,-14.37742261185646,-0.7877880228081635,-5.650281970738824,-4.290359794021259,27.37391304347826,3.5919004384494357,-0.11709601873537423,medium,low,-1.0,1,0,0
2001-10-01,85.3,21.0,0.0,0.0,23.904761904761905,0.0,0.0,0.0,0.0,0.0,0.0,0.0,0.0,0.0,0.0,0.0,0.0,1.0,0.0,0.0,0.0,0.0,0.0,0.0,0.0,0.0,0.0,0.0,0.0,0.0,0.0,0.0,0.0,0.0,0.0,0.0,0.0,13.0,0.26153846153846155,-0.1076923076923077,0.3076923076923077,0.38461538461538464,5.0,4900.923076923077,4782.461538461538,-0.07692307692307693,0.3076923076923077,0.0,0.07692307692307693,0.9230769230769231,3.4,4.0,0.0,1.0,4.0,0.0,0.0,0.0,0.0,1.0,1.0,0.0,0.0,0.0,0.0,1.0,1.0,0.3076923076923077,-0.28,-0.2,0.8,-0.2794117647058823,-0.20588235294117646,0.8235294117647058,0.0,0.2,0.8,-1.2183865595312449,22.169565217391302,0,0,1,0.0,0.0,0.0,0.0,0.0,0.0,0.0,0.0,0.0,0.0,1.0,1.0,1.0,1.0,0.0,13.0,26.0,30.0,17.333333333333332,7.505553499465134,6.0,13.0,15.0,8.0,4.358898943540673,0.46153846153846156,0.5,0.5,0.44871794871794873,0.0587509704481511,0.3384615384615385,0.34807692307692306,0.36833333333333335,0.316025641025641,0.047431565983809966,-0.3076923076923077,-0.23653846153846156,-0.26833333333333337,-0.21730769230769234,0.10137734886997851,-0.6666666666666666,-0.4730769230769231,-0.5366666666666667,-0.4732478632478634,0.19333339001110073,-0.6795454545454546,-0.47596685082872936,-0.5599547511312217,-0.4783080233600221,0.20007711826386737,-0.38461538461538464,-0.2692307692307692,-0.4,-0.2435897435897436,0.15544045708951462,-0.8333333333333334,-0.5384615384615384,-0.8,-0.523931623931624,0.31691657670428475,-0.8409090909090908,-0.5359116022099448,-0.83710407239819,-0.5275676820200706,0.31759558440986513,1.3076923076923077,1.2692307692307692,1.3666666666666667,0.9615384615384616,0.5665738408713937,2.8333333333333335,2.5384615384615383,2.7333333333333334,2.0572649572649575,1.0987600845623982,2.9318181818181817,2.6298342541436464,2.9049773755656108,2.128393949242178,1.1400886671738109,0.0,0.11538461538461539,0.0,0.038461538461538464,0.06661733875264916,0.0,0.23076923076923078,0.0,0.07692307692307693,0.13323467750529833,0.38461538461538464,0.38461538461538464,0.4,0.2820512820512821,0.17764623667373114,0.8333333333333334,0.7692307692307693,0.8,0.6008547008547008,0.3486268106143224,-0.11709601873537423,85.4,-0.2336448598130758,85.76666666666665,0.472581562626472,80.62897982658501,-0.6745244094834457,-14.37742261185646,-15.38163901837427,26.199473684210528,-4.290359794021259,0.11723329425556983,high,medium,0.0,0,1,0
2001-11-01,85.4,20.0,0.0,0.0,24.7,0.0,0.0,0.0,0.0,0.0,0.0,0.0,0.0,0.0,0.0,0.0,0.0,1.0,0.0,0.0,0.0,0.0,0.0,0.0,0.0,0.0,0.0,0.0,0.0,0.0,0.0,0.0,0.0,0.0,0.0,0.0,0.0,11.0,0.12727272727272726,-0.045454545454545456,0.09090909090909091,0.18181818181818182,2.0,5162.090909090909,4939.363636363636,-0.18181818181818182,0.5454545454545454,0.0,0.18181818181818182,0.8181818181818182,1.4,2.0,0.0,2.0,0.0,0.0,0.0,0.0,0.0,0.0,0.0,0.0,0.0,0.0,0.0,2.0,2.0,0.18181818181818182,-0.25,-1.0,3.0,-0.25,-1.0,2.9999999999999996,0.0,1.0,0.0,-1.4433891949854651,19.634999999999998,0,0,1,0.0,0.0,0.0,0.0,0.0,0.0,0.0,0.0,0.0,0.0,1.0,1.0,1.0,1.0,0.0,13.0,13.0,26.0,12.333333333333334,1.1547005383792357,5.0,6.0,13.0,4.333333333333333,2.081665999466131,0.38461538461538464,0.46153846153846156,0.5,0.3426573426573427,0.1445033448935089,0.26153846153846155,0.3384615384615385,0.34807692307692306,0.24242424242424243,0.10688401902106605,-0.1076923076923077,-0.3076923076923077,-0.23653846153846156,-0.15361305361305364,0.13701714186664957,-0.28,-0.6666666666666666,-0.4730769230769231,-0.398888888888889,0.23238696973734085,-0.2794117647058823,-0.6795454545454546,-0.47596685082872936,-0.4029857397504457,0.23995878783949745,-0.07692307692307693,-0.38461538461538464,-0.2692307692307692,-0.21445221445221443,0.15642050414739037,-0.2,-0.8333333333333334,-0.5384615384615384,-0.6777777777777777,0.42207599807161295,-0.20588235294117646,-0.8409090909090908,-0.5359116022099448,-0.6822638146167558,0.4201570564800311,0.3076923076923077,1.3076923076923077,1.2692307692307692,0.7202797202797203,0.5224202152620914,0.8,2.8333333333333335,2.5384615384615383,2.211111111111111,1.22489606512976,0.8235294117647058,2.9318181818181817,2.6298342541436464,2.251782531194296,1.237373193484047,0.0,0.0,0.11538461538461539,0.0,0.0,0.0,0.0,0.23076923076923078,0.0,0.0,0.07692307692307693,0.38461538461538464,0.38461538461538464,0.21445221445221452,0.1564205041473905,0.2,0.8333333333333334,0.7692307692307693,0.6777777777777777,0.4220759980716129,0.11723329425556983,85.3,-0.11709601873537423,85.43333333333334,0.1527525231689495,18.467261781087487,-1.2183865595312449,80.62897982658501,-11.432633849774465,22.169565217391302,-15.38163901837427,0.0,medium,high,1.0,0,0,1
2001-12-01,85.4,24.0,0.0,0.0,31.083333333333332,0.0,0.0,0.0,0.0,0.0,0.0,0.0,0.0,0.0,0.0,0.0,0.0,1.0,0.0,0.0,0.0,0.0,0.0,0.0,0.0,0.0,0.0,0.0,0.0,0.0,0.0,0.0,0.0,0.0,0.0,0.0,0.0,19.0,0.2473684210526316,-0.11842105263157894,0.2631578947368421,0.3684210526315789,7.0,4557.368421052632,4557.368421052632,-0.3157894736842105,0.9473684210526315,0.0,0.3157894736842105,0.6842105263157895,4.7,5.0,0.0,6.0,1.0,0.0,0.0,0.0,0.0,0.0,0.0,0.0,0.0,0.0,0.0,6.0,6.0,0.2631578947368421,-0.32142857142857145,-0.8571428571428571,2.5714285714285716,-0.3973404255319149,-0.9361702127659572,2.8936170212765955,0.0,0.8571428571428571,0.14285714285714285,-1.1623601709439157,19.388947368421054,0,0,1,0.0,0.0,0.0,0.0,0.0,0.0,0.0,0.0,0.0,0.0,1.0,1.0,1.0,1.0,0.0,11.0,13.0,13.0,14.333333333333334,4.163331998932262,2.0,5.0,6.0,4.666666666666667,2.516611478423582,0.18181818181818182,0.38461538461538464,0.46153846153846156,0.3116182063550485,0.11270137033074934,0.12727272727272726,0.26153846153846155,0.3384615384615385,0.2120598699546068,0.07376884291461096,-0.045454545454545456,-0.1076923076923077,-0.3076923076923077,-0.09052263525947736,0.039397030738268494,-0.25,-0.28,-0.6666666666666666,-0.2838095238095239,0.035866342966954345,-0.25,-0.2794117647058823,-0.6795454545454546,-0.3089173967459325,0.07797587441345877,-0.18181818181818182,-0.07692307692307693,-0.38461538461538464,-0.19151024414182308,0.11972777843706876,-1.0,-0.2,-0.8333333333333334,-0.6857142857142856,0.42666241494480234,-1.0,-0.20588235294117646,-0.8409090909090908,-0.7140175219023779,0.44121374965656646,0.5454545454545454,0.3076923076923077,1.3076923076923077,0.6001717580664949,0.323329340638858,3.0,0.8,2.8333333333333335,2.123809523809524,1.1663070388382024,2.9999999999999996,0.8235294117647058,2.9318181818181817,2.239048811013767,1.227029222055584,0.0,0.0,0.0,0.0,0.0,0.0,0.0,0.0,0.0,0.0,0.18181818181818182,0.07692307692307693,0.38461538461538464,0.19151024414182313,0.11972777843706894,1.0,0.2,0.8333333333333334,0.6857142857142856,0.4266624149448023,0.0,85.4,0.11723329425556983,85.36666666666667,0.05773502692891657,-19.47007951963915,-1.4433891949854651,18.467261781087487,-1.2531328320801838,19.634999999999998,-11.432633849774465,0.3512880562060783,high,medium,0.0,0,1,0
2002-01-01,85.7,30.0,0.0,0.0,27.7,0.0,0.0,0.0,0.0,0.0,0.0,0.0,0.0,0.0,0.0,0.0,0.0,1.0,0.0,0.0,0.0,0.0,0.0,0.0,0.0,0.0,0.0,0.0,0.0,0.0,0.0,0.0,0.0,0.0,0.0,0.0,0.0,9.0,0.16666666666666666,-0.03333333333333333,0.1111111111111111,0.2222222222222222,2.0,5928.777777777777,5928.777777777777,-0.2222222222222222,0.5555555555555556,0.0,0.2222222222222222,0.7777777777777778,1.5,2.0,0.0,2.0,0.0,0.0,0.0,0.0,0.0,1.0,1.0,0.0,0.0,0.0,0.0,1.0,1.0,0.2222222222222222,-0.15,-1.0,2.5,-0.12,-1.0,2.4666666666666663,0.0,1.0,0.0,-0.9247996527772634,19.714761904761904,0,0,1,0.0,0.0,0.0,0.0,0.0,0.0,0.0,0.0,0.0,0.0,1.0,1.0,1.0,1.0,0.0,19.0,11.0,13.0,13.0,5.291502622129178,7.0,2.0,5.0,3.6666666666666665,2.8867513459481273,0.3684210526315789,0.18181818181818182,0.38461538461538464,0.2574871522239944,0.09817265054470434,0.2473684210526316,0.12727272727272726,0.26153846153846155,0.18043593833067517,0.06122040956851782,-0.11842105263157894,-0.045454545454545456,-0.1076923076923077,-0.06573631047315258,0.046027084287914584,-0.32142857142857145,-0.25,-0.28,-0.24047619047619054,0.08611019676202478,-0.3973404255319149,-0.25,-0.2794117647058823,-0.2557801418439717,0.13876053271142405,-0.3157894736842105,-0.18181818181818182,-0.07692307692307693,-0.23994329257487154,0.06872120496539484,-0.8571428571428571,-1.0,-0.2,-0.9523809523809522,0.08247860988423322,-0.9361702127659572,-1.0,-0.20588235294117646,-0.9787234042553191,0.03685214484188985,0.9473684210526315,0.5454545454545454,0.3076923076923077,0.6827928406875775,0.22918482911264926,2.5714285714285716,3.0,0.8,2.6904761904761902,0.27042420694287117,2.8936170212765955,2.9999999999999996,0.8235294117647058,2.7867612293144206,0.282267127590173,0.0,0.0,0.0,0.0,0.0,0.0,0.0,0.0,0.0,0.0,0.3157894736842105,0.18181818181818182,0.07692307692307693,0.23994329257487154,0.06872120496539524,0.8571428571428571,1.0,0.2,0.9523809523809522,0.08247860988423349,0.3512880562060783,85.4,0.0,85.36666666666667,0.05773502692891657,-20.437771708379948,-1.1623601709439157,-19.47007951963915,1.6804137437162137,19.388947368421054,-1.2531328320801838,0.1166861143523823,high,high,1.0,0,0,1
2002-02-01,85.8,20.0,0.0,0.0,27.1,0.0,0.0,0.0,0.0,0.0,0.0,0.0,0.0,0.0,0.0,0.0,0.0,1.0,0.0,0.0,0.0,0.0,0.0,0.0,0.0,0.0,0.0,0.0,0.0,0.0,0.0,0.0,0.0,0.0,0.0,0.0,0.0,14.0,0.02142857142857143,-0.014285714285714287,0.07142857142857142,0.07142857142857142,1.0,8097.857142857143,6862.857142857143,0.0,0.0,0.0,0.0,1.0,0.3,0.0,0.0,0.0,1.0,0.0,0.0,0.0,0.0,0.0,0.0,0.0,0.0,0.0,0.0,0.0,0.0,0.0,-0.2,0.0,0.0,-0.2,0.0,0.0,0.0,0.0,1.0,-0.4731057852001271,20.723684210526315,0,0,1,0.0,0.0,0.0,0.0,0.0,0.0,0.0,0.0,0.0,0.0,1.0,1.0,1.0,1.0,0.0,9.0,19.0,11.0,14.0,4.999999999999997,2.0,7.0,2.0,3.3333333333333335,3.214550253664317,0.2222222222222222,0.3684210526315789,0.18181818181818182,0.22069061542745758,0.1485021644196134,0.16666666666666666,0.2473684210526316,0.12727272727272726,0.1451545530492899,0.11449577366108717,-0.03333333333333333,-0.11842105263157894,-0.045454545454545456,-0.05534670008354218,0.05544802439998532,-0.15,-0.32142857142857145,-0.25,-0.2238095238095239,0.08815956467416045,-0.12,-0.3973404255319149,-0.25,-0.23911347517730505,0.142747419815176,-0.2222222222222222,-0.3157894736842105,-0.18181818181818182,-0.1793372319688109,0.16220385234085552,-1.0,-0.8571428571428571,-1.0,-0.619047619047619,0.5408484138857403,-1.0,-0.9361702127659572,-1.0,-0.6453900709219857,0.5598346346628619,0.5555555555555556,0.9473684210526315,0.5454545454545454,0.5009746588693957,0.47603680216369637,2.5,2.5714285714285716,3.0,1.6904761904761905,1.4644308871125495,2.4666666666666663,2.8936170212765955,2.9999999999999996,1.7867612293144208,1.562036625454496,0.0,0.0,0.0,0.0,0.0,0.0,0.0,0.0,0.0,0.0,0.2222222222222222,0.3157894736842105,0.18181818181818182,0.1793372319688109,0.1622038523408556,1.0,0.8571428571428571,1.0,0.619047619047619,0.5408484138857403,0.1166861143523823,85.7,0.3512880562060783,85.5,0.17320508076020383,-48.84234830978317,-0.9247996527772634,-20.437771708379948,5.1175982273502285,19.714761904761904,1.6804137437162137,0.34965034965035446,high,high,1.0,0,0,1
2002-03-01,86.1,25.0,0.0,0.0,26.36,0.0,0.0,0.0,0.0,0.0,0.0,0.0,0.0,0.0,0.0,0.0,0.0,1.0,0.0,0.0,0.0,0.0,0.0,0.0,0.0,0.0,0.0,0.0,0.0,0.0,0.0,0.0,0.0,0.0,0.0,0.0,0.0,14.0,0.11428571428571428,-0.014285714285714287,0.14285714285714285,0.21428571428571427,3.0,7287.071428571428,6751.714285714285,-0.14285714285714285,0.21428571428571427,0.0,0.14285714285714285,0.8571428571428571,1.5999999999999999,1.0,0.0,2.0,1.0,0.0,0.0,0.0,0.0,1.0,1.0,0.0,0.0,0.0,0.0,2.0,2.0,0.07142857142857142,-0.06666666666666667,-0.6666666666666666,1.0,0.049999999999999996,-0.5625,0.9375000000000001,0.0,0.6666666666666666,0.3333333333333333,-0.4359701175575618,24.531,0,0,1,0.0,0.0,0.0,0.0,0.0,0.0,0.0,0.0,0.0,0.0,1.0,1.0,1.0,1.0,0.0,14.0,9.0,19.0,12.333333333333334,2.886751345948122,1.0,2.0,7.0,2.0,0.9999999999999957,0.07142857142857142,0.2222222222222222,0.3684210526315789,0.16931216931216933,0.0848625128695518,0.02142857142857143,0.16666666666666666,0.2473684210526316,0.10079365079365078,0.07355306186728655,-0.014285714285714287,-0.03333333333333333,-0.11842105263157894,-0.020634920634920634,0.010997147984566405,-0.2,-0.15,-0.32142857142857145,-0.13888888888888898,0.06735753140545675,-0.2,-0.12,-0.3973404255319149,-0.09000000000000008,0.127671453348037,0.0,-0.2222222222222222,-0.3157894736842105,-0.12169312169312169,0.11261268070789825,0.0,-1.0,-0.8571428571428571,-0.5555555555555555,0.5091750772173156,0.0,-1.0,-0.9361702127659572,-0.5208333333333334,0.5013003923131651,0.0,0.5555555555555556,0.9473684210526315,0.2566137566137566,0.28018608317090654,0.0,2.5,2.5714285714285716,1.1666666666666667,1.2583057392117896,0.0,2.4666666666666663,2.8936170212765955,1.1347222222222222,1.245103836960923,0.0,0.0,0.0,0.0,0.0,0.0,0.0,0.0,0.0,0.0,0.0,0.2222222222222222,0.3157894736842105,0.12169312169312173,0.1126126807078983,0.0,1.0,0.8571428571428571,0.5555555555555555,0.5091750772173156,0.34965034965035446,85.8,0.1166861143523823,85.63333333333334,0.2081665999493759,-7.84933704136731,-0.4731057852001271,-48.84234830978317,18.371809523809524,20.723684210526315,5.1175982273502285,-0.813008130081283,low,high,1.0,0,0,1
2002-04-01,85.4,14.0,0.0,0.0,27.857142857142858,0.0,0.0,0.0,0.0,0.0,0.0,0.0,0.0,0.0,0.0,0.0,0.0,1.0,0.0,0.0,0.0,0.0,0.0,0.0,0.0,0.0,0.0,0.0,0.0,0.0,0.0,0.0,0.0,0.0,0.0,0.0,0.0,9.0,0.34444444444444444,-0.06666666666666668,0.2222222222222222,0.4444444444444444,4.0,6671.333333333333,4860.111111111111,-0.3333333333333333,1.0,0.0,0.3333333333333333,0.6666666666666666,3.1,4.0,0.0,3.0,1.0,0.0,0.0,0.0,0.0,1.0,1.0,0.0,0.0,0.0,0.0,2.0,2.0,0.4444444444444444,-0.15000000000000002,-0.75,2.25,-0.17419354838709677,-0.7419354838709676,2.258064516129032,0.0,0.75,0.25,-0.5900121400346232,26.179090909090913,0,0,1,0.0,0.0,0.0,0.0,0.0,0.0,0.0,0.0,0.0,0.0,1.0,1.0,1.0,1.0,0.0,14.0,14.0,9.0,12.333333333333334,2.886751345948122,3.0,1.0,2.0,2.6666666666666665,1.5275252316519443,0.21428571428571427,0.07142857142857142,0.2222222222222222,0.2433862433862434,0.18820292499293523,0.11428571428571428,0.02142857142857143,0.16666666666666666,0.16005291005291003,0.1663003027999235,-0.014285714285714287,-0.014285714285714287,-0.03333333333333333,-0.03174603174603175,0.03024215695755256,-0.06666666666666667,-0.2,-0.15,-0.13888888888888898,0.06735753140545675,0.049999999999999996,-0.2,-0.12,-0.10806451612903234,0.13749467873536447,-0.14285714285714285,0.0,-0.2222222222222222,-0.15873015873015872,0.16723259925163078,-0.6666666666666666,0.0,-1.0,-0.47222222222222215,0.41107357185968724,-0.5625,0.0,-1.0,-0.4348118279569892,0.3870985243015992,0.21428571428571427,0.0,0.5555555555555556,0.4047619047619048,0.5265081997022855,1.0,0.0,2.5,1.0833333333333333,1.1273124382057211,0.9375000000000001,0.0,2.4666666666666663,1.0651881720430108,1.134434679349156,0.0,0.0,0.0,0.0,0.0,0.0,0.0,0.0,0.0,0.0,0.14285714285714285,0.0,0.2222222222222222,0.15873015873015875,0.16723259925163084,0.6666666666666666,0.0,1.0,0.47222222222222215,0.4110735718596873,-0.813008130081283,86.1,0.34965034965035446,85.86666666666666,0.20816659994938982,35.333160754239756,-0.4359701175575618,-7.84933704136731,6.718400836047911,24.531,18.371809523809524,-0.5854800936768156,low,low,-1.0,1,0,0
2002-05-01,84.9,16.0,0.0,0.0,28.625,0.0,0.0,0.0,0.0,0.0,0.0,0.0,0.0,0.0,0.0,0.0,0.0,1.0,0.0,0.0,0.0,0.0,0.0,0.0,0.0,0.0,0.0,0.0,0.0,0.0,0.0,0.0,0.0,0.0,0.0,0.0,0.0,13.0,0.22307692307692306,-0.10769230769230768,0.23076923076923078,0.3076923076923077,4.0,7605.153846153846,6286.076923076923,-0.15384615384615385,0.5384615384615384,0.0,0.15384615384615385,0.8461538461538461,2.9,4.0,0.0,2.0,2.0,0.0,0.0,0.0,0.0,0.0,0.0,0.0,0.0,0.0,0.0,2.0,2.0,0.3076923076923077,-0.35,-0.5,1.75,-0.36551724137931035,-0.5172413793103449,1.8275862068965518,0.0,0.5,0.5,-0.3077089254288682,27.041363636363634,0,0,1,0.0,0.0,0.0,0.0,0.0,0.0,0.0,0.0,0.0,0.0,1.0,1.0,1.0,1.0,0.0,9.0,14.0,14.0,12.0,2.6457513110645827,4.0,3.0,1.0,3.6666666666666665,0.5773502691896208,0.4444444444444444,0.21428571428571427,0.07142857142857142,0.3221408221408222,0.11575763449723904,0.34444444444444444,0.11428571428571428,0.02142857142857143,0.22726902726902729,0.11513661698277344,-0.06666666666666668,-0.014285714285714287,-0.014285714285714287,-0.06288156288156288,0.04681819284161027,-0.15000000000000002,-0.06666666666666667,-0.2,-0.18888888888888897,0.14561491580090194,-0.17419354838709677,0.049999999999999996,-0.2,-0.1632369299221358,0.20797519103731588,-0.3333333333333333,-0.14285714285714285,0.0,-0.21001221001221002,0.10694047027910866,-0.75,-0.6666666666666666,0.0,-0.6388888888888888,0.12729376930432912,-0.7419354838709676,-0.5625,0.0,-0.6072256210604375,0.1188366359356672,1.0,0.21428571428571427,0.0,0.5842490842490843,0.39485327554145055,2.25,1.0,0.0,1.6666666666666667,0.629152869605893,2.258064516129032,0.9375000000000001,0.0,1.6743835743418616,0.673480471343483,0.0,0.0,0.0,0.0,0.0,0.0,0.0,0.0,0.0,0.0,0.3333333333333333,0.14285714285714285,0.0,0.21001221001221004,0.10694047027910886,0.75,0.6666666666666666,0.0,0.6388888888888888,0.12729376930432934,-0.5854800936768156,85.4,-0.813008130081283,85.76666666666667,0.35118845843006674,-47.84701795952687,-0.5900121400346232,35.333160754239756,3.293745876306531,26.179090909090913,6.718400836047911,-0.11778563015313326,medium,low,-1.0,1,0,0
2002-06-01,84.8,19.0,0.0,0.0,34.1578947368421,0.0,0.0,0.0,0.0,0.0,0.0,0.0,0.0,0.0,0.0,0.0,0.0,1.0,0.0,0.0,0.0,0.0,0.0,0.0,0.0,0.0,0.0,0.0,0.0,0.0,0.0,0.0,0.0,0.0,0.0,0.0,0.0,11.0,0.31363636363636366,-0.2681818181818182,0.45454545454545453,0.45454545454545453,5.0,4680.181818181818,4680.181818181818,-0.45454545454545453,1.3636363636363635,0.0,0.45454545454545453,0.5454545454545454,3.45,4.0,0.0,5.0,0.0,0.0,0.0,0.0,0.0,3.0,3.0,0.0,0.0,0.0,0.0,2.0,2.0,0.36363636363636365,-0.5900000000000001,-1.0,3.0,-0.648550724637681,-1.0,3.3043478260869565,0.0,1.0,0.0,-0.6244873529863603,25.5185,0,0,1,0.0,0.0,0.0,0.0,0.0,0.0,0.0,0.0,0.0,0.0,1.0,1.0,1.0,1.0,0.0,13.0,9.0,14.0,11.0,1.999999999999988,4.0,4.0,3.0,4.333333333333333,0.5773502691896218,0.3076923076923077,0.4444444444444444,0.21428571428571427,0.4022274022274022,0.08202542700488998,0.22307692307692306,0.34444444444444444,0.11428571428571428,0.2937192437192437,0.06308753886520416,-0.10769230769230768,-0.06666666666666668,-0.014285714285714287,-0.14751359751359752,0.1064959643123485,-0.35,-0.15000000000000002,-0.06666666666666667,-0.36333333333333345,0.2203028218914443,-0.36551724137931035,-0.17419354838709677,0.049999999999999996,-0.39608717146802946,0.23865157266259265,-0.15384615384615385,-0.3333333333333333,-0.14285714285714285,-0.3139083139083139,0.15128785772496373,-0.5,-0.75,-0.6666666666666666,-0.75,0.2500000000000002,-0.5172413793103449,-0.7419354838709676,-0.5625,-0.7530589543937708,0.24157145973789662,0.5384615384615384,1.0,0.21428571428571427,0.9673659673659675,0.41355423838965216,1.75,2.25,1.0,2.3333333333333335,0.6291528696058949,1.8275862068965518,2.258064516129032,0.9375000000000001,2.46333284970418,0.7594784635228332,0.0,0.0,0.0,0.0,0.0,0.0,0.0,0.0,0.0,0.0,0.15384615384615385,0.3333333333333333,0.14285714285714285,0.3139083139083139,0.151287857724964,0.5,0.75,0.6666666666666666,0.75,0.25000000000000033,-0.11778563015313326,84.9,-0.5854800936768156,85.46666666666665,0.602771377335125,102.94742900810672,-0.3077089254288682,-47.84701795952687,-5.631608142408084,27.041363636363634,3.293745876306531,0.0,medium,medium,0.0,0,1,0
2002-07-01,84.8,24.0,0.0,0.0,32.875,0.0,0.0,0.0,0.0,0.0,0.0,0.0,0.0,0.0,0.0,0.0,0.0,1.0,0.0,0.0,0.0,0.0,0.0,0.0,0.0,0.0,0.0,0.0,0.0,0.0,0.0,0.0,0.0,0.0,0.0,0.0,0.0,13.0,0.16153846153846152,-0.06153846153846154,0.15384615384615385,0.23076923076923078,3.0,5933.538461538462,4824.692307692308,0.0,0.38461538461538464,0.07692307692307693,0.07692307692307693,0.8461538461538461,2.0999999999999996,3.0,1.0,1.0,1.0,0.0,0.0,0.0,0.0,1.0,1.0,0.0,0.0,0.0,0.0,1.0,1.0,0.23076923076923078,-0.26666666666666666,0.0,1.6666666666666667,-0.26666666666666666,0.0,1.6666666666666667,0.3333333333333333,0.3333333333333333,0.3333333333333333,-0.943964526818441,26.966190476190473,0,0,1,0.0,0.0,0.0,0.0,0.0,0.0,0.0,0.0,0.0,0.0,1.0,1.0,1.0,1.0,0.0,11.0,13.0,9.0,12.333333333333334,1.1547005383792346,5.0,4.0,4.0,4.0,0.9999999999999978,0.45454545454545453,0.3076923076923077,0.4444444444444444,0.33100233100233106,0.11369462375997343,0.31363636363636366,0.22307692307692306,0.34444444444444444,0.23275058275058272,0.0765090042038,-0.2681818181818182,-0.10769230769230768,-0.06666666666666668,-0.1458041958041958,0.10846546096706638,-0.5900000000000001,-0.35,-0.15000000000000002,-0.4022222222222223,0.16787340909590648,-0.648550724637681,-0.36551724137931035,-0.17419354838709677,-0.4269115442278861,0.19820646747722215,-0.45454545454545453,-0.15384615384615385,-0.3333333333333333,-0.20279720279720279,0.23119266090652502,-1.0,-0.5,-0.75,-0.5,0.5,-1.0,-0.5172413793103449,-0.7419354838709676,-0.5057471264367817,0.5000990785702779,1.3636363636363635,0.5384615384615384,1.0,0.7622377622377624,0.5264763699222018,3.0,1.75,2.25,2.138888888888889,0.7469072033193738,3.3043478260869565,1.8275862068965518,2.258064516129032,2.266200233216725,0.9026553013435636,0.0,0.0,0.0,0.025641025641025644,0.044411559168432806,0.0,0.0,0.0,0.1111111111111111,0.19245008972987526,0.45454545454545453,0.15384615384615385,0.3333333333333333,0.22843822843822847,0.19955612797971564,1.0,0.5,0.75,0.611111111111111,0.3469443332443556,0.0,84.8,-0.11778563015313326,85.03333333333335,0.32145502536823395,51.158309660605504,-0.6244873529863603,102.94742900810672,5.673101773969758,25.5185,-5.631608142408084,-0.2358490566037763,low,medium,0.0,0,1,0
2002-08-01,84.6,10.0,0.0,0.0,32.1,0.0,0.0,0.0,0.0,0.0,0.0,0.0,0.0,0.0,0.0,0.0,0.0,1.0,0.0,0.0,0.0,0.0,0.0,0.0,0.0,0.0,0.0,0.0,0.0,0.0,0.0,0.0,0.0,0.0,0.0,0.0,0.0,5.0,0.16,-0.16,0.2,0.2,1.0,3814.0,3814.0,-0.2,0.8,0.0,0.2,0.8,0.8,1.0,0.0,1.0,0.0,0.0,0.0,0.0,0.0,0.0,0.0,0.0,0.0,0.0,0.0,1.0,1.0,0.2,-0.8,-1.0,4.0,-0.8000000000000002,-1.0,4.0,0.0,1.0,0.0,-1.0846414497884669,28.385,0,0,1,0.0,0.0,0.0,0.0,0.0,0.0,0.0,0.0,0.0,0.0,1.0,1.0,1.0,1.0,0.0,13.0,11.0,13.0,9.666666666666666,4.163331998932258,3.0,5.0,4.0,3.0,1.999999999999999,0.23076923076923078,0.45454545454545453,0.3076923076923077,0.2951048951048951,0.13893399651119004,0.16153846153846152,0.31363636363636366,0.22307692307692306,0.21172494172494172,0.0882612324465402,-0.06153846153846154,-0.2681818181818182,-0.10769230769230768,-0.16324009324009325,0.10335977391791142,-0.26666666666666666,-0.5900000000000001,-0.35,-0.5522222222222224,0.2686661152461947,-0.26666666666666666,-0.648550724637681,-0.36551724137931035,-0.5717391304347826,0.27483836497858893,0.0,-0.45454545454545453,-0.15384615384615385,-0.21818181818181817,0.22781752883893938,0.0,-1.0,-0.5,-0.6666666666666666,0.5773502691896258,0.0,-1.0,-0.5172413793103449,-0.6666666666666666,0.5773502691896257,0.38461538461538464,1.3636363636363635,0.5384615384615384,0.8494172494172495,0.49137772410415,1.6666666666666667,3.0,1.75,2.8888888888888893,1.1706281947614159,1.6666666666666667,3.3043478260869565,1.8275862068965518,2.990338164251208,1.1979410093597098,0.07692307692307693,0.0,0.0,0.025641025641025644,0.044411559168432806,0.3333333333333333,0.0,0.0,0.1111111111111111,0.19245008972987526,0.07692307692307693,0.45454545454545453,0.15384615384615385,0.24382284382284383,0.19258763265286652,0.3333333333333333,1.0,0.5,0.7777777777777777,0.38490017945975075,-0.2358490566037763,84.8,0.0,84.83333333333333,0.05773502692895955,14.902776425737784,-0.943964526818441,51.158309660605504,5.261438485581604,26.966190476190473,5.673101773969758,0.0,medium,low,-1.0,1,0,0
2002-09-01,84.6,20.0,0.0,0.0,29.75,0.0,0.0,0.0,0.0,0.0,0.0,0.0,0.0,0.0,0.0,0.0,0.0,1.0,0.0,0.0,0.0,0.0,0.0,0.0,0.0,0.0,0.0,0.0,0.0,0.0,0.0,0.0,0.0,0.0,0.0,0.0,0.0,14.0,0.0,0.0,0.0,0.0,0.0,5621.071428571428,4998.571428571428,0.0,0.0,0.0,0.0,1.0,0.0,0.0,0.0,0.0,0.0,0.0,0.0,0.0,0.0,0.0,0.0,0.0,0.0,0.0,0.0,0.0,0.0,0.0,0.0,0.0,0.0,0.0,0.0,0.0,0.0,0.0,0.0,-1.137068248891692,29.6635,0,1,0,0.0,0.0,0.0,0.0,0.0,0.0,0.0,0.0,0.3333333333333333,0.5773502691896258,1.0,1.0,1.0,0.6666666666666666,0.5773502691896258,5.0,13.0,11.0,10.666666666666666,4.932882862316243,1.0,3.0,5.0,1.3333333333333333,1.5275252316519452,0.2,0.23076923076923078,0.45454545454545453,0.14358974358974363,0.12530042792687765,0.16,0.16153846153846152,0.31363636363636366,0.10717948717948715,0.09282334603977424,-0.16,-0.06153846153846154,-0.2681818181818182,-0.07384615384615385,0.08070693568371715,-0.8,-0.26666666666666666,-0.5900000000000001,-0.3555555555555556,0.4073400617738526,-0.8000000000000002,-0.26666666666666666,-0.648550724637681,-0.3555555555555556,0.40734006177385246,-0.2,0.0,-0.45454545454545453,-0.06666666666666667,0.11547005383792529,-1.0,0.0,-1.0,-0.3333333333333333,0.5773502691896257,-1.0,0.0,-1.0,-0.3333333333333333,0.5773502691896256,0.8,0.38461538461538464,1.3636363636363635,0.39487179487179497,0.40009860717517004,4.0,1.6666666666666667,3.0,1.888888888888889,2.0092379244472354,4.0,1.6666666666666667,3.3043478260869565,1.888888888888889,2.0092379244472354,0.0,0.07692307692307693,0.0,0.025641025641025644,0.044411559168432806,0.0,0.3333333333333333,0.0,0.1111111111111111,0.19245008972987526,0.2,0.07692307692307693,0.45454545454545453,0.09230769230769235,0.10088366960464643,1.0,0.3333333333333333,1.0,0.44444444444444436,0.5091750772173155,0.0,84.6,-0.2358490566037763,84.73333333333333,0.11547005384291154,4.833560354294919,-1.0846414497884669,14.902776425737784,4.504139510304728,28.385,5.261438485581604,-0.35460992907800915,low,medium,0.0,0,1,0
2002-10-01,84.3,25.0,0.0,0.0,28.32,0.0,0.0,0.0,0.0,0.0,0.0,0.0,0.0,0.0,0.0,0.0,0.0,1.0,0.0,0.0,0.0,0.0,0.0,0.0,0.0,0.0,0.0,0.0,0.0,0.0,0.0,0.0,0.0,0.0,0.0,0.0,0.0,14.0,0.4035714285714286,-0.23214285714285715,0.5,0.6428571428571429,9.0,3195.214285714286,3195.214285714286,-0.35714285714285715,1.0,0.0,0.35714285714285715,0.6428571428571429,5.65,5.0,0.0,5.0,4.0,0.0,0.0,0.0,0.0,1.0,1.0,0.0,0.0,0.0,0.0,4.0,4.0,0.35714285714285715,-0.3611111111111111,-0.5555555555555556,1.5555555555555556,-0.38008849557522123,-0.504424778761062,1.6460176991150444,0.0,0.5555555555555556,0.4444444444444444,-1.2477890924519968,28.836521739130436,0,0,1,0.0,0.0,0.0,0.0,0.0,1.0,0.0,0.0,0.3333333333333333,0.5773502691896258,0.0,1.0,1.0,0.6666666666666666,0.5773502691896258,14.0,5.0,13.0,11.0,5.196152422706627,0.0,1.0,3.0,3.3333333333333335,4.932882862316246,0.0,0.2,0.23076923076923078,0.280952380952381,0.32898524665554035,0.0,0.16,0.16153846153846152,0.18785714285714283,0.20322275905005902,0.0,-0.16,-0.06153846153846154,-0.1307142857142857,0.11881000095333151,0.0,-0.8,-0.26666666666666666,-0.3870370370370371,0.4006296484614407,0.0,-0.8000000000000002,-0.26666666666666666,-0.3933628318584072,0.40016516090586807,0.0,-0.2,0.0,-0.18571428571428572,0.178999486944881,0.0,-1.0,0.0,-0.5185185185185185,0.501027750313655,0.0,-1.0,0.0,-0.5014749262536874,0.5000065261797704,0.0,0.8,0.38461538461538464,0.6000000000000001,0.5291502622129183,0.0,4.0,1.6666666666666667,1.8518518518518519,2.0163937168616584,0.0,4.0,1.6666666666666667,1.8820058997050149,2.0104148385627445,0.0,0.0,0.07692307692307693,0.0,0.0,0.0,0.0,0.3333333333333333,0.0,0.0,0.0,0.2,0.07692307692307693,0.18571428571428575,0.1789994869448811,0.0,1.0,0.3333333333333333,0.5185185185185185,0.5010277503136549,-0.35460992907800915,84.6,0.0,84.66666666666667,0.1154700538429064,9.737396472746918,-1.137068248891692,4.833560354294919,-2.787864752539526,29.6635,4.504139510304728,0.0,medium,low,-1.0,1,0,0
2002-11-01,84.3,17.0,0.0,0.0,35.0,0.0,0.0,0.0,0.0,0.0,0.0,0.0,0.0,0.0,0.0,0.0,0.0,1.0,0.0,0.0,0.0,0.0,0.0,0.0,0.0,0.0,0.0,0.0,0.0,0.0,0.0,0.0,0.0,0.0,0.0,0.0,0.0,7.0,0.0,0.0,0.0,0.0,0.0,7315.0,5561.428571428572,0.0,0.0,0.0,0.0,1.0,0.0,0.0,0.0,0.0,0.0,0.0,0.0,0.0,0.0,0.0,0.0,0.0,0.0,0.0,0.0,0.0,0.0,0.0,0.0,0.0,0.0,0.0,0.0,0.0,0.0,0.0,0.0,-0.7535430877617834,26.352105263157895,0,1,0,0.0,0.0,0.0,0.0,0.0,0.0,1.0,0.0,0.6666666666666666,0.5773502691896258,1.0,0.0,1.0,0.3333333333333333,0.5773502691896258,14.0,14.0,5.0,11.666666666666666,4.041451884327374,9.0,0.0,1.0,3.0,5.196152422706631,0.6428571428571429,0.0,0.2,0.21428571428571438,0.371153744479045,0.4035714285714286,0.0,0.16,0.1345238095238095,0.23300207292295602,-0.23214285714285715,0.0,-0.16,-0.07738095238095238,0.13402774106187754,-0.3611111111111111,0.0,-0.8,-0.12037037037037047,0.20848759720736523,-0.38008849557522123,0.0,-0.8000000000000002,-0.1266961651917405,0.2194441952362339,-0.35714285714285715,0.0,-0.2,-0.11904761904761905,0.20619652471058067,-0.5555555555555556,0.0,-1.0,-0.1851851851851852,0.3207501495497919,-0.504424778761062,0.0,-1.0,-0.168141592920354,0.2912297818036163,1.0,0.0,0.8,0.3333333333333334,0.5773502691896258,1.5555555555555556,0.0,4.0,0.5185185185185185,0.8981004187394123,1.6460176991150444,0.0,4.0,0.5486725663716815,0.9503287616749582,0.0,0.0,0.0,0.0,0.0,0.0,0.0,0.0,0.0,0.0,0.35714285714285715,0.0,0.2,0.11904761904761908,0.20619652471058075,0.5555555555555556,0.0,1.0,0.18518518518518512,0.3207501495497917,0.0,84.3,-0.35460992907800915,84.49999999999999,0.17320508076020652,-39.60973915222996,-1.2477890924519968,9.737396472746918,-8.615520618082206,28.836521739130436,-2.787864752539526,-1.542111506524313,low,medium,0.0,0,1,0
2002-12-01,83.0,21.0,0.0,0.0,29.19047619047619,0.0,0.0,0.0,0.0,0.0,0.0,0.0,0.0,0.0,0.0,0.0,0.0,1.0,0.0,0.0,0.0,0.0,0.0,0.0,0.0,0.0,0.0,0.0,0.0,0.0,0.0,0.0,0.0,0.0,0.0,0.0,0.0,7.0,0.31428571428571433,-0.2857142857142857,0.42857142857142855,0.42857142857142855,3.0,2732.714285714286,2732.714285714286,-0.14285714285714285,1.4285714285714286,0.14285714285714285,0.2857142857142857,0.5714285714285714,2.2,2.0,1.0,2.0,0.0,0.0,0.0,0.0,0.0,0.0,0.0,1.0,1.0,0.0,0.0,2.0,2.0,0.2857142857142857,-0.6666666666666666,-0.3333333333333333,3.3333333333333335,-0.6545454545454544,-0.2727272727272727,3.3636363636363633,0.3333333333333333,0.6666666666666666,0.0,-0.6924869076857462,29.460952380952378,0,0,1,0.0,0.0,0.0,0.0,0.0,1.0,0.0,1.0,0.3333333333333333,0.5773502691896257,0.0,1.0,0.0,0.6666666666666666,0.5773502691896258,7.0,14.0,14.0,9.333333333333334,4.041451884327373,0.0,9.0,0.0,4.0,4.582575694955839,0.0,0.6428571428571429,0.0,0.3571428571428572,0.32732683535398843,0.0,0.4035714285714286,0.0,0.23928571428571424,0.21198166073930996,0.0,-0.23214285714285715,0.0,-0.1726190476190476,0.15187322407348902,0.0,-0.3611111111111111,0.0,-0.3425925925925927,0.3337189127951872,0.0,-0.38008849557522123,0.0,-0.3448779833735587,0.328690238893181,0.0,-0.35714285714285715,0.0,-0.16666666666666666,0.17975796274454167,0.0,-0.5555555555555556,0.0,-0.2962962962962963,0.27962349760262023,0.0,-0.504424778761062,0.0,-0.2590506838294449,0.25249034866692743,0.0,1.0,0.0,0.8095238095238096,0.7330859199209836,0.0,1.5555555555555556,0.0,1.6296296296296298,1.6679007776589174,0.0,1.6460176991150444,0.0,1.6698846875838027,1.6819451898168791,0.0,0.0,0.0,0.047619047619047616,0.08247860988423228,0.0,0.0,0.0,0.1111111111111111,0.19245008972987526,0.0,0.35714285714285715,0.0,0.21428571428571433,0.18898223650461374,0.0,0.5555555555555556,0.0,0.4074074074074073,0.3571722504071463,-1.542111506524313,84.3,0.0,84.39999999999999,0.17320508076021163,-8.102546631724772,-0.7535430877617834,-39.60973915222996,11.79733872018518,26.352105263157895,-8.615520618082206,-0.24096385542169418,low,low,-1.0,1,0,0
2003-01-01,82.8,26.0,0.0,0.0,27.923076923076923,0.0,0.0,0.0,0.0,0.0,0.0,0.0,0.0,0.0,0.0,0.0,0.0,1.0,0.0,0.0,0.0,0.0,0.0,0.0,0.0,0.0,0.0,0.0,0.0,0.0,0.0,0.0,0.0,0.0,0.0,0.0,0.0,11.0,0.3,-0.10909090909090909,0.36363636363636365,0.45454545454545453,5.0,3516.090909090909,3516.090909090909,-0.2727272727272727,0.6363636363636364,0.0,0.2727272727272727,0.7272727272727273,3.3,2.0,0.0,3.0,2.0,0.0,0.0,0.0,0.0,0.0,0.0,0.0,0.0,0.0,0.0,3.0,3.0,0.18181818181818182,-0.24,-0.6,1.4,-0.20909090909090908,-0.5757575757575758,1.3333333333333333,0.0,0.6,0.4,-0.6321250120114427,32.94714285714286,0,0,1,0.0,0.0,0.0,0.0,0.0,0.0,1.0,0.0,0.3333333333333333,0.5773502691896257,1.0,0.0,1.0,0.6666666666666666,0.5773502691896258,7.0,7.0,14.0,8.333333333333334,2.309401076758487,3.0,0.0,9.0,2.6666666666666665,2.516611478423582,0.42857142857142855,0.0,0.6428571428571429,0.29437229437229445,0.2552644673213083,0.31428571428571433,0.0,0.4035714285714286,0.20476190476190473,0.17747281098651635,-0.2857142857142857,0.0,-0.23214285714285715,-0.13160173160173158,0.1441811919526658,-0.6666666666666666,0.0,-0.3611111111111111,-0.3022222222222223,0.33766079845729047,-0.6545454545454544,0.0,-0.38008849557522123,-0.2878787878787879,0.33430986434661025,-0.14285714285714285,0.0,-0.35714285714285715,-0.13852813852813853,0.13641516239470766,-0.3333333333333333,0.0,-0.5555555555555556,-0.3111111111111111,0.30061665018819284,-0.2727272727272727,0.0,-0.504424778761062,-0.2828282828282828,0.28801166524006555,1.4285714285714286,0.0,1.0,0.6883116883116883,0.71570107706259,3.3333333333333335,0.0,1.5555555555555556,1.5777777777777777,1.6737626717911582,3.3636363636363633,0.0,1.6460176991150444,1.5656565656565655,1.693810190045522,0.14285714285714285,0.0,0.0,0.047619047619047616,0.08247860988423228,0.3333333333333333,0.0,0.0,0.1111111111111111,0.19245008972987526,0.2857142857142857,0.0,0.35714285714285715,0.18614718614718617,0.16133891907865142,0.6666666666666666,0.0,0.5555555555555556,0.4222222222222221,0.3671713698190733,-0.24096385542169418,83.0,-1.542111506524313,83.86666666666667,0.7505553499472895,-8.716684027432331,-0.6924869076857462,-8.102546631724772,11.833257903924487,29.460952380952378,11.79733872018518,-0.48309178743960457,low,low,-1.0,1,0,0
2003-02-01,82.4,17.0,0.0,0.0,34.64705882352941,0.0,0.0,0.0,0.0,0.0,0.0,0.0,0.0,0.0,0.0,0.0,0.0,1.0,0.0,0.0,0.0,0.0,0.0,0.0,0.0,0.0,0.0,0.0,0.0,0.0,0.0,0.0,0.0,0.0,0.0,0.0,0.0,11.0,0.20454545454545456,-0.17272727272727273,0.2727272727272727,0.2727272727272727,3.0,3840.0,3840.0,-0.2727272727272727,0.7272727272727273,0.0,0.2727272727272727,0.7272727272727273,2.25,2.0,0.0,3.0,0.0,0.0,0.0,0.0,0.0,0.0,0.0,0.0,0.0,0.0,0.0,3.0,3.0,0.18181818181818182,-0.6333333333333333,-1.0,2.6666666666666665,-0.6466666666666667,-1.0,2.7333333333333334,0.0,1.0,0.0,-0.3089455026054462,35.828421052631576,0,0,1,0.0,0.0,0.0,0.0,0.0,0.0,0.0,1.0,0.0,0.0,1.0,1.0,0.0,1.0,0.0,11.0,7.0,7.0,9.666666666666666,2.309401076758489,5.0,3.0,0.0,3.6666666666666665,1.1547005383792472,0.45454545454545453,0.42857142857142855,0.0,0.3852813852813853,0.09833607525195232,0.3,0.31428571428571433,0.0,0.27294372294372293,0.059663747351925776,-0.10909090909090909,-0.2857142857142857,0.0,-0.1891774891774892,0.089453404118597,-0.24,-0.6666666666666666,0.0,-0.5133333333333334,0.23729962307410257,-0.20909090909090908,-0.6545454545454544,0.0,-0.5034343434343435,0.2549393297049816,-0.2727272727272727,-0.14285714285714285,0.0,-0.2294372294372294,0.07498055444021114,-0.6,-0.3333333333333333,0.0,-0.6444444444444445,0.33554819712314443,-0.5757575757575758,-0.2727272727272727,0.0,-0.6161616161616162,0.3653159862631338,0.6363636363636364,1.4285714285714286,0.0,0.9307359307359309,0.4335276841002407,1.4,3.3333333333333335,0.0,2.466666666666667,0.9820613241770819,1.3333333333333333,3.3636363636363633,0.0,2.4767676767676767,1.0391833576473106,0.0,0.14285714285714285,0.0,0.047619047619047616,0.08247860988423228,0.0,0.3333333333333333,0.0,0.1111111111111111,0.19245008972987526,0.2727272727272727,0.2857142857142857,0.0,0.27705627705627706,0.007498055444024128,0.6,0.6666666666666666,0.0,0.7555555555555555,0.21430335024428815,-0.48309178743960457,82.8,-0.24096385542169418,83.36666666666666,0.8144527815254302,-51.125885428521265,-0.6321250120114427,-8.716684027432331,8.745153435555242,32.94714285714286,11.833257903924487,0.0,medium,low,-1.0,1,0,0
2003-03-01,82.4,17.0,0.0,0.0,28.823529411764707,0.0,0.0,0.0,0.0,0.0,0.0,0.0,0.0,0.0,0.0,0.0,0.0,1.0,0.0,0.0,0.0,0.0,0.0,0.0,0.0,0.0,0.0,0.0,0.0,0.0,0.0,0.0,0.0,0.0,0.0,0.0,0.0,5.0,0.25999999999999995,-0.07999999999999999,0.2,0.4,2.0,7707.6,6757.8,-0.2,0.6,0.0,0.2,0.8,1.2999999999999998,1.0,0.0,1.0,1.0,0.0,0.0,0.0,0.0,0.0,0.0,0.0,0.0,0.0,0.0,1.0,1.0,0.2,-0.19999999999999998,-0.5,1.5,-0.23076923076923078,-0.5384615384615385,1.6153846153846154,0.0,0.5,0.5,-0.33115124592651685,33.513333333333335,0,0,1,0.0,0.0,0.0,0.0,0.0,0.0,0.0,0.0,0.0,0.0,1.0,1.0,1.0,1.0,0.0,11.0,11.0,7.0,9.0,3.464101615137745,3.0,5.0,3.0,3.3333333333333335,1.5275252316519436,0.2727272727272727,0.45454545454545453,0.42857142857142855,0.3757575757575758,0.0933018443535792,0.20454545454545456,0.3,0.31428571428571433,0.25484848484848477,0.04793533293146793,-0.17272727272727273,-0.10909090909090909,-0.2857142857142857,-0.1206060606060606,0.047424000386641844,-0.6333333333333333,-0.24,-0.6666666666666666,-0.3577777777777778,0.23947473384085477,-0.6466666666666667,-0.20909090909090908,-0.6545454545454544,-0.36217560217560235,0.24661480437950478,-0.2727272727272727,-0.2727272727272727,-0.14285714285714285,-0.2484848484848485,0.04198911048651818,-1.0,-0.6,-0.3333333333333333,-0.7000000000000001,0.2645751311064591,-1.0,-0.5757575757575758,-0.2727272727272727,-0.7047397047397048,0.2563820002796498,0.7272727272727273,0.6363636363636364,1.4285714285714286,0.6545454545454547,0.06555547773571074,2.6666666666666665,1.4,3.3333333333333335,1.8555555555555554,0.7042200834440335,2.7333333333333334,1.3333333333333333,3.3636363636363633,1.8940170940170937,0.7404235568994654,0.0,0.0,0.14285714285714285,0.0,0.0,0.0,0.0,0.3333333333333333,0.0,0.0,0.2727272727272727,0.2727272727272727,0.2857142857142857,0.24848484848484853,0.04198911048651876,1.0,0.6,0.6666666666666666,0.6999999999999998,0.2645751311064592,0.0,82.4,-0.48309178743960457,82.73333333333333,0.3055050463323319,7.187592353279726,-0.3089455026054462,-51.125885428521265,-6.461595714467572,35.828421052631576,8.745153435555242,0.24271844660193054,high,medium,0.0,0,1,0
2003-04-01,82.6,26.0,0.0,0.0,27.923076923076923,0.0,0.0,0.0,0.0,0.0,0.0,0.0,0.0,0.0,0.0,0.0,0.0,1.0,0.0,0.0,0.0,0.0,0.0,0.0,0.0,0.0,0.0,0.0,0.0,0.0,0.0,0.0,0.0,0.0,0.0,0.0,0.0,10.0,0.195,-0.13999999999999999,0.3,0.3,3.0,3835.6,3835.6,-0.2,0.7,0.0,0.2,0.8,1.9500000000000002,2.0,0.0,2.0,1.0,0.0,0.0,0.0,0.0,0.0,0.0,0.0,0.0,0.0,0.0,2.0,2.0,0.2,-0.4666666666666666,-0.6666666666666666,2.3333333333333335,-0.5384615384615384,-0.846153846153846,2.9743589743589745,0.0,0.6666666666666666,0.3333333333333333,-0.5636398285907284,28.170476190476194,0,0,1,0.0,0.0,0.0,0.0,0.0,0.0,0.0,0.0,0.0,0.0,1.0,1.0,1.0,1.0,0.0,5.0,11.0,11.0,8.666666666666666,3.214550253664308,2.0,3.0,5.0,2.6666666666666665,0.5773502691896197,0.4,0.2727272727272727,0.45454545454545453,0.3242424242424243,0.0670101345075628,0.25999999999999995,0.20454545454545456,0.3,0.21984848484848482,0.035098248565157336,-0.07999999999999999,-0.17272727272727273,-0.10909090909090909,-0.1309090909090909,0.04702733511410051,-0.19999999999999998,-0.6333333333333333,-0.24,-0.4333333333333334,0.21858128414340017,-0.23076923076923078,-0.6466666666666667,-0.20909090909090908,-0.47196581196581205,0.21577518515381047,-0.2,-0.2727272727272727,-0.2727272727272727,-0.22424242424242424,0.0419891104865182,-0.5,-1.0,-0.6,-0.7222222222222222,0.25458753860865785,-0.5384615384615385,-1.0,-0.5757575757575758,-0.794871794871795,0.2350038817926071,0.6,0.7272727272727273,0.6363636363636364,0.6757575757575758,0.06701013450756539,1.5,2.6666666666666665,1.4,2.1666666666666665,0.6009252125773294,1.6153846153846154,2.7333333333333334,1.3333333333333333,2.4410256410256412,0.7251107965849949,0.0,0.0,0.0,0.0,0.0,0.0,0.0,0.0,0.0,0.0,0.2,0.2727272727272727,0.2727272727272727,0.22424242424242427,0.04198911048651876,0.5,1.0,0.6,0.7222222222222222,0.25458753860865796,0.24271844660193054,82.4,0.0,82.53333333333333,0.23094010767841558,70.20616275011729,-0.33115124592651685,7.187592353279726,-15.942482025633009,33.513333333333335,-6.461595714467572,0.1210653753026758,high,high,1.0,0,0,1
2003-05-01,82.7,25.0,0.0,0.0,29.52,0.0,0.0,0.0,0.0,0.0,0.0,0.0,0.0,0.0,0.0,0.0,0.0,1.0,0.0,0.0,0.0,0.0,0.0,0.0,0.0,0.0,0.0,0.0,0.0,0.0,0.0,0.0,0.0,0.0,0.0,0.0,0.0,9.0,0.07777777777777778,-0.06666666666666667,0.1111111111111111,0.1111111111111111,1.0,5532.111111111111,5532.111111111111,0.1111111111111111,0.3333333333333333,0.1111111111111111,0.0,0.8888888888888888,0.7,1.0,1.0,0.0,0.0,0.0,0.0,0.0,0.0,0.0,0.0,1.0,1.0,0.0,0.0,0.0,0.0,0.1111111111111111,-0.6,1.0,3.0,-0.6,1.0,2.9999999999999996,1.0,0.0,0.0,-0.19943009211630638,28.108571428571427,0,0,1,0.0,0.0,0.0,0.0,0.0,0.0,0.0,0.0,0.0,0.0,1.0,1.0,1.0,1.0,0.0,10.0,5.0,11.0,8.0,2.6457513110645765,3.0,2.0,3.0,2.0,0.9999999999999977,0.3,0.4,0.2727272727272727,0.2703703703703704,0.14670594311361707,0.195,0.25999999999999995,0.20454545454545456,0.17759259259259252,0.09234986704043913,-0.13999999999999999,-0.07999999999999999,-0.17272727272727273,-0.09555555555555555,0.03906310184721586,-0.4666666666666666,-0.19999999999999998,-0.6333333333333333,-0.4222222222222223,0.20367003088692637,-0.5384615384615384,-0.23076923076923078,-0.6466666666666667,-0.4564102564102565,0.19781847714857315,-0.2,-0.2,-0.2727272727272727,-0.09629629629629631,0.1796200837478836,-0.6666666666666666,-0.5,-1.0,-0.055555555555555546,0.9179284245476836,-0.846153846153846,-0.5384615384615385,-1.0,-0.12820512820512828,0.9890923857428672,0.7,0.6,0.7272727272727273,0.5444444444444444,0.18954135676924483,2.3333333333333335,1.5,2.6666666666666665,2.2777777777777777,0.7515416254704812,2.9743589743589745,1.6153846153846154,2.7333333333333334,2.52991452991453,0.7921098970323166,0.0,0.0,0.0,0.037037037037037035,0.06415002990995845,0.0,0.0,0.0,0.3333333333333333,0.5773502691896257,0.2,0.2,0.2727272727272727,0.1333333333333334,0.11547005383792537,0.6666666666666666,0.5,1.0,0.38888888888888884,0.3469443332443551,0.1210653753026758,82.6,0.24271844660193054,82.46666666666667,0.11547005384305487,-64.61745923545848,-0.5636398285907284,70.20616275011729,-0.21975049866460594,28.170476190476194,-15.942482025633009,-0.7255139056832061,low,high,1.0,0,0,1
2003-06-01,82.1,21.0,0.0,0.0,24.285714285714285,0.0,0.0,0.0,0.0,0.0,0.0,0.0,0.0,0.0,0.0,0.0,0.0,1.0,0.0,0.0,0.0,0.0,0.0,0.0,0.0,0.0,0.0,0.0,0.0,0.0,0.0,0.0,0.0,0.0,0.0,0.0,0.0,7.0,0.0,0.0,0.0,0.0,0.0,6215.571428571428,6215.571428571428,0.0,0.0,0.0,0.0,1.0,0.0,0.0,0.0,0.0,0.0,0.0,0.0,0.0,0.0,0.0,0.0,0.0,0.0,0.0,0.0,0.0,0.0,0.0,0.0,0.0,0.0,0.0,0.0,0.0,0.0,0.0,0.0,-0.1221434318849621,30.66238095238095,0,1,0,0.0,0.0,0.0,0.0,0.0,0.0,0.0,0.0,0.3333333333333333,0.5773502691896257,1.0,1.0,1.0,0.6666666666666666,0.577350269189626,9.0,10.0,5.0,8.666666666666666,1.5275252316519243,1.0,3.0,2.0,1.3333333333333333,1.5275252316519459,0.1111111111111111,0.3,0.4,0.1370370370370371,0.1516710757736533,0.07777777777777778,0.195,0.25999999999999995,0.0909259259259259,0.09816264742657543,-0.06666666666666667,-0.13999999999999999,-0.07999999999999999,-0.06888888888888889,0.07002645002928352,-0.6,-0.4666666666666666,-0.19999999999999998,-0.3555555555555556,0.31505437508350737,-0.6,-0.5384615384615384,-0.23076923076923078,-0.3794871794871795,0.3300827700872634,0.1111111111111111,-0.2,-0.2,-0.029629629629629634,0.15765775299105755,1.0,-0.6666666666666666,-0.5,0.11111111111111112,0.838870492807861,1.0,-0.846153846153846,-0.5384615384615385,0.051282051282051246,0.9241446815866716,0.3333333333333333,0.7,0.6,0.3444444444444445,0.3501322501464165,3.0,2.3333333333333335,1.5,1.7777777777777777,1.5752718754175348,2.9999999999999996,2.9743589743589745,1.6153846153846154,1.9914529914529915,1.7246965322700336,0.1111111111111111,0.0,0.0,0.037037037037037035,0.06415002990995845,1.0,0.0,0.0,0.3333333333333333,0.5773502691896257,0.0,0.2,0.2,0.06666666666666671,0.11547005383792538,0.0,0.6666666666666666,0.5,0.22222222222222213,0.3849001794597499,-0.7255139056832061,82.7,0.1210653753026758,82.56666666666666,0.1527525231690764,-38.75376048378456,-0.19943009211630638,-64.61745923545848,9.085518736870647,28.108571428571427,-0.21975049866460594,0.0,medium,low,-1.0,1,0,0
2003-07-01,82.1,20.0,0.0,0.0,31.4,0.0,0.0,0.0,0.0,0.0,0.0,0.0,0.0,0.0,0.0,0.0,0.0,1.0,0.0,0.0,0.0,0.0,0.0,0.0,0.0,0.0,0.0,0.0,0.0,0.0,0.0,0.0,0.0,0.0,0.0,0.0,0.0,5.0,0.0,0.0,0.0,0.0,0.0,4346.8,4346.8,0.0,0.0,0.0,0.0,1.0,0.0,0.0,0.0,0.0,0.0,0.0,0.0,0.0,0.0,0.0,0.0,0.0,0.0,0.0,0.0,0.0,0.0,0.0,0.0,0.0,0.0,0.0,0.0,0.0,0.0,0.0,0.0,-0.0018349982239855955,30.754545454545454,0,1,0,0.0,0.0,0.0,0.0,0.0,1.0,0.0,0.0,0.6666666666666666,0.5773502691896258,0.0,1.0,1.0,0.3333333333333333,0.577350269189626,7.0,9.0,10.0,7.0,1.9999999999999798,0.0,1.0,3.0,0.3333333333333333,0.5773502691896265,0.0,0.1111111111111111,0.3,0.03703703703703711,0.06415002990995679,0.0,0.07777777777777778,0.195,0.02592592592592589,0.04490502093696963,0.0,-0.06666666666666667,-0.13999999999999999,-0.022222222222222223,0.03849001794597567,0.0,-0.6,-0.4666666666666666,-0.20000000000000007,0.34641016151377574,0.0,-0.6,-0.5384615384615384,-0.2000000000000001,0.3464101615137755,0.0,0.1111111111111111,-0.2,0.037037037037037035,0.06415002990995859,0.0,1.0,-0.6666666666666666,0.3333333333333333,0.5773502691896256,0.0,1.0,-0.846153846153846,0.33333333333333326,0.5773502691896257,0.0,0.3333333333333333,0.7,0.11111111111111117,0.1924500897298759,0.0,3.0,2.3333333333333335,0.9999999999999999,1.7320508075688745,0.0,2.9999999999999996,2.9743589743589745,0.9999999999999999,1.7320508075688763,0.0,0.1111111111111111,0.0,0.037037037037037035,0.06415002990995845,0.0,1.0,0.0,0.3333333333333333,0.5773502691896257,0.0,0.0,0.2,0.0,0.0,0.0,0.0,0.6666666666666666,0.0,0.0,0.0,82.1,-0.7255139056832061,82.46666666666665,0.3214550253682764,-98.4976693419636,-0.1221434318849621,-38.75376048378456,0.300578426403475,30.66238095238095,9.085518736870647,-2.5578562728379994,low,medium,0.0,0,1,0
2003-08-01,80.0,15.0,0.0,0.0,31.133333333333333,0.0,0.0,0.0,0.0,0.0,0.0,0.0,0.0,0.0,0.0,0.0,0.0,1.0,0.0,0.0,0.0,0.0,0.0,0.0,0.0,0.0,0.0,0.0,0.0,0.0,0.0,0.0,0.0,0.0,0.0,0.0,0.0,7.0,0.2857142857142857,-0.1285714285714286,0.42857142857142855,0.42857142857142855,3.0,4871.714285714285,4799.285714285715,-0.2857142857142857,0.7142857142857143,0.0,0.2857142857142857,0.7142857142857143,2.0,2.0,0.0,2.0,1.0,0.0,0.0,0.0,0.0,0.0,0.0,0.0,0.0,0.0,0.0,2.0,2.0,0.2857142857142857,-0.3,-0.6666666666666666,1.6666666666666667,-0.305,-0.7,1.7499999999999998,0.0,0.6666666666666666,0.3333333333333333,-0.07393326365384345,31.573809523809523,0,0,1,0.0,0.0,0.0,0.0,0.0,1.0,1.0,0.0,0.6666666666666666,0.5773502691896258,0.0,0.0,1.0,0.3333333333333333,0.577350269189626,5.0,7.0,9.0,6.333333333333333,1.1547005383792144,0.0,0.0,1.0,1.0,1.732050807568877,0.0,0.0,0.1111111111111111,0.14285714285714293,0.2474358296526964,0.0,0.0,0.07777777777777778,0.09523809523809519,0.16495721976846425,0.0,0.0,-0.06666666666666667,-0.042857142857142864,0.07423074889580933,0.0,0.0,-0.6,-0.10000000000000007,0.17320508075688848,0.0,0.0,-0.6,-0.10166666666666678,0.1760918321028362,0.0,0.0,0.1111111111111111,-0.09523809523809523,0.16495721976846453,0.0,0.0,1.0,-0.2222222222222222,0.3849001794597504,0.0,0.0,1.0,-0.2333333333333334,0.40414518843273795,0.0,0.0,0.3333333333333333,0.23809523809523817,0.41239304942116156,0.0,0.0,3.0,0.5555555555555555,0.9622504486493703,0.0,0.0,2.9999999999999996,0.5833333333333333,1.0103629710818443,0.0,0.0,0.1111111111111111,0.0,0.0,0.0,0.0,1.0,0.0,0.0,0.0,0.0,0.0,0.09523809523809527,0.16495721976846467,0.0,0.0,0.0,0.22222222222222213,0.3849001794597499,-2.5578562728379994,82.1,0.0,82.3,0.34641016151547965,3929.06458913411,-0.0018349982239855955,-98.4976693419636,2.6638796222006267,30.754545454545454,0.300578426403475,-1.1250000000000093,low,low,-1.0,1,0,0
2003-09-01,79.1,35.0,0.0,0.0,29.571428571428573,0.0,0.0,0.0,0.0,0.0,0.0,0.0,0.0,0.0,0.0,0.0,0.0,1.0,0.0,0.0,0.0,0.0,0.0,0.0,0.0,0.0,0.0,0.0,0.0,0.0,0.0,0.0,0.0,0.0,0.0,0.0,0.0,20.0,0.11000000000000001,0.025,0.05,0.15,3.0,4910.25,4899.6,-0.05,0.1,0.0,0.05,0.95,2.2,2.0,0.0,1.0,2.0,0.0,0.0,0.0,0.0,0.0,0.0,0.0,0.0,0.0,0.0,1.0,1.0,0.1,0.16666666666666666,-0.3333333333333333,0.6666666666666666,0.22727272727272727,-0.36363636363636365,0.7272727272727273,0.0,0.3333333333333333,0.6666666666666666,0.05615307576838429,28.31142857142857,0,0,1,0.0,0.0,0.0,0.0,0.0,0.0,1.0,1.0,0.3333333333333333,0.5773502691896257,1.0,0.0,0.0,0.6666666666666666,0.577350269189626,7.0,5.0,7.0,10.666666666666666,8.144527815247073,3.0,0.0,0.0,2.0,1.732050807568876,0.42857142857142855,0.0,0.0,0.19285714285714292,0.21747624782340433,0.2857142857142857,0.0,0.0,0.13190476190476186,0.14411116268660207,-0.1285714285714286,0.0,0.0,-0.03452380952380953,0.0824012499079632,-0.3,0.0,0.0,-0.044444444444444516,0.23648662948658686,-0.305,0.0,0.0,-0.02590909090909102,0.2670805586211557,-0.2857142857142857,0.0,0.0,-0.1119047619047619,0.1525854282858297,-0.6666666666666666,0.0,0.0,-0.3333333333333333,0.3333333333333332,-0.7,0.0,0.0,-0.35454545454545466,0.35008853661763095,0.7142857142857143,0.0,0.0,0.2714285714285715,0.38677103916231126,1.6666666666666667,0.0,0.0,0.7777777777777777,0.838870492807855,1.7499999999999998,0.0,0.0,0.8257575757575757,0.8791470008114745,0.0,0.0,0.0,0.0,0.0,0.0,0.0,0.0,0.0,0.0,0.2857142857142857,0.0,0.0,0.11190476190476194,0.15258542828582983,0.6666666666666666,0.0,0.0,0.33333333333333326,0.3333333333333328,-1.1250000000000093,80.0,-2.5578562728379994,81.39999999999999,1.2124355652986758,-175.95103069072366,-0.07393326365384345,3929.06458913411,-10.332554106025182,31.573809523809523,2.6638796222006267,0.0,medium,low,-1.0,1,0,0
2003-10-01,79.1,40.0,0.0,0.0,30.575,0.0,0.0,0.0,0.0,0.0,0.0,0.0,0.0,0.0,0.0,0.0,0.0,1.0,0.0,0.0,0.0,0.0,0.0,0.0,0.0,0.0,0.0,0.0,0.0,0.0,0.0,0.0,0.0,0.0,0.0,0.0,0.0,19.0,0.35789473684210527,-0.036842105263157884,0.2631578947368421,0.47368421052631576,9.0,4096.9473684210525,4092.4736842105262,-0.21052631578947367,0.5263157894736842,0.0,0.21052631578947367,0.7894736842105263,6.8,9.0,0.0,4.0,5.0,0.0,0.0,0.0,0.0,1.0,1.0,0.0,0.0,0.0,0.0,3.0,3.0,0.47368421052631576,-0.07777777777777777,-0.4444444444444444,1.1111111111111112,-0.06470588235294117,-0.4558823529411765,1.1323529411764706,0.0,0.4444444444444444,0.5555555555555556,-0.2776732143288667,30.338260869565215,0,0,1,0.0,0.0,0.0,0.0,0.0,0.0,0.0,1.0,0.0,0.0,1.0,1.0,0.0,1.0,0.0,20.0,7.0,5.0,15.333333333333334,7.2341781380702335,3.0,3.0,0.0,5.0,3.4641016151377526,0.15,0.42857142857142855,0.0,0.3507518796992482,0.17531337278146594,0.11000000000000001,0.2857142857142857,0.0,0.25120300751879693,0.1274998877666916,0.025,-0.1285714285714286,0.0,-0.04680451127819549,0.07726890104416999,0.16666666666666666,-0.3,0.0,-0.07037037037037043,0.23342150009761142,0.22727272727272727,-0.305,0.0,-0.04747771836007141,0.26655425578202807,-0.05,-0.2857142857142857,0.0,-0.1820802005012531,0.120404286587696,-0.3333333333333333,-0.6666666666666666,0.0,-0.48148148148148145,0.16972502573910506,-0.36363636363636365,-0.7,0.0,-0.5065062388591801,0.1738022075119342,0.1,0.7142857142857143,0.0,0.4468671679197995,0.31475513862999455,0.6666666666666666,1.6666666666666667,0.0,1.1481481481481481,0.5010277503136467,0.7272727272727273,1.7499999999999998,0.0,1.2032085561497325,0.5150321904745069,0.0,0.0,0.0,0.0,0.0,0.0,0.0,0.0,0.0,0.0,0.05,0.2857142857142857,0.0,0.18208020050125318,0.12040428658769621,0.3333333333333333,0.6666666666666666,0.0,0.4814814814814814,0.16972502573910472,0.0,79.1,-1.1250000000000093,80.39999999999999,1.5394804318344122,-594.4933301146154,0.05615307576838429,-175.95103069072366,7.159060493973413,28.31142857142857,-10.332554106025182,0.25284450063212116,high,medium,0.0,0,1,0
2003-11-01,79.3,31.0,0.0,0.0,29.451612903225808,0.0,0.0,0.0,0.0,0.0,0.0,0.0,0.0,0.0,0.0,0.0,0.0,1.0,0.0,0.0,0.0,0.0,0.0,0.0,0.0,0.0,0.0,0.0,0.0,0.0,0.0,0.0,0.0,0.0,0.0,0.0,0.0,19.0,0.12105263157894736,-0.02631578947368421,0.10526315789473684,0.21052631578947367,4.0,4010.6315789473683,4010.6315789473683,0.10526315789473684,0.2631578947368421,0.10526315789473684,0.0,0.8947368421052632,2.3,3.0,2.0,0.0,2.0,0.0,0.0,0.0,0.0,0.0,0.0,2.0,2.0,0.0,0.0,0.0,0.0,0.15789473684210525,-0.125,0.5,1.25,-0.08695652173913045,0.6086956521739131,1.5217391304347825,0.5,0.0,0.5,-0.4179250016978035,31.108333333333334,0,0,1,0.0,0.0,0.0,0.0,0.0,0.0,0.0,0.0,0.0,0.0,1.0,1.0,1.0,1.0,0.0,19.0,20.0,7.0,19.333333333333332,0.5773502691896313,9.0,3.0,3.0,5.333333333333333,3.2145502536643162,0.47368421052631576,0.15,0.42857142857142855,0.2780701754385965,0.17208863056063944,0.35789473684210527,0.11000000000000001,0.2857142857142857,0.19631578947368414,0.14004055605688012,-0.036842105263157884,0.025,-0.1285714285714286,-0.012719298245614031,0.03308715651323286,-0.07777777777777777,0.16666666666666666,-0.3,-0.012037037037037105,0.1565526903504612,-0.06470588235294117,0.22727272727272727,-0.305,0.025203441060218438,0.17535042076111007,-0.21052631578947367,-0.05,-0.2857142857142857,-0.051754385964912275,0.15790204661442198,-0.4444444444444444,-0.3333333333333333,-0.6666666666666666,-0.0925925925925926,0.5161985135098649,-0.4558823529411765,-0.36363636363636365,-0.7,-0.0702743548012091,0.5898114388637726,0.5263157894736842,0.1,0.7142857142857143,0.29649122807017547,0.21510374571814464,1.1111111111111112,0.6666666666666666,1.6666666666666667,1.0092592592592593,0.3047126420722876,1.1323529411764706,0.7272727272727273,1.7499999999999998,1.1271215996279935,0.39725903594394063,0.0,0.0,0.0,0.03508771929824561,0.060773712546276434,0.0,0.0,0.0,0.16666666666666666,0.28867513459481287,0.21052631578947367,0.05,0.2857142857142857,0.08684210526315793,0.10999244496845481,0.4444444444444444,0.3333333333333333,0.6666666666666666,0.25925925925925913,0.23129622216290271,0.25284450063212116,79.1,0.0,79.39999999999999,0.5196152422716418,50.50965672289418,-0.2776732143288667,-594.4933301146154,2.5382880946239084,30.338260869565215,7.159060493973413,-1.134930643127352,low,high,1.0,0,0,1
2003-12-01,78.4,28.0,0.0,0.0,30.142857142857142,0.0,0.0,0.0,0.0,0.0,0.0,0.0,0.0,0.0,0.0,0.0,0.0,1.0,0.0,0.0,0.0,0.0,0.0,0.0,0.0,0.0,0.0,0.0,0.0,0.0,0.0,0.0,0.0,0.0,0.0,0.0,0.0,16.0,0.05,0.0375,0.0,0.0625,1.0,5327.1875,5204.625,-0.0625,0.125,0.0,0.0625,0.9375,0.8,1.0,0.0,1.0,0.0,0.0,0.0,0.0,0.0,1.0,1.0,0.0,0.0,0.0,0.0,0.0,0.0,0.0625,0.6,-1.0,2.0,0.6,-1.0,2.0,0.0,1.0,0.0,-0.37021531978733446,32.12904761904762,0,0,1,0.0,0.0,0.0,0.0,0.0,0.0,0.0,0.0,0.0,0.0,1.0,1.0,1.0,1.0,0.0,19.0,19.0,20.0,18.0,1.732050807568879,4.0,9.0,3.0,4.666666666666667,4.041451884327379,0.21052631578947367,0.47368421052631576,0.15,0.2489035087719299,0.20826118325901916,0.12105263157894736,0.35789473684210527,0.11000000000000001,0.17631578947368418,0.16121508834206938,-0.02631578947368421,-0.036842105263157884,0.025,-0.008552631578947366,0.04022852827950182,-0.125,-0.07777777777777777,0.16666666666666666,0.13240740740740733,0.405634822289086,-0.08695652173913045,-0.06470588235294117,0.22727272727272727,0.14944586530264267,0.39034989939532083,0.10526315789473684,-0.21052631578947367,-0.05,-0.05592105263157895,0.15799749945424774,0.5,-0.4444444444444444,-0.3333333333333333,-0.3148148148148148,0.7583553788682693,0.6086956521739131,-0.4558823529411765,-0.36363636363636365,-0.28239556692242124,0.8182595395246858,0.2631578947368421,0.5263157894736842,0.1,0.30482456140350883,0.20387661477853508,1.25,1.1111111111111112,0.6666666666666666,1.4537037037037035,0.47817597532130246,1.5217391304347825,1.1323529411764706,0.7272727272727273,1.5513640238704178,0.4345815003018221,0.10526315789473684,0.0,0.0,0.03508771929824561,0.060773712546276434,0.5,0.0,0.0,0.16666666666666666,0.28867513459481287,0.0,0.21052631578947367,0.05,0.0910087719298246,0.10811981764543639,0.0,0.4444444444444444,0.3333333333333333,0.4814814814814814,0.5010277503136548,-1.134930643127352,79.3,0.25284450063212116,79.16666666666667,0.11547005384225825,-11.415847751785702,-0.4179250016978035,50.50965672289418,3.2811603076805307,31.108333333333334,2.5382880946239084,-0.8928571428571508,low,low,-1.0,1,0,0
2004-01-01,77.7,36.0,0.0,0.0,29.77777777777778,0.0,0.0,0.0,0.0,0.0,0.0,0.0,0.0,0.0,0.0,0.0,0.0,1.0,0.0,0.0,0.0,0.0,0.0,0.0,0.0,0.0,0.0,0.0,0.0,0.0,0.0,0.0,0.0,0.0,0.0,0.0,0.0,11.0,0.2636363636363636,0.0818181818181818,0.09090909090909091,0.36363636363636365,4.0,4704.545454545455,4590.363636363636,0.09090909090909091,0.2727272727272727,0.09090909090909091,0.0,0.9090909090909091,2.9,3.0,1.0,0.0,3.0,1.0,1.0,0.0,0.0,0.0,0.0,0.0,0.0,0.0,0.0,0.0,0.0,0.2727272727272727,0.22499999999999998,0.25,0.75,0.19310344827586207,0.27586206896551724,0.8275862068965518,0.25,0.0,0.75,-0.5069899678235827,34.31,0,0,1,0.0,0.0,0.0,0.0,0.0,0.0,0.0,0.0,0.0,0.0,1.0,1.0,1.0,1.0,0.0,16.0,19.0,19.0,15.333333333333334,4.0414518843273814,1.0,4.0,9.0,3.0,1.7320508075688756,0.0625,0.21052631578947367,0.47368421052631576,0.21222089314194584,0.15057533353884872,0.05,0.12105263157894736,0.35789473684210527,0.14489633173843694,0.10879575127234438,0.0375,-0.02631578947368421,-0.036842105263157884,0.031000797448165862,0.054359163553120565,0.6,-0.125,-0.07777777777777777,0.23333333333333325,0.3625718319634522,0.6,-0.08695652173913045,-0.06470588235294117,0.2353823088455771,0.34542429304883365,-0.0625,0.10526315789473684,-0.21052631578947367,0.044557416267942594,0.09299181465716626,-1.0,0.5,-0.4444444444444444,-0.08333333333333333,0.8036375634160796,-1.0,0.6086956521739131,-0.4558823529411765,-0.038480759620189965,0.8491666419162143,0.125,0.2631578947368421,0.5263157894736842,0.22029505582137165,0.0826665228298611,2.0,1.25,1.1111111111111112,1.3333333333333333,0.6291528696058899,2.0,1.5217391304347825,1.1323529411764706,1.4497751124437779,0.5895105092183335,0.0,0.10526315789473684,0.0,0.06539074960127592,0.057083030839468245,0.0,0.5,0.0,0.25,0.24999999999999992,0.0625,0.0,0.21052631578947367,0.02083333333333337,0.03608439182435244,1.0,0.0,0.4444444444444444,0.33333333333333326,0.5773502691896255,-0.8928571428571508,78.4,-1.134930643127352,78.93333333333332,0.4725815626262961,36.944621339499605,-0.37021531978733446,-11.415847751785702,6.788101554742054,32.12904761904762,3.2811603076805307,0.9009009009009139,high,low,-1.0,1,0,0
2004-02-01,78.4,20.0,0.0,0.0,31.95,0.0,0.0,0.0,0.0,0.0,0.0,0.0,0.0,0.0,0.0,0.0,0.0,1.0,0.0,0.0,0.0,0.0,0.0,0.0,0.0,0.0,0.0,0.0,0.0,0.0,0.0,0.0,0.0,0.0,0.0,0.0,0.0,5.0,0.13999999999999999,0.06,0.0,0.2,1.0,3300.6,3300.6,-0.2,0.4,0.0,0.2,0.8,0.7,1.0,0.0,1.0,0.0,0.0,0.0,0.0,0.0,0.0,0.0,0.0,0.0,0.0,0.0,1.0,1.0,0.2,0.3,-1.0,2.0,0.3,-1.0,2.0,0.0,1.0,0.0,-0.38183619859075857,34.68473684210526,0,0,1,0.0,0.0,0.0,0.0,0.0,0.0,0.0,0.0,0.0,0.0,1.0,1.0,1.0,1.0,0.0,11.0,16.0,19.0,10.666666666666666,5.507570547286103,4.0,1.0,4.0,2.0,1.7320508075688767,0.36363636363636365,0.0625,0.21052631578947367,0.20871212121212132,0.1507570998926549,0.2636363636363636,0.05,0.12105263157894736,0.15121212121212116,0.10725860204896653,0.0818181818181818,0.0375,-0.02631578947368421,0.059772727272727276,0.022159965017726057,0.22499999999999998,0.6,-0.125,0.37499999999999994,0.1984313483298457,0.19310344827586207,0.6,-0.08695652173913045,0.3643678160919539,0.21094694300364888,0.09090909090909091,-0.0625,0.10526315789473684,-0.05719696969696969,0.14552702976143153,0.25,-1.0,0.5,-0.5833333333333334,0.7216878364870323,0.27586206896551724,-1.0,0.6086956521739131,-0.574712643678161,0.7366193089660742,0.2727272727272727,0.125,0.2631578947368421,0.265909090909091,0.1376267259745708,0.75,2.0,1.25,1.5833333333333333,0.7216878364870281,0.8275862068965518,2.0,1.5217391304347825,1.6091954022988506,0.6768934190499043,0.09090909090909091,0.0,0.10526315789473684,0.030303030303030304,0.05248638810814785,0.25,0.0,0.5,0.08333333333333333,0.14433756729740657,0.0,0.0625,0.0,0.08750000000000004,0.10231690964840591,0.0,1.0,0.0,0.6666666666666666,0.5773502691896258,0.9009009009009139,77.7,-0.8928571428571508,78.46666666666665,0.802080627701652,-24.685650047492448,-0.5069899678235827,36.944621339499605,1.0922088082345072,34.31,6.788101554742054,-0.3826530612245027,low,high,1.0,0,0,1
2004-03-01,78.1,17.0,0.0,0.0,30.058823529411764,0.0,0.0,0.0,0.0,0.0,0.0,0.0,0.0,0.0,0.0,0.0,0.0,1.0,0.0,0.0,0.0,0.0,0.0,0.0,0.0,0.0,0.0,0.0,0.0,0.0,0.0,0.0,0.0,0.0,0.0,0.0,0.0,8.0,0.075,0.0375,0.0,0.125,1.0,4275.125,4275.125,-0.125,0.25,0.0,0.125,0.875,0.6,0.0,0.0,1.0,0.0,0.0,0.0,0.0,0.0,1.0,1.0,0.0,0.0,0.0,0.0,0.0,0.0,0.0,0.3,-1.0,2.0,0.3,-1.0,2.0,0.0,1.0,0.0,-0.013715658954869843,36.74130434782609,0,0,1,0.0,0.0,0.0,0.0,0.0,0.0,0.0,0.0,0.0,0.0,1.0,1.0,1.0,1.0,0.0,5.0,11.0,16.0,8.0,3.0000000000000013,1.0,4.0,1.0,2.0,1.7320508075688767,0.2,0.36363636363636365,0.0625,0.22954545454545464,0.12203085235144304,0.13999999999999999,0.2636363636363636,0.05,0.1595454545454545,0.09582503856784444,0.06,0.0818181818181818,0.0375,0.05977272727272726,0.022159965017726053,0.3,0.22499999999999998,0.6,0.2749999999999999,0.04330127018922801,0.3,0.19310344827586207,0.6,0.26436781609195387,0.06171675291337703,-0.2,0.09090909090909091,-0.0625,-0.07803030303030302,0.15103522476050846,-1.0,0.25,-1.0,-0.5833333333333334,0.7216878364870323,-1.0,0.27586206896551724,-1.0,-0.574712643678161,0.7366193089660742,0.4,0.2727272727272727,0.125,0.30757575757575767,0.08084437316335973,2.0,0.75,2.0,1.5833333333333333,0.7216878364870281,2.0,0.8275862068965518,2.0,1.6091954022988506,0.6768934190499043,0.0,0.09090909090909091,0.0,0.030303030303030304,0.05248638810814785,0.0,0.25,0.0,0.08333333333333333,0.14433756729740657,0.2,0.0,0.0625,0.10833333333333338,0.10103629710818479,1.0,0.0,1.0,0.6666666666666666,0.5773502691896258,-0.3826530612245027,78.4,0.9009009009009139,78.16666666666667,0.40414518843387776,-96.40797310325993,-0.38183619859075857,-24.685650047492448,5.929315580749273,34.68473684210526,1.0922088082345072,0.8962868117797784,high,low,-1.0,1,0,0
2004-04-01,78.8,29.0,0.0,0.0,29.06896551724138,0.0,0.0,0.0,0.0,0.0,0.0,0.0,0.0,0.0,0.0,0.0,0.0,1.0,0.0,0.0,0.0,0.0,0.0,0.0,0.0,0.0,0.0,0.0,0.0,0.0,0.0,0.0,0.0,0.0,0.0,0.0,0.0,11.0,0.34545454545454546,-0.05454545454545454,0.2727272727272727,0.45454545454545453,5.0,3737.090909090909,3737.090909090909,-0.09090909090909091,0.2727272727272727,0.0,0.09090909090909091,0.9090909090909091,3.8,5.0,0.0,1.0,4.0,0.0,0.0,0.0,0.0,0.0,0.0,0.0,0.0,0.0,0.0,1.0,1.0,0.45454545454545453,-0.12,-0.2,0.6,-0.13947368421052633,-0.2105263157894737,0.6315789473684211,0.0,0.2,0.8,0.404019707457029,36.75,0,0,1,0.0,0.0,0.0,0.0,0.0,0.0,0.0,0.0,0.0,0.0,1.0,1.0,1.0,1.0,0.0,8.0,5.0,11.0,8.0,3.0000000000000013,1.0,1.0,4.0,2.3333333333333335,2.309401076758502,0.125,0.2,0.36363636363636365,0.25984848484848494,0.1727322567064036,0.075,0.13999999999999999,0.2636363636363636,0.18681818181818177,0.14117496910155997,0.0375,0.06,0.0818181818181818,0.014318181818181822,0.06068947857674681,0.3,0.3,0.22499999999999998,0.15999999999999995,0.24248711305964377,0.3,0.3,0.19310344827586207,0.15350877192982446,0.2537302498807046,-0.125,-0.2,0.09090909090909091,-0.13863636363636364,0.05580922344458494,-1.0,-1.0,0.25,-0.7333333333333334,0.4618802153517007,-1.0,-1.0,0.27586206896551724,-0.7368421052631581,0.45580284409707306,0.25,0.4,0.2727272727272727,0.30757575757575767,0.08084437316335973,2.0,2.0,0.75,1.5333333333333332,0.8082903768654722,2.0,2.0,0.8275862068965518,1.5438596491228072,0.7900582631015917,0.0,0.0,0.09090909090909091,0.0,0.0,0.0,0.0,0.25,0.0,0.0,0.125,0.2,0.0,0.13863636363636367,0.05580922344458539,1.0,1.0,0.0,0.7333333333333333,0.4618802153517008,0.8962868117797784,78.1,-0.3826530612245027,78.06666666666666,0.35118845842972224,-3045.6820761322506,-0.013715658954869843,-96.40797310325993,0.023667238624924813,36.74130434782609,5.929315580749273,-0.6345177664974666,low,high,1.0,0,0,1
2004-05-01,78.3,23.0,0.0,0.0,38.04347826086956,0.0,0.0,0.0,0.0,0.0,0.0,0.0,0.0,0.0,0.0,0.0,0.0,1.0,0.0,0.0,0.0,0.0,0.0,0.0,0.0,0.0,0.0,0.0,0.0,0.0,0.0,0.0,0.0,0.0,0.0,0.0,0.0,15.0,0.24666666666666667,-0.020000000000000004,0.2,0.3333333333333333,5.0,4017.733333333333,4017.733333333333,0.06666666666666667,0.4666666666666667,0.13333333333333333,0.06666666666666667,0.8,3.7,5.0,2.0,1.0,2.0,0.0,0.0,0.0,0.0,0.0,0.0,2.0,2.0,0.0,0.0,1.0,1.0,0.3333333333333333,-0.06000000000000001,0.2,1.4,-0.07837837837837838,0.24324324324324326,1.4594594594594594,0.4,0.2,0.4,0.3514915415047519,40.275,0,0,1,0.0,0.0,0.0,0.0,0.0,0.0,0.0,0.0,0.0,0.0,1.0,1.0,1.0,1.0,0.0,11.0,8.0,5.0,11.333333333333334,3.5118845842842488,5.0,1.0,1.0,3.6666666666666665,2.3094010767585007,0.45454545454545453,0.125,0.2,0.30429292929292934,0.1666810140748336,0.34545454545454546,0.075,0.13999999999999999,0.22237373737373733,0.13685402843716227,-0.05454545454545454,0.0375,0.06,-0.012348484848484845,0.046497319156111376,-0.12,0.3,0.3,0.03999999999999994,0.2271563338320118,-0.13947368421052633,0.3,0.3,0.027382645803698313,0.23806160012783453,-0.09090909090909091,-0.125,-0.2,-0.04974747474747474,0.10224840713456103,-0.2,-1.0,-1.0,-0.3333333333333333,0.6110100926607787,-0.2105263157894737,-1.0,-1.0,-0.3224276908487436,0.6291302558076594,0.2727272727272727,0.25,0.4,0.32979797979797987,0.11907522964611153,0.6,2.0,2.0,1.3333333333333333,0.7023769168568441,0.6315789473684211,2.0,2.0,1.363679468942627,0.6892201384600432,0.0,0.0,0.0,0.044444444444444446,0.07698003589195013,0.0,0.0,0.0,0.13333333333333333,0.23094010767585035,0.09090909090909091,0.125,0.2,0.09419191919191923,0.02930490002705019,0.2,1.0,1.0,0.4666666666666666,0.4618802153517005,-0.6345177664974666,78.8,0.8962868117797784,78.43333333333334,0.35118845842977975,-13.001387056809321,0.404019707457029,-3045.6820761322506,9.591836734693882,36.75,0.023667238624924813,0.25542784163474774,high,low,-1.0,1,0,0
2004-06-01,78.5,29.0,0.0,0.0,33.44827586206897,0.0,0.0,0.0,0.0,0.0,0.0,0.0,0.0,0.0,0.0,0.0,0.0,1.0,0.0,0.0,0.0,0.0,0.0,0.0,0.0,0.0,0.0,0.0,0.0,0.0,0.0,0.0,0.0,0.0,0.0,0.0,0.0,10.0,0.0,0.0,0.0,0.0,0.0,4364.1,4364.1,0.0,0.0,0.0,0.0,1.0,0.0,0.0,0.0,0.0,0.0,0.0,0.0,0.0,0.0,0.0,0.0,0.0,0.0,0.0,0.0,0.0,0.0,0.0,0.0,0.0,0.0,0.0,0.0,0.0,0.0,0.0,0.0,0.4081592489740177,38.025238095238095,0,1,0,0.0,0.0,0.0,0.0,0.0,0.0,0.0,0.0,0.3333333333333333,0.5773502691896257,1.0,1.0,1.0,0.6666666666666666,0.5773502691896261,15.0,11.0,8.0,12.0,2.6457513110645943,5.0,5.0,1.0,3.3333333333333335,2.8867513459481273,0.3333333333333333,0.45454545454545453,0.125,0.2626262626262627,0.23537737773194,0.24666666666666667,0.34545454545454546,0.075,0.19737373737373734,0.1779242968301685,-0.020000000000000004,-0.05454545454545454,0.0375,-0.024848484848484842,0.027594066515957676,-0.06000000000000001,-0.12,0.3,-0.06000000000000005,0.06000000000000283,-0.07837837837837838,-0.13947368421052633,0.3,-0.07261735419630168,0.06991508561486905,0.06666666666666667,-0.09090909090909091,-0.125,-0.008080808080808072,0.07909806848667436,0.2,-0.2,-1.0,0.0,0.19999999999999962,0.24324324324324326,-0.2105263157894737,-1.0,0.010905642484589704,0.22708126949329752,0.4666666666666667,0.2727272727272727,0.25,0.24646464646464653,0.23443920021639406,1.4,0.6,2.0,0.6666666666666665,0.7023769168568418,1.4594594594594594,0.6315789473684211,2.0,0.6970128022759602,0.7319266838129824,0.13333333333333333,0.0,0.0,0.044444444444444446,0.07698003589195013,0.4,0.0,0.0,0.13333333333333333,0.23094010767585035,0.06666666666666667,0.09090909090909091,0.125,0.052525252525252565,0.04707547554638871,0.2,0.2,1.0,0.13333333333333328,0.11547005383792279,0.25542784163474774,78.3,-0.6345177664974666,78.39999999999999,0.3605551275477125,16.12206860701928,0.3514915415047519,-13.001387056809321,-5.586001004995412,40.275,9.591836734693882,0.0,medium,high,1.0,0,0,1
2004-07-01,78.5,22.0,0.0,0.0,34.27272727272727,0.0,0.0,0.0,0.0,0.0,0.0,0.0,0.0,0.0,0.0,0.0,0.0,1.0,0.0,0.0,0.0,0.0,0.0,0.0,0.0,0.0,0.0,0.0,0.0,0.0,0.0,0.0,0.0,0.0,0.0,0.0,0.0,10.0,0.0,0.0,0.0,0.0,0.0,4297.5,4297.5,0.0,0.0,0.0,0.0,1.0,0.0,0.0,0.0,0.0,0.0,0.0,0.0,0.0,0.0,0.0,0.0,0.0,0.0,0.0,0.0,0.0,0.0,0.0,0.0,0.0,0.0,0.0,0.0,0.0,0.0,0.0,0.0,-0.46679252366823826,40.77809523809524,0,1,0,0.0,0.0,0.0,0.0,0.0,1.0,0.0,0.0,0.6666666666666666,0.5773502691896258,0.0,1.0,1.0,0.3333333333333333,0.5773502691896261,10.0,15.0,11.0,11.666666666666666,2.8867513459481318,0.0,5.0,5.0,1.6666666666666667,2.8867513459481287,0.0,0.3333333333333333,0.45454545454545453,0.11111111111111117,0.19245008972987485,0.0,0.24666666666666667,0.34545454545454546,0.08222222222222218,0.14241306640010734,0.0,-0.020000000000000004,-0.05454545454545454,-0.006666666666666664,0.01154700538379464,0.0,-0.06000000000000001,-0.12,-0.020000000000000056,0.034641016151382764,0.0,-0.07837837837837838,-0.13947368421052633,-0.026126126126126237,0.04525177785540567,0.0,0.06666666666666667,-0.09090909090909091,0.02222222222222223,0.03849001794597513,0.0,0.2,-0.2,0.06666666666666667,0.1154700538379244,0.0,0.24324324324324326,-0.2105263157894737,0.08108108108108093,0.1404365519650431,0.0,0.4666666666666667,0.2727272727272727,0.15555555555555564,0.2694301256218259,0.0,1.4,0.6,0.4666666666666665,0.8082903768654689,0.0,1.4594594594594594,0.6315789473684211,0.4864864864864864,0.8426193117902646,0.0,0.13333333333333333,0.0,0.044444444444444446,0.07698003589195013,0.0,0.4,0.0,0.13333333333333333,0.23094010767585035,0.0,0.06666666666666667,0.09090909090909091,0.022222222222222258,0.038490017945975875,0.0,0.2,0.2,0.0666666666666666,0.11547005383792242,0.0,78.5,0.25542784163474774,78.53333333333335,0.25166114784427634,-214.3652936547698,0.4081592489740177,16.12206860701928,7.239552678045924,38.025238095238095,-5.586001004995412,-0.2547770700636942,low,medium,0.0,0,1,0
2004-08-01,78.3,17.0,0.0,0.0,34.8235294117647,0.0,0.0,0.0,0.0,0.0,0.0,0.0,0.0,0.0,0.0,0.0,0.0,1.0,0.0,0.0,0.0,0.0,0.0,0.0,0.0,0.0,0.0,0.0,0.0,0.0,0.0,0.0,0.0,0.0,0.0,0.0,0.0,14.0,0.02142857142857143,-0.014285714285714287,0.07142857142857142,0.07142857142857142,1.0,3360.5,3360.5,-0.07142857142857142,0.07142857142857142,0.0,0.07142857142857142,0.9285714285714286,0.3,0.0,0.0,1.0,0.0,0.0,0.0,0.0,0.0,0.0,0.0,0.0,0.0,0.0,0.0,1.0,1.0,0.0,-0.2,-1.0,1.0,-0.2,-1.0,1.0,0.0,1.0,0.0,0.07117480446291924,44.90318181818182,0,0,1,0.0,0.0,0.0,0.0,0.0,1.0,1.0,0.0,0.6666666666666666,0.5773502691896258,0.0,0.0,1.0,0.3333333333333333,0.5773502691896261,10.0,10.0,15.0,11.333333333333334,2.3094010767585065,0.0,0.0,5.0,0.3333333333333333,0.5773502691896306,0.0,0.0,0.3333333333333333,0.02380952380952388,0.04123930494211397,0.0,0.0,0.24666666666666667,0.007142857142857106,0.012371791482629303,0.0,0.0,-0.020000000000000004,-0.004761904761904758,0.008247860988426226,0.0,0.0,-0.06000000000000001,-0.06666666666666672,0.11547005383792662,0.0,0.0,-0.07837837837837838,-0.06666666666666678,0.11547005383792608,0.0,0.0,0.06666666666666667,-0.023809523809523798,0.04123930494211621,0.0,0.0,0.2,-0.3333333333333333,0.5773502691896257,0.0,0.0,0.24324324324324326,-0.3333333333333335,0.5773502691896256,0.0,0.0,0.4666666666666667,0.02380952380952388,0.04123930494212022,0.0,0.0,1.4,0.3333333333333332,0.5773502691896153,0.0,0.0,1.4594594594594594,0.3333333333333333,0.5773502691896261,0.0,0.0,0.13333333333333333,0.0,0.0,0.0,0.0,0.4,0.0,0.0,0.0,0.0,0.06666666666666667,0.023809523809523846,0.041239304942116896,0.0,0.0,0.2,0.33333333333333326,0.5773502691896255,-0.2547770700636942,78.5,0.0,78.43333333333334,0.11547005384205097,-115.2476316252025,-0.46679252366823826,-214.3652936547698,10.115937382560446,40.77809523809524,7.239552678045924,-0.12771392081736277,medium,low,-1.0,1,0,0
2004-09-01,78.2,30.0,0.0,0.0,26.466666666666665,0.0,0.0,0.0,0.0,0.0,0.0,0.0,0.0,0.0,0.0,0.0,0.0,1.0,0.0,0.0,0.0,0.0,0.0,0.0,0.0,0.0,0.0,0.0,0.0,0.0,0.0,0.0,0.0,0.0,0.0,0.0,0.0,12.0,0.0,0.0,0.0,0.0,0.0,8573.833333333334,7029.833333333333,0.0,0.0,0.0,0.0,1.0,0.0,0.0,0.0,0.0,0.0,0.0,0.0,0.0,0.0,0.0,0.0,0.0,0.0,0.0,0.0,0.0,0.0,0.0,0.0,0.0,0.0,0.0,0.0,0.0,0.0,0.0,0.0,-0.02348714537880234,45.93571428571428,0,1,0,0.0,0.0,0.0,0.0,0.0,0.0,1.0,1.0,0.6666666666666666,0.5773502691896258,1.0,0.0,0.0,0.3333333333333333,0.5773502691896261,14.0,10.0,10.0,12.0,2.0000000000000053,1.0,0.0,0.0,0.3333333333333333,0.5773502691896306,0.07142857142857142,0.0,0.0,0.02380952380952388,0.04123930494211397,0.02142857142857143,0.0,0.0,0.007142857142857106,0.012371791482629303,-0.014285714285714287,0.0,0.0,-0.004761904761904758,0.008247860988426226,-0.2,0.0,0.0,-0.06666666666666672,0.11547005383792662,-0.2,0.0,0.0,-0.06666666666666678,0.11547005383792608,-0.07142857142857142,0.0,0.0,-0.023809523809523798,0.04123930494211621,-1.0,0.0,0.0,-0.3333333333333333,0.5773502691896257,-1.0,0.0,0.0,-0.3333333333333335,0.5773502691896256,0.07142857142857142,0.0,0.0,0.02380952380952388,0.04123930494212022,1.0,0.0,0.0,0.3333333333333332,0.5773502691896153,1.0,0.0,0.0,0.3333333333333333,0.5773502691896261,0.0,0.0,0.0,0.0,0.0,0.0,0.0,0.0,0.0,0.0,0.07142857142857142,0.0,0.0,0.023809523809523846,0.041239304942116896,1.0,0.0,0.0,0.33333333333333326,0.5773502691896255,-0.12771392081736277,78.3,-0.2547770700636942,78.43333333333332,0.11547005384205097,-132.9992411725398,0.07117480446291924,-115.2476316252025,2.2994639259937166,44.90318181818182,10.115937382560446,0.12787723785165905,high,medium,0.0,0,1,0
2004-10-01,78.3,22.0,0.0,0.0,30.59090909090909,0.0,0.0,0.0,0.0,0.0,0.0,0.0,0.0,0.0,0.0,0.0,0.0,1.0,0.0,0.0,0.0,0.0,0.0,0.0,0.0,0.0,0.0,0.0,0.0,0.0,0.0,0.0,0.0,0.0,0.0,0.0,0.0,12.0,0.13749999999999998,-0.09166666666666667,0.16666666666666666,0.16666666666666666,2.0,4635.916666666667,4635.916666666667,-0.16666666666666666,0.5,0.0,0.16666666666666666,0.8333333333333334,1.65,2.0,0.0,2.0,0.0,0.0,0.0,0.0,0.0,1.0,1.0,0.0,0.0,0.0,0.0,1.0,1.0,0.16666666666666666,-0.55,-1.0,3.0,-0.5515151515151515,-1.0,3.0000000000000004,0.0,1.0,0.0,-0.6220488167979025,53.28047619047619,0,0,1,0.0,0.0,0.0,0.0,0.0,1.0,0.0,1.0,0.3333333333333333,0.5773502691896257,0.0,1.0,0.0,0.6666666666666666,0.5773502691896261,12.0,14.0,10.0,12.666666666666666,1.1547005383792626,0.0,1.0,0.0,1.0,1.000000000000001,0.0,0.07142857142857142,0.0,0.07936507936507943,0.0836162996258144,0.0,0.02142857142857143,0.0,0.052976190476190434,0.07397973844695693,0.0,-0.014285714285714287,0.0,-0.03531746031746032,0.04931982563130557,0.0,-0.2,0.0,-0.25000000000000006,0.27838821814150155,0.0,-0.2,0.0,-0.2505050505050506,0.2792047827000525,0.0,-0.07142857142857142,0.0,-0.07936507936507935,0.08361629962581543,0.0,-1.0,0.0,-0.6666666666666666,0.5773502691896258,0.0,-1.0,0.0,-0.6666666666666669,0.5773502691896258,0.0,0.07142857142857142,0.0,0.19047619047619055,0.2704242069428707,0.0,1.0,0.0,1.3333333333333333,1.5275252316519443,0.0,1.0,0.0,1.3333333333333333,1.527525231651946,0.0,0.0,0.0,0.0,0.0,0.0,0.0,0.0,0.0,0.0,0.0,0.07142857142857142,0.0,0.0793650793650794,0.08361629962581575,0.0,1.0,0.0,0.6666666666666666,0.577350269189626,0.12787723785165905,78.2,-0.12771392081736277,78.33333333333333,0.15275252316827798,2548.4649656884867,-0.02348714537880234,-132.9992411725398,15.98921888767948,45.93571428571428,2.2994639259937166,-0.3831417624520994,low,high,1.0,0,0,1
2004-11-01,78.0,27.0,0.0,0.0,30.444444444444443,0.0,0.0,0.0,0.0,0.0,0.0,0.0,0.0,0.0,0.0,0.0,0.0,1.0,0.0,0.0,0.0,0.0,0.0,0.0,0.0,0.0,0.0,0.0,0.0,0.0,0.0,0.0,0.0,0.0,0.0,0.0,0.0,13.0,0.13076923076923078,-0.06923076923076923,0.23076923076923078,0.23076923076923078,3.0,4842.384615384615,4606.7692307692305,-0.15384615384615385,0.38461538461538464,0.0,0.15384615384615385,0.8461538461538461,1.7,2.0,0.0,2.0,1.0,0.0,0.0,0.0,0.0,0.0,0.0,0.0,0.0,0.0,0.0,2.0,2.0,0.15384615384615385,-0.3,-0.6666666666666666,1.6666666666666667,-0.37647058823529406,-0.8823529411764706,2.235294117647059,0.0,0.6666666666666666,0.3333333333333333,-0.06728460388250983,48.469,0,0,1,0.0,0.0,0.0,0.0,0.0,0.0,1.0,0.0,0.3333333333333333,0.5773502691896257,1.0,0.0,1.0,0.6666666666666666,0.5773502691896261,12.0,12.0,14.0,12.333333333333334,0.5773502691896458,2.0,0.0,1.0,1.6666666666666667,1.5275252316519465,0.16666666666666666,0.0,0.07142857142857142,0.13247863247863256,0.11912273388689128,0.13749999999999998,0.0,0.02142857142857143,0.08942307692307688,0.07751574568048913,-0.09166666666666667,0.0,-0.014285714285714287,-0.05363247863247863,0.047782574717526706,-0.55,0.0,-0.2,-0.28333333333333344,0.2753785273643055,-0.5515151515151515,0.0,-0.2,-0.30932857991681534,0.2818213575094589,-0.16666666666666666,0.0,-0.07142857142857142,-0.10683760683760683,0.09274587356500305,-1.0,0.0,-1.0,-0.5555555555555555,0.5091750772173156,-1.0,0.0,-1.0,-0.627450980392157,0.5465631319516218,0.5,0.0,0.07142857142857142,0.29487179487179493,0.2618022802136176,3.0,0.0,1.0,1.5555555555555554,1.5030832509409628,3.0000000000000004,0.0,1.0,1.7450980392156865,1.5589160164941918,0.0,0.0,0.0,0.0,0.0,0.0,0.0,0.0,0.0,0.0,0.16666666666666666,0.0,0.07142857142857142,0.10683760683760686,0.09274587356500334,1.0,0.0,1.0,0.5555555555555555,0.5091750772173156,-0.3831417624520994,78.3,0.12787723785165905,78.26666666666667,0.057735026927059965,-89.18338849531645,-0.6220488167979025,2548.4649656884867,-9.030467695662669,53.28047619047619,15.98921888767948,0.12820512820512775,high,low,-1.0,1,0,0
2004-12-01,78.1,18.0,0.0,0.0,33.77777777777778,0.0,0.0,0.0,0.0,0.0,0.0,0.0,0.0,0.0,0.0,0.0,0.0,1.0,0.0,0.0,0.0,0.0,0.0,0.0,0.0,0.0,0.0,0.0,0.0,0.0,0.0,0.0,0.0,0.0,0.0,0.0,0.0,7.0,0.2857142857142857,-0.08571428571428572,0.2857142857142857,0.42857142857142855,3.0,4086.714285714286,4086.714285714286,-0.2857142857142857,0.7142857142857143,0.0,0.2857142857142857,0.7142857142857143,2.0,2.0,0.0,2.0,1.0,0.0,0.0,0.0,0.0,0.0,0.0,0.0,0.0,0.0,0.0,2.0,2.0,0.2857142857142857,-0.19999999999999998,-0.6666666666666666,1.6666666666666667,-0.19999999999999998,-0.7,1.7499999999999998,0.0,0.6666666666666666,0.3333333333333333,0.0918238263338631,43.14952380952381,0,0,1,0.0,0.0,0.0,0.0,0.0,0.0,0.0,1.0,0.0,0.0,1.0,1.0,0.0,1.0,0.0,13.0,12.0,12.0,10.666666666666666,3.2145502536643202,3.0,2.0,0.0,2.6666666666666665,0.5773502691896207,0.23076923076923078,0.16666666666666666,0.0,0.2753357753357754,0.13652164205007475,0.13076923076923078,0.13749999999999998,0.0,0.1846611721611721,0.0875792477285188,-0.06923076923076923,-0.09166666666666667,0.0,-0.0822039072039072,0.011622583249998836,-0.3,-0.55,0.0,-0.3500000000000001,0.18027756377319998,-0.37647058823529406,-0.5515151515151515,0.0,-0.375995246583482,0.17575805784783952,-0.15384615384615385,-0.16666666666666666,0.0,-0.20207570207570205,0.07271623540892712,-0.6666666666666666,-1.0,0.0,-0.7777777777777777,0.19245008972987535,-0.8823529411764706,-1.0,0.0,-0.8607843137254904,0.151158540174181,0.38461538461538464,0.5,0.0,0.5329670329670331,0.1672894214026195,1.6666666666666667,3.0,0.0,2.111111111111111,0.7698003589194987,2.235294117647059,3.0000000000000004,0.0,2.3284313725490198,0.6301832362003926,0.0,0.0,0.0,0.0,0.0,0.0,0.0,0.0,0.0,0.0,0.15384615384615385,0.16666666666666666,0.0,0.2020757020757021,0.0727162354089274,0.6666666666666666,1.0,0.0,0.7777777777777777,0.1924500897298761,0.12820512820512775,78.0,-0.3831417624520994,78.16666666666667,0.1527525231682179,-236.47078385748225,-0.06728460388250983,-89.18338849531645,-10.975007098302413,48.469,-9.030467695662669,-0.5121638924455718,low,high,1.0,0,0,1
2005-01-01,77.7,47.0,0.0,0.0,34.808510638297875,0.0,0.0,0.0,0.0,0.0,0.0,0.0,0.0,0.0,0.0,0.0,0.0,1.0,0.0,0.0,0.0,0.0,0.0,0.0,0.0,0.0,0.0,0.0,0.0,0.0,0.0,0.0,0.0,0.0,0.0,0.0,0.0,17.0,0.0,0.0,0.0,0.0,0.0,4279.882352941177,4279.882352941177,0.0,0.0,0.0,0.0,1.0,0.0,0.0,0.0,0.0,0.0,0.0,0.0,0.0,0.0,0.0,0.0,0.0,0.0,0.0,0.0,0.0,0.0,0.0,0.0,0.0,0.0,0.0,0.0,0.0,0.0,0.0,0.0,-0.1297145598537484,46.837,0,1,0,0.0,0.0,0.0,0.0,0.0,0.0,0.0,0.0,0.3333333333333333,0.5773502691896257,1.0,1.0,1.0,0.6666666666666666,0.5773502691896262,7.0,13.0,12.0,12.333333333333334,5.033222956847169,3.0,3.0,2.0,2.0,1.7320508075688767,0.42857142857142855,0.23076923076923078,0.16666666666666666,0.21978021978021986,0.21449693731805614,0.2857142857142857,0.13076923076923078,0.13749999999999998,0.1388278388278388,0.14302751182268308,-0.08571428571428572,-0.06923076923076923,-0.09166666666666667,-0.05164835164835165,0.04548176282763751,-0.19999999999999998,-0.3,-0.55,-0.16666666666666674,0.15275252316519558,-0.19999999999999998,-0.37647058823529406,-0.5515151515151515,-0.19215686274509816,0.18835780327094667,-0.2857142857142857,-0.15384615384615385,-0.16666666666666666,-0.14652014652014653,0.14299795821203765,-0.6666666666666666,-0.6666666666666666,-1.0,-0.4444444444444444,0.3849001794597504,-0.7,-0.8823529411764706,-1.0,-0.527450980392157,0.46579668453780654,0.7142857142857143,0.38461538461538464,0.5,0.3663003663003664,0.3574948955300944,1.6666666666666667,1.6666666666666667,3.0,1.111111111111111,0.9622504486493725,1.7499999999999998,2.235294117647059,3.0000000000000004,1.3284313725490196,1.1757657202160052,0.0,0.0,0.0,0.0,0.0,0.0,0.0,0.0,0.0,0.0,0.2857142857142857,0.15384615384615385,0.16666666666666666,0.14652014652014655,0.1429979582120378,0.6666666666666666,0.6666666666666666,1.0,0.44444444444444436,0.3849001794597504,-0.5121638924455718,78.1,0.12820512820512775,78.13333333333334,0.15275252316820667,-241.2645987786634,0.0918238263338631,-236.47078385748225,8.545809698280626,43.14952380952381,-10.975007098302413,-0.2574002574002643,low,low,-1.0,1,0,0
2005-02-01,77.5,31.0,0.0,0.0,33.38709677419355,0.0,0.0,0.0,0.0,0.0,0.0,0.0,0.0,0.0,0.0,0.0,0.0,1.0,0.0,0.0,0.0,0.0,0.0,0.0,0.0,0.0,0.0,0.0,0.0,0.0,0.0,0.0,0.0,0.0,0.0,0.0,0.0,11.0,0.06363636363636363,0.018181818181818184,0.0,0.09090909090909091,1.0,3186.0,3186.0,0.0,0.0,0.0,0.0,1.0,0.7,1.0,0.0,0.0,1.0,0.0,0.0,0.0,0.0,0.0,0.0,0.0,0.0,0.0,0.0,0.0,0.0,0.09090909090909091,0.2,0.0,0.0,0.19999999999999998,0.0,0.0,0.0,0.0,1.0,-0.13870192718412874,48.148947368421055,0,0,1,0.0,0.0,0.0,0.0,0.0,1.0,0.0,0.0,0.3333333333333333,0.5773502691896257,0.0,1.0,1.0,0.6666666666666666,0.5773502691896262,17.0,7.0,13.0,11.666666666666666,5.033222956847169,0.0,3.0,3.0,1.3333333333333333,1.5275252316519472,0.0,0.42857142857142855,0.23076923076923078,0.1731601731601732,0.22581474209082178,0.0,0.2857142857142857,0.13076923076923078,0.1164502164502164,0.15000046850623008,0.0,-0.08571428571428572,-0.06923076923076923,-0.022510822510822506,0.055485610285756645,0.0,-0.19999999999999998,-0.3,-6.47630097698008e-17,0.20000000000000093,0.0,-0.19999999999999998,-0.37647058823529406,-1.4802973661668753e-16,0.20000000000000062,0.0,-0.2857142857142857,-0.15384615384615385,-0.09523809523809523,0.1649572197684645,0.0,-0.6666666666666666,-0.6666666666666666,-0.2222222222222222,0.3849001794597503,0.0,-0.7,-0.8823529411764706,-0.23333333333333348,0.4041451884327379,0.0,0.7142857142857143,0.38461538461538464,0.23809523809523822,0.4123930494211616,0.0,1.6666666666666667,1.6666666666666667,0.5555555555555555,0.9622504486493714,0.0,1.7499999999999998,2.235294117647059,0.5833333333333333,1.0103629710818451,0.0,0.0,0.0,0.0,0.0,0.0,0.0,0.0,0.0,0.0,0.0,0.2857142857142857,0.15384615384615385,0.09523809523809527,0.1649572197684647,0.0,0.6666666666666666,0.6666666666666666,0.22222222222222213,0.38490017945975014,-0.2574002574002643,77.7,-0.5121638924455718,77.93333333333334,0.2081665999487799,6.928572506057518,-0.1297145598537484,-241.2645987786634,2.8010918043876565,46.837,8.545809698280626,-0.3870967741935405,low,low,-1.0,1,0,0
2005-03-01,77.2,16.0,0.0,0.0,30.3125,0.0,0.0,0.0,0.0,0.0,0.0,0.0,0.0,0.0,0.0,0.0,0.0,1.0,0.0,0.0,0.0,0.0,0.0,0.0,0.0,0.0,0.0,0.0,0.0,0.0,0.0,0.0,0.0,0.0,0.0,0.0,0.0,3.0,0.19999999999999998,-0.06666666666666667,0.3333333333333333,0.3333333333333333,1.0,5697.0,5697.0,0.0,0.0,0.0,0.0,1.0,0.6,0.0,0.0,0.0,1.0,0.0,0.0,0.0,0.0,0.0,0.0,0.0,0.0,0.0,0.0,0.0,0.0,0.0,-0.2,0.0,0.0,-0.2,0.0,0.0,0.0,0.0,1.0,-0.2831187810399104,54.186818181818175,0,0,1,0.0,0.0,0.0,0.0,0.0,0.0,1.0,0.0,0.3333333333333333,0.5773502691896257,1.0,0.0,1.0,0.6666666666666666,0.5773502691896262,11.0,17.0,7.0,10.333333333333334,7.023769168568493,1.0,0.0,3.0,0.6666666666666666,0.5773502691896301,0.09090909090909091,0.0,0.42857142857142855,0.14141414141414146,0.17231032433567617,0.06363636363636363,0.0,0.2857142857142857,0.08787878787878783,0.10218009272780178,0.018181818181818184,0.0,-0.08571428571428572,-0.016161616161616155,0.04467342300504291,0.2,0.0,-0.19999999999999998,-7.401486830834377e-17,0.20000000000000093,0.19999999999999998,0.0,-0.19999999999999998,-1.5728159515523052e-16,0.20000000000000062,0.0,0.0,-0.2857142857142857,0.0,0.0,0.0,0.0,-0.6666666666666666,0.0,0.0,0.0,0.0,-0.7,0.0,0.0,0.0,0.0,0.7142857142857143,0.0,0.0,0.0,0.0,1.6666666666666667,0.0,0.0,0.0,0.0,1.7499999999999998,0.0,0.0,0.0,0.0,0.0,0.0,0.0,0.0,0.0,0.0,0.0,0.0,0.0,0.0,0.2857142857142857,0.0,0.0,0.0,0.0,0.6666666666666666,0.0,0.0,-0.3870967741935405,77.5,-0.2574002574002643,77.76666666666667,0.30550504633184394,104.12029363086374,-0.13870192718412874,6.928572506057518,12.53998507422638,48.148947368421055,2.8010918043876565,-0.38860103626943143,low,low,-1.0,1,0,0
2005-04-01,76.9,15.0,0.0,0.0,39.8,0.0,0.0,0.0,0.0,0.0,0.0,0.0,0.0,0.0,0.0,0.0,0.0,1.0,0.0,0.0,0.0,0.0,0.0,0.0,0.0,0.0,0.0,0.0,0.0,0.0,0.0,0.0,0.0,0.0,0.0,0.0,0.0,4.0,0.0,0.0,0.0,0.0,0.0,3908.25,3908.25,0.0,0.0,0.0,0.0,1.0,0.0,0.0,0.0,0.0,0.0,0.0,0.0,0.0,0.0,0.0,0.0,0.0,0.0,0.0,0.0,0.0,0.0,0.0,0.0,0.0,0.0,0.0,0.0,0.0,0.0,0.0,0.0,-1.3323334812734384,52.97904761904762,0,1,0,0.0,0.0,0.0,0.0,0.0,0.0,0.0,1.0,0.3333333333333333,0.5773502691896257,1.0,1.0,0.0,0.6666666666666666,0.5773502691896262,3.0,11.0,17.0,6.0,4.35889894354067,1.0,1.0,0.0,0.6666666666666666,0.5773502691896302,0.3333333333333333,0.09090909090909091,0.0,0.14141414141414146,0.1723103243356761,0.19999999999999998,0.06363636363636363,0.0,0.08787878787878783,0.10218009272780178,-0.06666666666666667,0.018181818181818184,0.0,-0.016161616161616155,0.04467342300504291,-0.2,0.2,0.0,-7.401486830834377e-17,0.20000000000000093,-0.2,0.19999999999999998,0.0,-1.5728159515523052e-16,0.20000000000000062,0.0,0.0,0.0,0.0,0.0,0.0,0.0,0.0,0.0,0.0,0.0,0.0,0.0,0.0,0.0,0.0,0.0,0.0,0.0,0.0,0.0,0.0,0.0,0.0,0.0,0.0,0.0,0.0,0.0,0.0,0.0,0.0,0.0,0.0,0.0,0.0,0.0,0.0,0.0,0.0,0.0,0.0,0.0,0.0,0.0,0.0,0.0,0.0,0.0,0.0,-0.38860103626943143,77.2,-0.3870967741935405,77.46666666666667,0.2516611478440815,370.59169878441355,-0.2831187810399104,104.12029363086374,-2.2289010561904687,54.186818181818175,12.53998507422638,-0.39011703511054874,low,low,-1.0,1,0,0
2005-05-01,76.6,26.0,0.0,0.0,32.88461538461539,0.0,0.0,0.0,0.0,0.0,0.0,0.0,0.0,0.0,0.0,0.0,0.0,1.0,0.0,0.0,0.0,0.0,0.0,0.0,0.0,0.0,0.0,0.0,0.0,0.0,0.0,0.0,0.0,0.0,0.0,0.0,0.0,13.0,0.0,0.0,0.0,0.0,0.0,3984.846153846154,3984.846153846154,0.0,0.0,0.0,0.0,1.0,0.0,0.0,0.0,0.0,0.0,0.0,0.0,0.0,0.0,0.0,0.0,0.0,0.0,0.0,0.0,0.0,0.0,0.0,0.0,0.0,0.0,0.0,0.0,0.0,0.0,0.0,0.0,-0.9931889553141151,49.83380952380952,0,1,0,0.0,0.0,0.0,0.0,0.0,1.0,0.0,0.0,0.6666666666666666,0.5773502691896258,0.0,1.0,1.0,0.3333333333333333,0.5773502691896262,4.0,3.0,11.0,6.666666666666667,5.5075705472861,0.0,1.0,1.0,0.3333333333333333,0.5773502691896317,0.0,0.3333333333333333,0.09090909090909091,0.11111111111111116,0.19245008972987482,0.0,0.19999999999999998,0.06363636363636363,0.06666666666666662,0.11547005383792473,0.0,-0.06666666666666667,0.018181818181818184,-0.022222222222222216,0.03849001794597563,0.0,-0.2,0.2,-0.06666666666666675,0.11547005383792656,0.0,-0.2,0.19999999999999998,-0.06666666666666682,0.11547005383792609,0.0,0.0,0.0,0.0,0.0,0.0,0.0,0.0,0.0,0.0,0.0,0.0,0.0,0.0,0.0,0.0,0.0,0.0,0.0,0.0,0.0,0.0,0.0,0.0,0.0,0.0,0.0,0.0,0.0,0.0,0.0,0.0,0.0,0.0,0.0,0.0,0.0,0.0,0.0,0.0,0.0,0.0,0.0,0.0,0.0,0.0,0.0,0.0,0.0,0.0,-0.39011703511054874,76.9,-0.38860103626943143,77.2,0.30000000000140814,-25.454927818459574,-1.3323334812734384,370.59169878441355,-5.936758466959091,52.97904761904762,-2.2289010561904687,-0.26109660574411553,low,low,-1.0,1,0,0
2005-06-01,76.4,24.0,0.0,0.0,36.583333333333336,0.0,0.0,0.0,0.0,0.0,0.0,0.0,0.0,0.0,0.0,0.0,0.0,1.0,0.0,0.0,0.0,0.0,0.0,0.0,0.0,0.0,0.0,0.0,0.0,0.0,0.0,0.0,0.0,0.0,0.0,0.0,0.0,17.0,0.047058823529411764,-0.01764705882352941,0.058823529411764705,0.058823529411764705,1.0,2774.3529411764707,2774.3529411764707,0.0,0.0,0.0,0.0,1.0,0.8,1.0,0.0,0.0,1.0,0.0,0.0,0.0,0.0,0.0,0.0,0.0,0.0,0.0,0.0,0.0,0.0,0.058823529411764705,-0.3,0.0,0.0,-0.3,0.0,0.0,0.0,0.0,1.0,-0.9431127405732314,56.35227272727273,0,0,1,0.0,0.0,0.0,0.0,0.0,1.0,1.0,0.0,0.6666666666666666,0.5773502691896258,0.0,0.0,1.0,0.3333333333333333,0.5773502691896262,13.0,4.0,3.0,11.333333333333334,6.658328118479393,0.0,0.0,1.0,0.3333333333333333,0.5773502691896317,0.0,0.0,0.3333333333333333,0.019607843137254975,0.03396178054056349,0.0,0.0,0.19999999999999998,0.015686274509803883,0.0271694244324508,0.0,0.0,-0.06666666666666667,-0.005882352941176466,0.010188534162172289,0.0,0.0,-0.2,-0.10000000000000007,0.17320508075688862,0.0,0.0,-0.2,-0.10000000000000014,0.17320508075688829,0.0,0.0,0.0,0.0,0.0,0.0,0.0,0.0,0.0,0.0,0.0,0.0,0.0,0.0,0.0,0.0,0.0,0.0,0.0,0.0,0.0,0.0,0.0,0.0,0.0,0.0,0.0,0.0,0.0,0.0,0.0,0.0,0.0,0.0,0.0,0.0,0.0,0.0,0.0,0.0,0.0,0.0,0.0,0.0,0.0,0.0,0.0,0.0,0.0,0.0,-0.26109660574411553,76.6,-0.39011703511054874,76.9,0.3000000000013655,-5.041962506021447,-0.9931889553141151,-25.454927818459574,13.08040317557666,49.83380952380952,-5.936758466959091,0.2617801047120283,high,low,-1.0,1,0,0
2005-07-01,76.6,25.0,0.0,0.0,32.12,0.0,0.0,0.0,0.0,0.0,0.0,0.0,0.0,0.0,0.0,0.0,0.0,1.0,0.0,0.0,0.0,0.0,0.0,0.0,0.0,0.0,0.0,0.0,0.0,0.0,0.0,0.0,0.0,0.0,0.0,0.0,0.0,12.0,0.26666666666666666,-0.16666666666666666,0.3333333333333333,0.3333333333333333,4.0,4607.333333333333,4519.416666666667,-0.08333333333333333,0.75,0.08333333333333333,0.16666666666666666,0.75,3.2,4.0,1.0,2.0,1.0,0.0,0.0,0.0,0.0,0.0,0.0,1.0,1.0,0.0,0.0,2.0,2.0,0.3333333333333333,-0.5,-0.25,2.25,-0.5156249999999999,-0.28125,2.375,0.25,0.5,0.25,-0.8977849663752783,58.99550000000001,0,0,1,0.0,0.0,0.0,0.0,0.0,0.0,1.0,1.0,0.3333333333333333,0.5773502691896257,1.0,0.0,0.0,0.6666666666666666,0.5773502691896262,17.0,13.0,4.0,14.0,2.645751311064597,1.0,0.0,0.0,1.6666666666666667,2.0816659994661326,0.058823529411764705,0.0,0.0,0.13071895424836608,0.1779170926642636,0.047058823529411764,0.0,0.0,0.10457516339869277,0.14233367413141096,-0.01764705882352941,0.0,0.0,-0.06143790849673202,0.09155694037466658,-0.3,0.0,0.0,-0.2666666666666668,0.2516611478423587,-0.3,0.0,0.0,-0.2718750000000001,0.25896051219249644,0.0,0.0,0.0,-0.027777777777777776,0.048112522432468795,0.0,0.0,0.0,-0.08333333333333333,0.14433756729740588,0.0,0.0,0.0,-0.09375000000000015,0.16237976320958186,0.0,0.0,0.0,0.25000000000000006,0.43301270189221963,0.0,0.0,0.0,0.7499999999999999,1.2990381056766545,0.0,0.0,0.0,0.7916666666666666,1.371206889325361,0.0,0.0,0.0,0.027777777777777776,0.04811252243246886,0.0,0.0,0.0,0.08333333333333333,0.14433756729740657,0.0,0.0,0.0,0.05555555555555559,0.09622504486493799,0.0,0.0,0.0,0.1666666666666666,0.2886751345948123,0.2617801047120283,76.4,-0.26109660574411553,76.63333333333334,0.2516611478439216,-4.806188300499736,-0.9431127405732314,-5.041962506021447,4.690542448074231,56.35227272727273,13.08040317557666,0.26109660574413773,high,high,1.0,0,0,1
2005-08-01,76.8,18.0,0.0,0.0,35.44444444444444,0.0,0.0,0.0,0.0,0.0,0.0,0.0,0.0,0.0,0.0,0.0,0.0,1.0,0.0,0.0,0.0,0.0,0.0,0.0,0.0,0.0,0.0,0.0,0.0,0.0,0.0,0.0,0.0,0.0,0.0,0.0,0.0,5.0,0.0,0.0,0.0,0.0,0.0,4710.8,4710.8,0.0,0.0,0.0,0.0,1.0,0.0,0.0,0.0,0.0,0.0,0.0,0.0,0.0,0.0,0.0,0.0,0.0,0.0,0.0,0.0,0.0,0.0,0.0,0.0,0.0,0.0,0.0,0.0,0.0,0.0,0.0,0.0,-0.5150469915519207,64.98521739130435,0,1,0,0.0,0.0,0.0,0.0,0.0,0.0,0.0,1.0,0.3333333333333333,0.5773502691896257,1.0,1.0,0.0,0.6666666666666666,0.5773502691896262,12.0,17.0,13.0,11.333333333333334,6.027713773341709,4.0,1.0,0.0,1.6666666666666667,2.0816659994661326,0.3333333333333333,0.058823529411764705,0.0,0.13071895424836608,0.1779170926642636,0.26666666666666666,0.047058823529411764,0.0,0.10457516339869277,0.14233367413141096,-0.16666666666666666,-0.01764705882352941,0.0,-0.06143790849673202,0.09155694037466658,-0.5,-0.3,0.0,-0.2666666666666668,0.2516611478423587,-0.5156249999999999,-0.3,0.0,-0.27187500000000014,0.25896051219249644,-0.08333333333333333,0.0,0.0,-0.027777777777777776,0.048112522432468795,-0.25,0.0,0.0,-0.08333333333333333,0.14433756729740588,-0.28125,0.0,0.0,-0.09375000000000015,0.16237976320958186,0.75,0.0,0.0,0.25000000000000006,0.43301270189221963,2.25,0.0,0.0,0.7499999999999999,1.2990381056766545,2.375,0.0,0.0,0.7916666666666666,1.371206889325361,0.08333333333333333,0.0,0.0,0.027777777777777776,0.04811252243246885,0.25,0.0,0.0,0.08333333333333333,0.14433756729740657,0.16666666666666666,0.0,0.0,0.05555555555555559,0.09622504486493799,0.5,0.0,0.0,0.1666666666666666,0.2886751345948123,0.26109660574413773,76.6,0.2617801047120283,76.53333333333333,0.11547005384127572,-42.631363762820165,-0.8977849663752783,-4.806188300499736,10.152837744072585,58.99550000000001,4.690542448074231,-0.7812499999999889,low,high,1.0,0,0,1
2005-09-01,76.2,37.0,0.0,0.0,33.4054054054054,0.0,0.0,0.0,0.0,0.0,0.0,0.0,0.0,0.0,0.0,0.0,0.0,1.0,0.0,0.0,0.0,0.0,0.0,0.0,0.0,0.0,0.0,0.0,0.0,0.0,0.0,0.0,0.0,0.0,0.0,0.0,0.0,10.0,0.06999999999999999,0.02,0.0,0.1,1.0,3728.1,3728.1,0.0,0.0,0.0,0.0,1.0,0.7,1.0,0.0,0.0,1.0,0.0,0.0,0.0,0.0,0.0,0.0,0.0,0.0,0.0,0.0,0.0,0.0,0.1,0.2,0.0,0.0,0.19999999999999998,0.0,0.0,0.0,0.0,1.0,0.06177282335348099,65.58666666666666,0,0,1,0.0,0.0,0.0,0.0,0.0,1.0,0.0,0.0,0.3333333333333333,0.5773502691896257,0.0,1.0,1.0,0.6666666666666666,0.5773502691896262,5.0,12.0,17.0,9.0,3.6055512754639882,0.0,4.0,1.0,1.6666666666666667,2.0816659994661326,0.0,0.3333333333333333,0.058823529411764705,0.14444444444444451,0.17105338131489567,0.0,0.26666666666666666,0.047058823529411764,0.11222222222222218,0.13825633734051665,0.0,-0.16666666666666666,-0.01764705882352941,-0.04888888888888889,0.10248757828977978,0.0,-0.5,-0.3,-0.10000000000000007,0.36055512754639935,0.0,-0.5156249999999999,-0.3,-0.1052083333333335,0.3692307953141687,0.0,-0.08333333333333333,0.0,-0.027777777777777776,0.048112522432468795,0.0,-0.25,0.0,-0.08333333333333333,0.14433756729740588,0.0,-0.28125,0.0,-0.09375000000000015,0.16237976320958186,0.0,0.75,0.0,0.25000000000000006,0.43301270189221963,0.0,2.25,0.0,0.7499999999999999,1.2990381056766545,0.0,2.375,0.0,0.7916666666666666,1.371206889325361,0.0,0.08333333333333333,0.0,0.027777777777777776,0.04811252243246885,0.0,0.25,0.0,0.08333333333333333,0.14433756729740657,0.0,0.16666666666666666,0.0,0.05555555555555559,0.09622504486493799,0.0,0.5,0.0,0.1666666666666666,0.2886751345948123,-0.7812499999999889,76.8,0.26109660574413773,76.60000000000001,0.20000000000195056,-111.99362861383761,-0.5150469915519207,-42.631363762820165,0.9255170629663745,64.98521739130435,10.152837744072585,-0.3937007874015741,low,low,-1.0,1,0,0
2005-10-01,75.9,26.0,0.0,0.0,33.84615384615385,0.0,0.0,0.0,0.0,0.0,0.0,0.0,0.0,0.0,0.0,0.0,0.0,1.0,0.0,0.0,0.0,0.0,0.0,0.0,0.0,0.0,0.0,0.0,0.0,0.0,0.0,0.0,0.0,0.0,0.0,0.0,0.0,12.0,0.2041666666666667,-0.10833333333333334,0.16666666666666666,0.25,3.0,3200.9166666666665,3200.9166666666665,-0.16666666666666666,0.5833333333333334,0.0,0.16666666666666666,0.8333333333333334,2.45,3.0,0.0,2.0,1.0,0.0,0.0,0.0,0.0,1.0,1.0,0.0,0.0,0.0,0.0,1.0,1.0,0.25,-0.43333333333333335,-0.6666666666666666,2.3333333333333335,-0.47346938775510206,-0.7142857142857142,2.510204081632653,0.0,0.6666666666666666,0.3333333333333333,-0.08512643694468457,62.260000000000005,0,0,1,0.0,0.0,0.0,0.0,0.0,0.0,1.0,0.0,0.3333333333333333,0.5773502691896257,1.0,0.0,1.0,0.6666666666666666,0.5773502691896262,10.0,5.0,12.0,9.0,3.6055512754639882,1.0,0.0,4.0,1.3333333333333333,1.527525231651947,0.1,0.0,0.3333333333333333,0.11666666666666674,0.12583057392117852,0.06999999999999999,0.0,0.26666666666666666,0.09138888888888885,0.10375027889297593,0.02,0.0,-0.16666666666666666,-0.029444444444444443,0.06904775588382749,0.2,0.0,-0.5,-0.07777777777777788,0.3237511618740775,0.19999999999999998,0.0,-0.5156249999999999,-0.09115646258503418,0.3458646838925171,0.0,0.0,-0.08333333333333333,-0.05555555555555555,0.09622504486493763,0.0,0.0,-0.25,-0.2222222222222222,0.3849001794597503,0.0,0.0,-0.28125,-0.23809523809523822,0.41239304942116106,0.0,0.0,0.75,0.19444444444444453,0.3367876570272822,0.0,0.0,2.25,0.7777777777777777,1.3471506281091234,0.0,0.0,2.375,0.836734693877551,1.4492670022515093,0.0,0.0,0.08333333333333333,0.0,0.0,0.0,0.0,0.25,0.0,0.0,0.0,0.0,0.16666666666666666,0.05555555555555559,0.09622504486493799,0.0,0.0,0.5,0.22222222222222213,0.38490017945975014,-0.3937007874015741,76.2,-0.7812499999999889,76.53333333333333,0.30550504633165676,-237.80564384691925,0.06177282335348099,-111.99362861383761,-5.072169140069105,65.58666666666666,0.9255170629663745,-0.9222661396574461,low,low,-1.0,1,0,0
2005-11-01,75.2,18.0,0.0,0.0,34.611111111111114,0.0,0.0,0.0,0.0,0.0,0.0,0.0,0.0,0.0,0.0,0.0,0.0,1.0,0.0,0.0,0.0,0.0,0.0,0.0,0.0,0.0,0.0,0.0,0.0,0.0,0.0,0.0,0.0,0.0,0.0,0.0,0.0,9.0,0.0,0.0,0.0,0.0,0.0,6216.111111111111,4978.555555555556,0.0,0.0,0.0,0.0,1.0,0.0,0.0,0.0,0.0,0.0,0.0,0.0,0.0,0.0,0.0,0.0,0.0,0.0,0.0,0.0,0.0,0.0,0.0,0.0,0.0,0.0,0.0,0.0,0.0,0.0,0.0,0.0,-0.657125028437722,58.322500000000005,0,1,0,0.0,0.0,0.0,0.0,0.0,0.0,0.0,1.0,0.3333333333333333,0.5773502691896257,1.0,1.0,0.0,0.6666666666666666,0.5773502691896262,12.0,10.0,5.0,10.333333333333334,1.527525231651946,3.0,1.0,0.0,1.3333333333333333,1.527525231651947,0.25,0.1,0.0,0.11666666666666674,0.12583057392117852,0.2041666666666667,0.06999999999999999,0.0,0.09138888888888885,0.10375027889297594,-0.10833333333333334,0.02,0.0,-0.029444444444444443,0.06904775588382749,-0.43333333333333335,0.2,0.0,-0.07777777777777788,0.3237511618740775,-0.47346938775510206,0.19999999999999998,0.0,-0.09115646258503418,0.3458646838925171,-0.16666666666666666,0.0,0.0,-0.05555555555555555,0.09622504486493763,-0.6666666666666666,0.0,0.0,-0.2222222222222222,0.3849001794597503,-0.7142857142857142,0.0,0.0,-0.23809523809523822,0.41239304942116106,0.5833333333333334,0.0,0.0,0.19444444444444453,0.33678765702728214,2.3333333333333335,0.0,0.0,0.7777777777777777,1.3471506281091234,2.510204081632653,0.0,0.0,0.836734693877551,1.4492670022515093,0.0,0.0,0.0,0.0,0.0,0.0,0.0,0.0,0.0,0.0,0.16666666666666666,0.0,0.0,0.05555555555555559,0.09622504486493799,0.6666666666666666,0.0,0.0,0.22222222222222213,0.38490017945975014,-0.9222661396574461,75.9,-0.3937007874015741,76.3,0.4582575694964036,671.9400130240667,-0.08512643694468457,-237.80564384691925,-6.324285255380657,62.260000000000005,-5.072169140069105,-0.3989361702127603,low,low,-1.0,1,0,0
2005-12-01,74.9,21.0,0.0,0.0,42.523809523809526,0.0,0.0,0.0,0.0,0.0,0.0,0.0,0.0,0.0,0.0,0.0,0.0,1.0,0.0,0.0,0.0,0.0,0.0,0.0,0.0,0.0,0.0,0.0,0.0,0.0,0.0,0.0,0.0,0.0,0.0,0.0,0.0,12.0,0.05833333333333333,-0.016666666666666666,0.08333333333333333,0.08333333333333333,1.0,5154.916666666667,5154.916666666667,0.0,0.0,0.0,0.0,1.0,0.7,1.0,0.0,0.0,1.0,0.0,0.0,0.0,0.0,0.0,0.0,0.0,0.0,0.0,0.0,0.0,0.0,0.08333333333333333,-0.2,0.0,0.0,-0.19999999999999998,0.0,0.0,0.0,0.0,1.0,-0.7193651708037665,59.411904761904765,0,0,1,0.0,0.0,0.0,0.0,0.0,1.0,0.0,0.0,0.3333333333333333,0.5773502691896257,0.0,1.0,1.0,0.6666666666666666,0.5773502691896262,9.0,12.0,10.0,11.0,1.732050807568878,0.0,3.0,1.0,1.3333333333333333,1.527525231651947,0.0,0.25,0.1,0.1111111111111112,0.12729376930432829,0.0,0.2041666666666667,0.06999999999999999,0.08749999999999997,0.10516191220103262,0.0,-0.10833333333333334,0.02,-0.041666666666666664,0.05833333333333366,0.0,-0.43333333333333335,0.2,-0.21111111111111122,0.21688023662159092,0.0,-0.47346938775510206,0.19999999999999998,-0.22448979591836749,0.23768283039250107,0.0,-0.16666666666666666,0.0,-0.05555555555555555,0.09622504486493763,0.0,-0.6666666666666666,0.0,-0.2222222222222222,0.3849001794597503,0.0,-0.7142857142857142,0.0,-0.23809523809523822,0.41239304942116106,0.0,0.5833333333333334,0.0,0.19444444444444453,0.33678765702728214,0.0,2.3333333333333335,0.0,0.7777777777777777,1.3471506281091234,0.0,2.510204081632653,0.0,0.836734693877551,1.4492670022515093,0.0,0.0,0.0,0.0,0.0,0.0,0.0,0.0,0.0,0.0,0.0,0.16666666666666666,0.0,0.05555555555555559,0.09622504486493799,0.0,0.6666666666666666,0.0,0.22222222222222213,0.38490017945975014,-0.3989361702127603,75.2,-0.9222661396574461,75.76666666666667,0.5131601439453729,9.471582982315695,-0.657125028437722,671.9400130240667,1.8678979157353615,58.322500000000005,-6.324285255380657,-0.4005340453938744,low,low,-1.0,1,0,0
2006-01-01,74.6,63.0,0.0,0.0,33.63492063492063,0.0,0.0,0.0,0.0,0.0,0.0,0.0,0.0,0.0,0.0,0.0,0.0,1.0,0.0,0.0,0.0,0.0,0.0,0.0,0.0,0.0,0.0,0.0,0.0,0.0,0.0,0.0,0.0,0.0,0.0,0.0,0.0,17.0,0.12352941176470586,0.029411764705882353,0.058823529411764705,0.17647058823529413,3.0,3665.0588235294117,3665.0588235294117,-0.11764705882352941,0.29411764705882354,0.0,0.11764705882352941,0.8823529411764706,2.0999999999999996,3.0,0.0,2.0,1.0,0.0,0.0,0.0,0.0,1.0,1.0,0.0,0.0,0.0,0.0,1.0,1.0,0.17647058823529413,0.16666666666666666,-0.6666666666666666,1.6666666666666667,0.16666666666666669,-0.6666666666666667,1.6666666666666667,0.0,0.6666666666666666,0.3333333333333333,-0.3772494506461924,65.485,0,0,1,0.0,0.0,0.0,0.0,0.0,0.0,1.0,0.0,0.3333333333333333,0.5773502691896257,1.0,0.0,1.0,0.6666666666666666,0.5773502691896262,12.0,9.0,12.0,12.666666666666666,4.041451884327382,1.0,0.0,3.0,1.3333333333333333,1.527525231651947,0.08333333333333333,0.0,0.25,0.08660130718954256,0.08828067097542458,0.05833333333333333,0.0,0.2041666666666667,0.06062091503267969,0.06179646968279702,-0.016666666666666666,0.0,-0.10833333333333334,0.004248366013071895,0.023331136272682795,-0.2,0.0,-0.43333333333333335,-0.01111111111111121,0.1835856849095377,-0.19999999999999998,0.0,-0.47346938775510206,-0.011111111111111247,0.18358568490953764,0.0,0.0,-0.16666666666666666,-0.0392156862745098,0.06792356108113246,0.0,0.0,-0.6666666666666666,-0.2222222222222222,0.3849001794597503,0.0,0.0,-0.7142857142857142,-0.2222222222222224,0.3849001794597504,0.0,0.0,0.5833333333333334,0.09803921568627459,0.169808902702832,0.0,0.0,2.3333333333333335,0.5555555555555555,0.9622504486493707,0.0,0.0,2.510204081632653,0.5555555555555556,0.9622504486493765,0.0,0.0,0.0,0.0,0.0,0.0,0.0,0.0,0.0,0.0,0.0,0.0,0.16666666666666666,0.03921568627450984,0.06792356108113295,0.0,0.0,0.6666666666666666,0.22222222222222213,0.38490017945975014,-0.4005340453938744,74.9,-0.3989361702127603,75.33333333333333,0.5131601439453294,-47.55800447988311,-0.7193651708037665,9.471582982315695,10.222017392698257,59.411904761904765,1.8678979157353615,-0.40214477211796273,low,low,-1.0,1,0,0
2006-02-01,74.3,23.0,0.0,0.0,42.30434782608695,0.0,0.0,0.0,0.0,0.0,0.0,0.0,0.0,0.0,0.0,0.0,0.0,1.0,0.0,0.0,0.0,0.0,0.0,0.0,0.0,0.0,0.0,0.0,0.0,0.0,0.0,0.0,0.0,0.0,0.0,0.0,0.0,11.0,0.0,0.0,0.0,0.0,0.0,4346.090909090909,4346.090909090909,0.0,0.0,0.0,0.0,1.0,0.0,0.0,0.0,0.0,0.0,0.0,0.0,0.0,0.0,0.0,0.0,0.0,0.0,0.0,0.0,0.0,0.0,0.0,0.0,0.0,0.0,0.0,0.0,0.0,0.0,0.0,0.0,-0.7404717736381722,61.631052631578946,0,1,0,0.0,0.0,0.0,0.0,0.0,0.0,0.0,1.0,0.3333333333333333,0.5773502691896257,1.0,1.0,0.0,0.6666666666666666,0.5773502691896262,17.0,12.0,9.0,13.333333333333334,3.2145502536643216,3.0,1.0,0.0,1.3333333333333333,1.527525231651947,0.17647058823529413,0.08333333333333333,0.0,0.08660130718954256,0.08828067097542458,0.12352941176470586,0.05833333333333333,0.0,0.06062091503267969,0.06179646968279702,0.029411764705882353,-0.016666666666666666,0.0,0.004248366013071895,0.023331136272682795,0.16666666666666666,-0.2,0.0,-0.01111111111111121,0.1835856849095377,0.16666666666666669,-0.19999999999999998,0.0,-0.011111111111111247,0.18358568490953764,-0.11764705882352941,0.0,0.0,-0.0392156862745098,0.06792356108113246,-0.6666666666666666,0.0,0.0,-0.2222222222222222,0.38490017945975036,-0.6666666666666667,0.0,0.0,-0.2222222222222224,0.3849001794597504,0.29411764705882354,0.0,0.0,0.09803921568627459,0.169808902702832,1.6666666666666667,0.0,0.0,0.5555555555555555,0.9622504486493707,1.6666666666666667,0.0,0.0,0.5555555555555556,0.9622504486493765,0.0,0.0,0.0,0.0,0.0,0.0,0.0,0.0,0.0,0.0,0.11764705882352941,0.0,0.0,0.03921568627450984,0.06792356108113295,0.6666666666666666,0.0,0.0,0.22222222222222213,0.3849001794597501,-0.40214477211796273,74.6,-0.4005340453938744,74.89999999999999,0.3000000000010231,96.28173675795007,-0.3772494506461924,-47.55800447988311,-5.8852368762633445,65.485,10.222017392698257,0.40376850605652326,high,low,-1.0,1,0,0
2006-03-01,74.6,21.0,0.0,0.0,45.80952380952381,0.0,0.0,0.0,0.0,0.0,0.0,0.0,0.0,0.0,0.0,0.0,0.0,1.0,0.0,0.0,0.0,0.0,0.0,0.0,0.0,0.0,0.0,0.0,0.0,0.0,0.0,0.0,0.0,0.0,0.0,0.0,0.0,10.0,0.13999999999999999,-0.039999999999999994,0.1,0.2,2.0,5452.8,4697.9,-0.2,0.5,0.0,0.2,0.8,1.4,1.0,0.0,2.0,0.0,0.0,0.0,0.0,0.0,1.0,1.0,0.0,0.0,0.0,0.0,1.0,1.0,0.1,-0.19999999999999998,-1.0,2.5,-0.2571428571428572,-1.0,2.571428571428572,0.0,1.0,0.0,-0.3796552926830556,62.68521739130435,0,0,1,0.0,0.0,0.0,0.0,0.0,1.0,0.0,0.0,0.3333333333333333,0.5773502691896257,0.0,1.0,1.0,0.6666666666666666,0.5773502691896262,11.0,17.0,12.0,12.666666666666666,3.785938897200184,0.0,3.0,1.0,1.6666666666666667,1.5275252316519465,0.0,0.17647058823529413,0.08333333333333333,0.12549019607843145,0.10931262639032364,0.0,0.12352941176470586,0.05833333333333333,0.0878431372549019,0.07651883847322646,0.0,0.029411764705882353,-0.016666666666666666,-0.0035294117647058803,0.03484021857637914,0.0,0.16666666666666666,-0.2,-0.011111111111111202,0.18358568490953767,0.0,0.16666666666666669,-0.19999999999999998,-0.030158730158730312,0.2135082899362563,0.0,-0.11764705882352941,0.0,-0.10588235294117647,0.10051769112138276,0.0,-0.6666666666666666,0.0,-0.5555555555555555,0.5091750772173156,0.0,-0.6666666666666667,0.0,-0.5555555555555557,0.5091750772173156,0.0,0.29411764705882354,0.0,0.2647058823529413,0.25129422780345734,0.0,1.6666666666666667,0.0,1.3888888888888886,1.2729376930432863,0.0,1.6666666666666667,0.0,1.412698412698413,1.3043910954953493,0.0,0.0,0.0,0.0,0.0,0.0,0.0,0.0,0.0,0.0,0.0,0.11764705882352941,0.0,0.1058823529411765,0.10051769112138305,0.0,0.6666666666666666,0.0,0.5555555555555555,0.5091750772173156,0.40376850605652326,74.3,-0.40214477211796273,74.60000000000001,0.30000000000096805,-48.7279183083929,-0.7404717736381722,96.28173675795007,1.7104441912213275,61.631052631578946,-5.8852368762633445,0.536193029490617,high,high,1.0,0,0,1
2006-04-01,75.0,19.0,0.0,0.0,36.26315789473684,0.0,0.0,0.0,0.0,0.0,0.0,0.0,0.0,0.0,0.0,0.0,0.0,1.0,0.0,0.0,0.0,0.0,0.0,0.0,0.0,0.0,0.0,0.0,0.0,0.0,0.0,0.0,0.0,0.0,0.0,0.0,0.0,10.0,0.06999999999999999,0.02,0.0,0.1,1.0,5285.5,5285.5,0.0,0.0,0.0,0.0,1.0,0.7,1.0,0.0,0.0,1.0,0.0,0.0,0.0,0.0,1.0,1.0,0.0,0.0,0.0,0.0,0.0,0.0,0.1,0.2,0.0,0.0,0.19999999999999998,0.0,0.0,0.0,0.0,1.0,0.09773993289884962,69.44368421052631,0,0,1,0.0,0.0,0.0,0.0,0.0,0.0,1.0,0.0,0.3333333333333333,0.5773502691896257,1.0,0.0,1.0,0.6666666666666666,0.5773502691896262,10.0,11.0,17.0,10.333333333333334,0.5773502691896241,2.0,0.0,3.0,1.0,1.0000000000000013,0.2,0.0,0.17647058823529413,0.10000000000000009,0.09999999999999921,0.13999999999999999,0.0,0.12352941176470586,0.06999999999999995,0.06999999999999931,-0.039999999999999994,0.0,0.029411764705882353,-0.0066666666666666645,0.030550504633039696,-0.19999999999999998,0.0,0.16666666666666666,-8.326672684688674e-17,0.2000000000000009,-0.2571428571428572,0.0,0.16666666666666669,-0.019047619047619212,0.22916589362887624,-0.2,0.0,-0.11764705882352941,-0.06666666666666667,0.11547005383792518,-1.0,0.0,-0.6666666666666666,-0.3333333333333333,0.5773502691896257,-1.0,0.0,-0.6666666666666667,-0.3333333333333335,0.5773502691896257,0.5,0.0,0.29411764705882354,0.16666666666666674,0.2886751345948134,2.5,0.0,1.6666666666666667,0.833333333333333,1.4433756729740612,2.571428571428572,0.0,1.6666666666666667,0.8571428571428573,1.4846149779161806,0.0,0.0,0.0,0.0,0.0,0.0,0.0,0.0,0.0,0.0,0.2,0.0,0.11764705882352941,0.06666666666666671,0.11547005383792545,1.0,0.0,0.6666666666666666,0.3333333333333333,0.5773502691896256,0.536193029490617,74.6,0.40376850605652326,74.49999999999999,0.17320508075852775,-125.74438833925198,-0.3796552926830556,-48.7279183083929,10.781595885730312,62.68521739130435,1.7104441912213275,0.2666666666666595,high,high,1.0,0,0,1
2006-05-01,75.2,27.0,0.0,0.0,43.03703703703704,0.0,0.0,0.0,0.0,0.0,0.0,0.0,0.0,0.0,0.0,0.0,0.0,1.0,0.0,0.0,0.0,0.0,0.0,0.0,0.0,0.0,0.0,0.0,0.0,0.0,0.0,0.0,0.0,0.0,0.0,0.0,0.0,10.0,0.13999999999999999,-0.009999999999999998,0.1,0.2,2.0,4002.0,3782.0,-0.1,0.2,0.0,0.1,0.9,1.4,2.0,0.0,1.0,1.0,0.0,0.0,0.0,0.0,0.0,0.0,0.0,0.0,0.0,0.0,1.0,1.0,0.2,-0.04999999999999999,-0.5,1.0,-0.05000000000000001,-0.5,1.0,0.0,0.5,0.5,0.10250750899633702,70.84409090909091,0,0,1,0.0,0.0,0.0,0.0,0.0,0.0,0.0,1.0,0.0,0.0,1.0,1.0,0.0,1.0,0.0,10.0,10.0,11.0,10.0,0.0,1.0,2.0,0.0,1.6666666666666667,0.5773502691896252,0.1,0.2,0.0,0.16666666666666674,0.057735026918961325,0.06999999999999999,0.13999999999999999,0.0,0.11666666666666663,0.040414518843272886,0.02,-0.039999999999999994,0.0,-0.009999999999999997,0.030000000000000766,0.2,-0.19999999999999998,0.0,-0.016666666666666746,0.2020725942163699,0.19999999999999998,-0.2571428571428572,0.0,-0.035714285714285886,0.2289060051280302,0.0,-0.2,0.0,-0.10000000000000002,0.10000000000000003,0.0,-1.0,0.0,-0.5,0.49999999999999994,0.0,-1.0,0.0,-0.5000000000000001,0.49999999999999994,0.0,0.5,0.0,0.2333333333333334,0.2516611478423589,0.0,2.5,0.0,1.1666666666666663,1.2583057392117887,0.0,2.571428571428572,0.0,1.1904761904761907,1.2962531036967806,0.0,0.0,0.0,0.0,0.0,0.0,0.0,0.0,0.0,0.0,0.0,0.2,0.0,0.10000000000000005,0.10000000000000032,0.0,1.0,0.0,0.5,0.5,0.2666666666666595,75.0,0.536193029490617,74.63333333333333,0.35118845842926255,4.877818058685723,0.09773993289884962,-125.74438833925198,2.016607722480712,69.44368421052631,10.781595885730312,-0.13297872340426453,medium,high,1.0,0,0,1
2006-06-01,75.1,23.0,0.0,0.0,36.26086956521739,0.0,0.0,0.0,0.0,0.0,0.0,0.0,0.0,0.0,0.0,0.0,0.0,1.0,0.0,0.0,0.0,0.0,0.0,0.0,0.0,0.0,0.0,0.0,0.0,0.0,0.0,0.0,0.0,0.0,0.0,0.0,0.0,14.0,0.049999999999999996,-0.02142857142857143,0.07142857142857142,0.07142857142857142,1.0,5362.071428571428,4749.5,-0.07142857142857142,0.14285714285714285,0.0,0.07142857142857142,0.9285714285714286,0.7,1.0,0.0,1.0,0.0,0.0,0.0,0.0,0.0,0.0,0.0,0.0,0.0,0.0,0.0,1.0,1.0,0.07142857142857142,-0.3,-1.0,2.0,-0.3,-1.0,2.0,0.0,1.0,0.0,0.15176945157123375,70.9509090909091,0,0,1,0.0,0.0,0.0,0.0,0.0,0.0,0.0,0.0,0.0,0.0,1.0,1.0,1.0,1.0,0.0,10.0,10.0,10.0,11.333333333333334,2.3094010767585043,2.0,1.0,2.0,1.3333333333333333,0.5773502691896267,0.2,0.1,0.2,0.12380952380952388,0.06751165180360756,0.13999999999999999,0.06999999999999999,0.13999999999999999,0.08666666666666663,0.04725815626252515,-0.009999999999999998,0.02,-0.039999999999999994,-0.003809523809523809,0.021396801846344893,-0.04999999999999999,0.2,-0.19999999999999998,-0.05000000000000008,0.25000000000000067,-0.05000000000000001,0.19999999999999998,-0.2571428571428572,-0.050000000000000155,0.25000000000000056,-0.1,0.0,-0.2,-0.05714285714285714,0.05150787536377132,-0.5,0.0,-1.0,-0.5,0.49999999999999994,-0.5,0.0,-1.0,-0.5000000000000001,0.49999999999999994,0.2,0.0,0.5,0.11428571428571438,0.10301575072754403,1.0,0.0,2.5,0.9999999999999997,0.9999999999999959,1.0,0.0,2.571428571428572,1.0,0.9999999999999993,0.0,0.0,0.0,0.0,0.0,0.0,0.0,0.0,0.0,0.0,0.1,0.0,0.2,0.05714285714285718,0.051507875363771966,0.5,0.0,1.0,0.5,0.5,-0.13297872340426453,75.2,0.2666666666666595,74.93333333333334,0.3055050463314264,48.05691120311688,0.10250750899633702,4.877818058685723,0.15077923994430975,70.84409090909091,2.016607722480712,0.26631158455392434,high,medium,0.0,0,1,0
2006-07-01,75.3,33.0,0.0,0.0,39.21212121212121,0.0,0.0,0.0,0.0,0.0,0.0,0.0,0.0,0.0,0.0,0.0,0.0,1.0,0.0,0.0,0.0,0.0,0.0,0.0,0.0,0.0,0.0,0.0,0.0,0.0,0.0,0.0,0.0,0.0,0.0,0.0,0.0,16.0,0.24062499999999998,-0.0375,0.1875,0.375,6.0,4639.75,4589.8125,-0.0625,0.6875,0.0625,0.125,0.8125,3.8499999999999996,4.0,1.0,2.0,3.0,1.0,1.0,0.0,0.0,1.0,1.0,0.0,0.0,0.0,0.0,2.0,2.0,0.25,-0.09999999999999999,-0.16666666666666666,1.8333333333333333,-0.15844155844155847,-0.18181818181818182,2.272727272727273,0.16666666666666666,0.3333333333333333,0.5,-0.0986313052880709,74.41105263157894,0,0,1,0.0,0.0,0.0,0.0,0.0,0.0,0.0,0.0,0.0,0.0,1.0,1.0,1.0,1.0,0.0,14.0,10.0,10.0,13.333333333333334,3.055050463303897,1.0,2.0,1.0,3.0,2.645751311064589,0.07142857142857142,0.2,0.1,0.21547619047619057,0.1523763020123728,0.049999999999999996,0.13999999999999999,0.06999999999999999,0.1435416666666666,0.09536183832295428,-0.02142857142857143,-0.009999999999999998,0.02,-0.022976190476190473,0.013815167155610455,-0.3,-0.04999999999999999,0.2,-0.15000000000000008,0.13228756555323057,-0.3,-0.05000000000000001,0.19999999999999998,-0.16948051948051965,0.12536504295701809,-0.07142857142857142,-0.1,0.0,-0.07797619047619048,0.0195886698475053,-1.0,-0.5,0.0,-0.5555555555555556,0.4194352464039305,-1.0,-0.5,0.0,-0.5606060606060608,0.41244416935806666,0.14285714285714285,0.2,0.0,0.34345238095238106,0.29932073042117247,2.0,1.0,0.0,1.6111111111111107,0.5357583756107148,2.0,1.0,0.0,1.7575757575757578,0.6701013450756333,0.0,0.0,0.0,0.020833333333333332,0.036084391824351664,0.0,0.0,0.0,0.05555555555555555,0.0962250448649379,0.07142857142857142,0.1,0.0,0.09880952380952385,0.026805548212376722,1.0,0.5,0.0,0.611111111111111,0.3469443332443556,0.26631158455392434,75.1,-0.13297872340426453,75.10000000000001,0.10000000000328661,-164.98758759879803,0.15176945157123375,48.05691120311688,4.876813539113889,70.9509090909091,0.15077923994430975,0.0,medium,high,1.0,0,0,1
2006-08-01,75.3,33.0,0.0,0.0,44.0,0.0,0.0,0.0,0.0,0.0,0.0,0.0,0.0,0.0,0.0,0.0,0.0,1.0,0.0,0.0,0.0,0.0,0.0,0.0,0.0,0.0,0.0,0.0,0.0,0.0,0.0,0.0,0.0,0.0,0.0,0.0,0.0,13.0,0.06538461538461539,-0.015384615384615385,0.07692307692307693,0.07692307692307693,1.0,6108.923076923077,5648.2307692307695,-0.07692307692307693,0.23076923076923078,0.0,0.07692307692307693,0.9230769230769231,0.85,1.0,0.0,1.0,0.0,0.0,0.0,0.0,0.0,0.0,0.0,0.0,0.0,0.0,0.0,1.0,1.0,0.07692307692307693,-0.2,-1.0,3.0,-0.2,-1.0,3.0,0.0,1.0,0.0,0.06620305422601261,73.04304347826087,0,0,1,0.0,0.0,0.0,0.0,0.0,0.0,0.0,0.0,0.0,0.0,1.0,1.0,1.0,1.0,0.0,16.0,14.0,10.0,14.333333333333334,1.5275252316519565,6.0,1.0,2.0,2.6666666666666665,2.8867513459481278,0.375,0.07142857142857142,0.2,0.1744505494505495,0.1737026453005884,0.24062499999999998,0.049999999999999996,0.13999999999999999,0.11866987179487176,0.10589599411346969,-0.0375,-0.02142857142857143,-0.009999999999999998,-0.02477106227106227,0.011430299337538865,-0.09999999999999999,-0.3,-0.04999999999999999,-0.2000000000000001,0.10000000000000121,-0.15844155844155847,-0.3,-0.05000000000000001,-0.21948051948051964,0.07276205105367106,-0.0625,-0.07142857142857142,-0.1,-0.07028388278388278,0.007279355812996987,-0.16666666666666666,-1.0,-0.5,-0.7222222222222222,0.4811252243246881,-0.18181818181818182,-1.0,-0.5,-0.7272727272727275,0.4723774929733302,0.6875,0.14285714285714285,0.2,0.35370879120879134,0.29239453158359197,1.8333333333333333,2.0,1.0,2.2777777777777772,0.630989816200029,2.272727272727273,2.0,1.0,2.4242424242424243,0.516930973007025,0.0625,0.0,0.0,0.020833333333333332,0.036084391824351664,0.16666666666666666,0.0,0.0,0.05555555555555555,0.09622504486493788,0.125,0.07142857142857142,0.1,0.09111721611721617,0.02947167590064967,0.3333333333333333,1.0,0.5,0.7777777777777777,0.38490017945975075,0.0,75.3,0.26631158455392434,75.2,0.10000000000336298,-167.12174601426432,-0.0986313052880709,-164.98758759879803,-1.838448866045883,74.41105263157894,4.876813539113889,0.6640106241699861,high,medium,0.0,0,1,0
2006-09-01,75.8,29.0,0.0,0.0,46.51724137931034,0.0,0.0,0.0,0.0,0.0,0.0,0.0,0.0,0.0,0.0,0.0,0.0,1.0,0.0,0.0,0.0,0.0,0.0,0.0,0.0,0.0,0.0,0.0,0.0,0.0,0.0,0.0,0.0,0.0,0.0,0.0,0.0,10.0,0.395,-0.21000000000000002,0.4,0.5,5.0,4357.2,4352.1,-0.1,1.4,0.2,0.3,0.5,3.95,5.0,2.0,3.0,0.0,1.0,1.0,0.0,0.0,0.0,0.0,1.0,1.0,0.0,0.0,3.0,3.0,0.5,-0.42000000000000004,-0.2,2.8,-0.440506329113924,-0.24050632911392406,2.8227848101265822,0.4,0.6,0.0,-0.6426536030666756,63.798,0,0,1,0.0,0.0,0.0,0.0,0.0,0.0,0.0,0.0,0.0,0.0,1.0,1.0,1.0,1.0,0.0,13.0,16.0,14.0,13.0,3.0000000000000036,1.0,6.0,1.0,4.0,2.645751311064588,0.07692307692307693,0.375,0.07142857142857142,0.31730769230769235,0.2173587414511019,0.06538461538461539,0.24062499999999998,0.049999999999999996,0.23366987179487175,0.16491772433564955,-0.015384615384615385,-0.0375,-0.02142857142857143,-0.08762820512820513,0.10655240351245067,-0.2,-0.09999999999999999,-0.3,-0.2400000000000001,0.16370705543744968,-0.2,-0.15844155844155847,-0.3,-0.2663159625184943,0.1522776703170213,-0.07692307692307693,-0.0625,-0.07142857142857142,-0.07980769230769232,0.01891568805087131,-1.0,-0.16666666666666666,-1.0,-0.45555555555555555,0.4717971943458254,-1.0,-0.18181818181818182,-1.0,-0.4741081703107021,0.45638003578018166,0.23076923076923078,0.6875,0.14285714285714285,0.7727564102564104,0.589259399200684,3.0,1.8333333333333333,2.0,2.544444444444444,0.623906450727398,3.0,2.272727272727273,2.0,2.6985040276179517,0.3792303912325463,0.0,0.0625,0.0,0.08750000000000001,0.10231690964840565,0.0,0.16666666666666666,0.0,0.18888888888888888,0.20092379244472358,0.07692307692307693,0.125,0.07142857142857142,0.16730769230769235,0.11740223176613253,1.0,0.3333333333333333,1.0,0.6444444444444444,0.33554819712314454,0.6640106241699861,75.3,0.0,75.23333333333333,0.11547005384086056,-1070.731049465937,0.06620305422601261,-167.12174601426432,-12.656980101072024,73.04304347826087,-1.838448866045883,-0.395778364116095,low,high,1.0,0,0,1
2006-10-01,75.5,29.0,0.0,0.0,45.96551724137931,0.0,0.0,0.0,0.0,0.0,0.0,0.0,0.0,0.0,0.0,0.0,0.0,1.0,0.0,0.0,0.0,0.0,0.0,0.0,0.0,0.0,0.0,0.0,0.0,0.0,0.0,0.0,0.0,0.0,0.0,0.0,0.0,15.0,0.2,-0.12666666666666665,0.26666666666666666,0.3333333333333333,5.0,4410.933333333333,4410.933333333333,-0.2,0.6,0.0,0.2,0.8,3.0,2.0,0.0,3.0,2.0,0.0,0.0,0.0,0.0,0.0,0.0,0.0,0.0,0.0,0.0,3.0,3.0,0.13333333333333333,-0.38,-0.6,1.8,-0.4033333333333333,-0.6666666666666666,2.0,0.0,0.6,0.4,-0.5156825929687016,58.89318181818182,0,0,1,0.0,0.0,0.0,0.0,0.0,0.0,0.0,0.0,0.0,0.0,1.0,1.0,1.0,1.0,0.0,10.0,13.0,16.0,12.666666666666666,2.516611478423587,5.0,1.0,6.0,3.6666666666666665,2.3094010767585007,0.5,0.07692307692307693,0.375,0.30341880341880345,0.2131189340135327,0.395,0.06538461538461539,0.24062499999999998,0.2201282051282051,0.16572698610983452,-0.21000000000000002,-0.015384615384615385,-0.0375,-0.11735042735042735,0.09764159573919624,-0.42000000000000004,-0.2,-0.09999999999999999,-0.3333333333333335,0.11718930554164692,-0.440506329113924,-0.2,-0.15844155844155847,-0.3479465541490859,0.12946657895869232,-0.1,-0.07692307692307693,-0.0625,-0.12564102564102564,0.06542231190857994,-0.2,-1.0,-0.16666666666666666,-0.6,0.4,-0.24050632911392406,-1.0,-0.18181818181818182,-0.6357243319268637,0.3806911216306,1.4,0.23076923076923078,0.6875,0.7435897435897437,0.5976944526906037,2.8,3.0,1.8333333333333333,2.5333333333333328,0.6429100507328634,2.8227848101265822,3.0,2.272727272727273,2.6075949367088604,0.5336009850217164,0.2,0.0,0.0625,0.06666666666666667,0.11547005383792518,0.4,0.0,0.16666666666666666,0.13333333333333333,0.23094010767585035,0.3,0.07692307692307693,0.125,0.19230769230769237,0.11173722343333833,0.6,1.0,0.3333333333333333,0.7333333333333334,0.23094010767585063,-0.395778364116095,75.8,0.6640106241699861,75.46666666666667,0.2886751345960467,-19.757301521703408,-0.6426536030666756,-1070.731049465937,-7.688043797326216,63.798,-12.656980101072024,-0.13245033112582183,medium,low,-1.0,1,0,0
2006-11-01,75.4,24.0,0.0,0.0,43.833333333333336,0.0,0.0,0.0,0.0,0.0,0.0,0.0,0.0,0.0,0.0,0.0,0.0,1.0,0.0,0.0,0.0,0.0,0.0,0.0,0.0,0.0,0.0,0.0,0.0,0.0,0.0,0.0,0.0,0.0,0.0,0.0,0.0,11.0,0.0,0.0,0.0,0.0,0.0,4920.545454545455,4571.272727272727,0.0,0.0,0.0,0.0,1.0,0.0,0.0,0.0,0.0,0.0,0.0,0.0,0.0,0.0,0.0,0.0,0.0,0.0,0.0,0.0,0.0,0.0,0.0,0.0,0.0,0.0,0.0,0.0,0.0,0.0,0.0,0.0,-0.23494779886512412,59.0825,0,1,0,0.0,0.0,0.0,0.0,0.0,0.0,0.0,0.0,0.3333333333333333,0.5773502691896257,1.0,1.0,1.0,0.6666666666666666,0.5773502691896262,15.0,10.0,13.0,12.0,2.645751311064594,5.0,5.0,1.0,3.3333333333333335,2.886751345948127,0.3333333333333333,0.5,0.07692307692307693,0.27777777777777785,0.2545875386086575,0.2,0.395,0.06538461538461539,0.19833333333333333,0.19750527419118027,-0.12666666666666665,-0.21000000000000002,-0.015384615384615385,-0.11222222222222222,0.1057425244709124,-0.38,-0.42000000000000004,-0.2,-0.2666666666666668,0.23180451534284988,-0.4033333333333333,-0.440506329113924,-0.2,-0.2812798874824192,0.24430358006058334,-0.2,-0.1,-0.07692307692307693,-0.10000000000000002,0.10000000000000005,-0.6,-0.2,-1.0,-0.26666666666666666,0.3055050463303891,-0.6666666666666666,-0.24050632911392406,-1.0,-0.3023909985935304,0.3376142700606139,0.6,1.4,0.23076923076923078,0.6666666666666669,0.7023769168568492,1.8,2.8,3.0,1.533333333333333,1.4189197769195154,2.0,2.8227848101265822,3.0,1.6075949367088604,1.451728218828418,0.0,0.2,0.0,0.06666666666666667,0.11547005383792518,0.0,0.4,0.0,0.13333333333333333,0.23094010767585035,0.2,0.3,0.07692307692307693,0.16666666666666674,0.15275252316519486,0.6,0.6,1.0,0.39999999999999997,0.34641016151377535,-0.13245033112582183,75.5,-0.395778364116095,75.53333333333333,0.2516611478437937,-54.4394551864612,-0.5156825929687016,-19.757301521703408,0.3214602709064929,58.89318181818182,-7.688043797326216,0.2652519893899141,high,medium,0.0,0,1,0
2006-12-01,75.6,19.0,0.0,0.0,44.05263157894737,0.0,0.0,0.0,0.0,0.0,0.0,0.0,0.0,0.0,0.0,0.0,0.0,1.0,0.0,0.0,0.0,0.0,0.0,0.0,0.0,0.0,0.0,0.0,0.0,0.0,0.0,0.0,0.0,0.0,0.0,0.0,0.0,7.0,0.0,0.0,0.0,0.0,0.0,7028.714285714285,6627.571428571428,0.0,0.0,0.0,0.0,1.0,0.0,0.0,0.0,0.0,0.0,0.0,0.0,0.0,0.0,0.0,0.0,0.0,0.0,0.0,0.0,0.0,0.0,0.0,0.0,0.0,0.0,0.0,0.0,0.0,0.0,0.0,0.0,-0.46482808131665454,61.959,0,1,0,0.0,0.0,0.0,0.0,0.0,1.0,0.0,0.0,0.6666666666666666,0.5773502691896258,0.0,1.0,1.0,0.3333333333333333,0.5773502691896263,11.0,15.0,10.0,11.0,4.000000000000001,0.0,5.0,5.0,1.6666666666666667,2.886751345948128,0.0,0.3333333333333333,0.5,0.11111111111111117,0.19245008972987496,0.0,0.2,0.395,0.06666666666666665,0.11547005383792475,0.0,-0.12666666666666665,-0.21000000000000002,-0.04222222222222222,0.07313103409735287,0.0,-0.38,-0.42000000000000004,-0.12666666666666676,0.21939310229205847,0.0,-0.4033333333333333,-0.440506329113924,-0.13444444444444456,0.2328646085731496,0.0,-0.2,-0.1,-0.06666666666666667,0.11547005383792519,0.0,-0.6,-0.2,-0.19999999999999996,0.34641016151377524,0.0,-0.6666666666666666,-0.24050632911392406,-0.2222222222222224,0.3849001794597504,0.0,0.6,1.4,0.20000000000000015,0.3464101615137758,0.0,1.8,2.8,0.5999999999999998,1.0392304845413212,0.0,2.0,2.8227848101265822,0.6666666666666666,1.1547005383792517,0.0,0.0,0.2,0.0,0.0,0.0,0.0,0.4,0.0,0.0,0.0,0.2,0.3,0.06666666666666671,0.11547005383792545,0.0,0.6,0.6,0.19999999999999998,0.3464101615137752,0.2652519893899141,75.4,-0.13245033112582183,75.56666666666668,0.2081665999483537,97.84313092607316,-0.23494779886512412,-54.4394551864612,4.868615918419161,59.0825,0.3214602709064929,-0.2645502645502451,low,high,1.0,0,0,1
2007-01-01,75.4,40.0,0.0,0.0,43.4,0.0,0.0,0.0,0.0,0.0,0.0,0.0,0.0,0.0,0.0,0.0,0.0,1.0,0.0,0.0,0.0,0.0,0.0,0.0,0.0,0.0,0.0,0.0,0.0,0.0,0.0,0.0,0.0,0.0,0.0,0.0,0.0,12.0,0.05833333333333333,-0.041666666666666664,0.08333333333333333,0.08333333333333333,1.0,4079.5833333333335,4079.5833333333335,0.0,0.0,0.0,0.0,1.0,0.7,1.0,0.0,0.0,1.0,0.0,0.0,0.0,0.0,0.0,0.0,0.0,0.0,0.0,0.0,0.0,0.0,0.08333333333333333,-0.5,0.0,0.0,-0.5,0.0,0.0,0.0,0.0,1.0,-0.8800339505414219,54.50619047619048,0,0,1,0.0,0.0,0.0,0.0,0.0,1.0,1.0,0.0,0.6666666666666666,0.5773502691896258,0.0,0.0,1.0,0.3333333333333333,0.5773502691896263,7.0,11.0,15.0,10.0,2.6457513110645916,0.0,0.0,5.0,0.3333333333333333,0.5773502691896291,0.0,0.0,0.3333333333333333,0.02777777777777785,0.04811252243246769,0.0,0.0,0.2,0.019444444444444424,0.033678765702726446,0.0,0.0,-0.12666666666666665,-0.013888888888888888,0.024056261216235393,0.0,0.0,-0.38,-0.16666666666666674,0.2886751345948133,0.0,0.0,-0.4033333333333333,-0.16666666666666682,0.2886751345948133,0.0,0.0,-0.2,0.0,0.0,0.0,0.0,-0.6,0.0,0.0,0.0,0.0,-0.6666666666666666,0.0,0.0,0.0,0.0,0.6,0.0,0.0,0.0,0.0,1.8,0.0,0.0,0.0,0.0,2.0,0.0,0.0,0.0,0.0,0.0,0.0,0.0,0.0,0.0,0.0,0.0,0.0,0.0,0.0,0.2,0.0,0.0,0.0,0.0,0.6,0.0,0.0,-0.2645502645502451,75.6,0.2652519893899141,75.5,0.1000000000035762,89.32460965969844,-0.46482808131665454,97.84313092607316,-12.028614928919968,61.959,4.868615918419161,-3.7135278514588976,low,low,-1.0,1,0,0
2007-02-01,72.6,21.0,0.0,0.0,43.19047619047619,0.0,0.0,0.0,0.0,0.0,0.0,0.0,0.0,0.0,0.0,0.0,0.0,1.0,0.0,0.0,0.0,0.0,0.0,0.0,0.0,0.0,0.0,0.0,0.0,0.0,0.0,0.0,0.0,0.0,0.0,0.0,0.0,10.0,0.23500000000000001,-0.06999999999999999,0.2,0.3,3.0,5937.4,5789.3,-0.2,0.6,0.0,0.2,0.8,2.35,3.0,0.0,2.0,1.0,0.0,0.0,0.0,0.0,0.0,0.0,0.0,0.0,0.0,0.0,2.0,2.0,0.3,-0.2333333333333333,-0.6666666666666666,2.0,-0.26170212765957446,-0.702127659574468,2.106382978723404,0.0,0.6666666666666666,0.3333333333333333,-0.7145792057062179,59.27894736842105,0,0,1,0.0,0.0,0.0,0.0,0.0,0.0,1.0,1.0,0.3333333333333333,0.5773502691896257,1.0,0.0,0.0,0.6666666666666666,0.5773502691896263,12.0,7.0,11.0,9.666666666666666,2.5166114784235836,1.0,0.0,0.0,1.3333333333333333,1.5275252316519463,0.08333333333333333,0.0,0.0,0.12777777777777785,0.15485955405295912,0.05833333333333333,0.0,0.0,0.09777777777777776,0.12236481580972561,-0.041666666666666664,0.0,0.0,-0.03722222222222222,0.03521100417220242,-0.5,0.0,0.0,-0.24444444444444455,0.25018511664883825,-0.5,0.0,0.0,-0.2539007092198583,0.25009127653169716,0.0,0.0,0.0,-0.06666666666666667,0.11547005383792519,0.0,0.0,0.0,-0.2222222222222222,0.3849001794597503,0.0,0.0,0.0,-0.23404255319148948,0.4053735932608009,0.0,0.0,0.0,0.20000000000000015,0.3464101615137758,0.0,0.0,0.0,0.6666666666666664,1.154700538379247,0.0,0.0,0.0,0.702127659574468,1.2161207797824034,0.0,0.0,0.0,0.0,0.0,0.0,0.0,0.0,0.0,0.0,0.0,0.0,0.0,0.06666666666666671,0.11547005383792545,0.0,0.0,0.0,0.2222222222222222,0.3849001794597503,-3.7135278514588976,75.4,-0.2645502645502451,75.46666666666667,0.11547005384100316,-18.800950205774612,-0.8800339505414219,89.32460965969844,8.756357489917432,54.50619047619048,-12.028614928919968,-1.377410468319562,low,low,-1.0,1,0,0
2007-03-01,71.6,22.0,0.0,0.0,39.81818181818182,0.0,0.0,0.0,0.0,0.0,0.0,0.0,0.0,0.0,0.0,0.0,0.0,1.0,0.0,0.0,0.0,0.0,0.0,0.0,0.0,0.0,0.0,0.0,0.0,0.0,0.0,0.0,0.0,0.0,0.0,0.0,0.0,7.0,0.1142857142857143,-0.07142857142857142,0.14285714285714285,0.14285714285714285,1.0,2625.1428571428573,2625.1428571428573,-0.14285714285714285,0.2857142857142857,0.0,0.14285714285714285,0.8571428571428571,0.8,1.0,0.0,1.0,0.0,0.0,0.0,0.0,0.0,0.0,0.0,0.0,0.0,0.0,0.0,1.0,1.0,0.14285714285714285,-0.5,-1.0,2.0,-0.5,-1.0,2.0,0.0,1.0,0.0,-0.5895540101971689,60.441818181818185,0,0,1,0.0,0.0,0.0,0.0,0.0,0.0,0.0,1.0,0.0,0.0,1.0,1.0,0.0,1.0,0.0,10.0,12.0,7.0,9.666666666666666,2.5166114784235836,3.0,1.0,0.0,1.6666666666666667,1.1547005383792504,0.3,0.08333333333333333,0.0,0.17539682539682544,0.11193852918431832,0.23500000000000001,0.05833333333333333,0.0,0.13587301587301584,0.09029001312517103,-0.06999999999999999,-0.041666666666666664,0.0,-0.06103174603174603,0.016785855003351342,-0.2333333333333333,-0.5,0.0,-0.4111111111111112,0.15396007178390048,-0.26170212765957446,-0.5,0.0,-0.420567375886525,0.1375813407430599,-0.2,0.0,0.0,-0.11428571428571428,0.1030157507275426,-0.6666666666666666,0.0,0.0,-0.5555555555555555,0.5091750772173156,-0.702127659574468,0.0,0.0,-0.5673758865248227,0.513437951708887,0.6,0.0,0.0,0.29523809523809535,0.3001133572683571,2.0,0.0,0.0,1.333333333333333,1.1547005383792486,2.106382978723404,0.0,0.0,1.3687943262411348,1.1866034574376378,0.0,0.0,0.0,0.0,0.0,0.0,0.0,0.0,0.0,0.0,0.2,0.0,0.0,0.11428571428571432,0.10301575072754288,0.6666666666666666,0.0,0.0,0.5555555555555555,0.5091750772173156,-1.377410468319562,72.6,-3.7135278514588976,74.53333333333333,1.6772994167213982,-17.496338335998274,-0.7145792057062179,-18.800950205774612,1.9616927510028859,59.27894736842105,8.756357489917432,-0.13966480446926388,medium,low,-1.0,1,0,0
2007-04-01,71.5,29.0,0.0,0.0,43.275862068965516,0.0,0.0,0.0,0.0,0.0,0.0,0.0,0.0,0.0,0.0,0.0,0.0,1.0,0.0,0.0,0.0,0.0,0.0,0.0,0.0,0.0,0.0,0.0,0.0,0.0,0.0,0.0,0.0,0.0,0.0,0.0,0.0,11.0,0.12727272727272726,-0.06363636363636363,0.18181818181818182,0.18181818181818182,2.0,5127.272727272727,5127.272727272727,0.0,0.0,0.0,0.0,1.0,1.4,1.0,0.0,0.0,2.0,0.0,0.0,0.0,0.0,0.0,0.0,0.0,0.0,0.0,0.0,0.0,0.0,0.09090909090909091,-0.35,0.0,0.0,-0.37142857142857144,0.0,0.0,0.0,0.0,1.0,-0.8302109365549297,63.977,0,0,1,0.0,0.0,0.0,0.0,0.0,0.0,0.0,0.0,0.0,0.0,1.0,1.0,1.0,1.0,0.0,7.0,10.0,12.0,9.333333333333334,2.081665999466133,1.0,3.0,1.0,2.0,0.9999999999999979,0.14285714285714285,0.3,0.08333333333333333,0.2082251082251083,0.08183192353507647,0.1142857142857143,0.23500000000000001,0.05833333333333333,0.15885281385281383,0.0662643274709842,-0.07142857142857142,-0.06999999999999999,-0.041666666666666664,-0.06835497835497835,0.0041483970071236045,-0.5,-0.2333333333333333,-0.5,-0.36111111111111116,0.1336801046168445,-0.5,-0.26170212765957446,-0.5,-0.37771023302938217,0.11927306252814937,-0.14285714285714285,-0.2,0.0,-0.11428571428571428,0.1030157507275426,-1.0,-0.6666666666666666,0.0,-0.5555555555555555,0.5091750772173156,-1.0,-0.702127659574468,0.0,-0.5673758865248227,0.513437951708887,0.2857142857142857,0.6,0.0,0.29523809523809535,0.3001133572683571,2.0,2.0,0.0,1.333333333333333,1.1547005383792488,2.0,2.106382978723404,0.0,1.3687943262411348,1.1866034574376378,0.0,0.0,0.0,0.0,0.0,0.0,0.0,0.0,0.0,0.0,0.14285714285714285,0.2,0.0,0.11428571428571432,0.10301575072754288,1.0,0.6666666666666666,0.0,0.5555555555555555,0.5091750772173156,-0.13966480446926388,71.6,-1.377410468319562,73.2,1.96977156035934,40.82016612477559,-0.5895540101971689,-17.496338335998274,5.848900520410294,60.441818181818185,1.9616927510028859,-1.1188811188811099,low,medium,0.0,0,1,0
2007-05-01,70.7,31.0,0.0,0.0,44.903225806451616,0.0,0.0,0.0,0.0,0.0,0.0,0.0,0.0,0.0,0.0,0.0,0.0,1.0,0.0,0.0,0.0,0.0,0.0,0.0,0.0,0.0,0.0,0.0,0.0,0.0,0.0,0.0,0.0,0.0,0.0,0.0,0.0,16.0,0.04375,-0.0125,0.0625,0.0625,1.0,4546.375,4546.375,-0.0625,0.125,0.0,0.0625,0.9375,0.7,1.0,0.0,1.0,0.0,0.0,0.0,0.0,0.0,0.0,0.0,0.0,0.0,0.0,0.0,1.0,1.0,0.0625,-0.2,-1.0,2.0,-0.19999999999999998,-1.0,2.0,0.0,1.0,0.0,-0.41763209746433394,63.45454545454545,0,0,1,0.0,0.0,0.0,0.0,0.0,0.0,0.0,0.0,0.0,0.0,1.0,1.0,1.0,1.0,0.0,11.0,7.0,10.0,11.333333333333334,4.509249752822896,2.0,1.0,3.0,1.3333333333333333,0.5773502691896244,0.18181818181818182,0.14285714285714285,0.3,0.12905844155844162,0.06084414718152553,0.12727272727272726,0.1142857142857143,0.23500000000000001,0.09510281385281383,0.0449444017040214,-0.06363636363636363,-0.07142857142857142,-0.06999999999999999,-0.04918831168831168,0.03201099477481613,-0.35,-0.5,-0.2333333333333333,-0.3500000000000001,0.15000000000000038,-0.37142857142857144,-0.5,-0.26170212765957446,-0.35714285714285726,0.150509339326468,0.0,-0.14285714285714285,-0.2,-0.06845238095238095,0.07161434175902363,0.0,-1.0,-0.6666666666666666,-0.6666666666666666,0.5773502691896258,0.0,-1.0,-0.702127659574468,-0.6666666666666669,0.5773502691896258,0.0,0.2857142857142857,0.6,0.13690476190476206,0.14322868351804818,0.0,2.0,2.0,1.333333333333333,1.1547005383792488,0.0,2.0,2.106382978723404,1.3333333333333333,1.1547005383792508,0.0,0.0,0.0,0.0,0.0,0.0,0.0,0.0,0.0,0.0,0.0,0.14285714285714285,0.2,0.06845238095238099,0.07161434175902406,0.0,1.0,0.6666666666666666,0.6666666666666666,0.5773502691896258,-1.1188811188811099,71.5,-0.13966480446926388,71.89999999999999,0.6082762530300649,-49.69566418898869,-0.8302109365549297,40.82016612477559,-0.8166287032129405,63.977,5.848900520410294,0.4243281471004279,high,low,-1.0,1,0,0
2007-06-01,71.0,26.0,0.0,0.0,35.23076923076923,0.0,0.0,0.0,0.0,0.0,0.0,0.0,0.0,0.0,0.0,0.0,0.0,1.0,0.0,0.0,0.0,0.0,0.0,0.0,0.0,0.0,0.0,0.0,0.0,0.0,0.0,0.0,0.0,0.0,0.0,0.0,0.0,17.0,0.11764705882352941,-0.00588235294117647,0.058823529411764705,0.17647058823529413,3.0,5015.058823529412,4479.235294117647,-0.058823529411764705,0.11764705882352941,0.0,0.058823529411764705,0.9411764705882353,2.0,1.0,0.0,1.0,2.0,0.0,0.0,0.0,0.0,0.0,0.0,0.0,0.0,0.0,0.0,1.0,1.0,0.058823529411764705,-0.033333333333333326,-0.3333333333333333,0.6666666666666666,-0.08000000000000002,-0.4,0.8,0.0,0.3333333333333333,0.6666666666666666,-0.3786827866925976,67.48904761904762,0,0,1,0.0,0.0,0.0,0.0,0.0,0.0,0.0,0.0,0.0,0.0,1.0,1.0,1.0,1.0,0.0,16.0,11.0,7.0,14.666666666666666,3.2145502536643247,1.0,2.0,1.0,2.0,0.9999999999999979,0.0625,0.18181818181818182,0.14285714285714285,0.14026292335115872,0.06739772529819124,0.04375,0.12727272727272726,0.1142857142857143,0.09622326203208553,0.04569732808917085,-0.0125,-0.06363636363636363,-0.07142857142857142,-0.027339572192513362,0.03160761166218676,-0.2,-0.35,-0.5,-0.19444444444444456,0.15840641588203683,-0.19999999999999998,-0.37142857142857144,-0.5,-0.2171428571428573,0.14646863563401552,-0.0625,0.0,-0.14285714285714285,-0.04044117647058824,0.03507129416974071,-1.0,0.0,-1.0,-0.4444444444444444,0.5091750772173156,-1.0,0.0,-1.0,-0.4666666666666668,0.5033222956847165,0.125,0.0,0.2857142857142857,0.08088235294117661,0.07014258833948353,2.0,0.0,2.0,0.8888888888888885,1.0183501544346267,2.0,0.0,2.0,0.9333333333333332,1.006644591369433,0.0,0.0,0.0,0.0,0.0,0.0,0.0,0.0,0.0,0.0,0.0625,0.0,0.14285714285714285,0.04044117647058827,0.035071294169741626,1.0,0.0,1.0,0.4444444444444444,0.5091750772173156,0.4243281471004279,70.7,-1.1188811188811099,71.26666666666667,0.4932882862318659,-9.326225404660772,-0.41763209746433394,-49.69566418898869,6.358097966980503,63.45454545454545,-0.8166287032129405,-1.6901408450704314,low,high,1.0,0,0,1
2007-07-01,69.8,23.0,0.0,0.0,39.56521739130435,0.0,0.0,0.0,0.0,0.0,0.0,0.0,0.0,0.0,0.0,0.0,0.0,1.0,0.0,0.0,0.0,0.0,0.0,0.0,0.0,0.0,0.0,0.0,0.0,0.0,0.0,0.0,0.0,0.0,0.0,0.0,0.0,12.0,0.09999999999999999,0.049999999999999996,0.0,0.25,3.0,5928.583333333333,5184.25,-0.08333333333333333,0.16666666666666666,0.0,0.08333333333333333,0.9166666666666666,1.2,1.0,0.0,1.0,2.0,0.0,0.0,0.0,0.0,0.0,0.0,0.0,0.0,0.0,0.0,1.0,1.0,0.08333333333333333,0.19999999999999998,-0.3333333333333333,0.6666666666666666,0.24166666666666667,-0.5833333333333334,1.1666666666666667,0.0,0.3333333333333333,0.6666666666666666,-0.43915002341401765,74.11761904761904,0,0,1,0.0,0.0,0.0,0.0,0.0,0.0,0.0,0.0,0.0,0.0,1.0,1.0,1.0,1.0,0.0,17.0,16.0,11.0,15.0,2.645751311064599,3.0,1.0,2.0,2.3333333333333335,1.1547005383792492,0.17647058823529413,0.0625,0.18181818181818182,0.16299019607843143,0.09447408760886228,0.11764705882352941,0.04375,0.12727272727272726,0.08713235294117645,0.038592435545256695,-0.00588235294117647,-0.0125,-0.06363636363636363,0.010539215686274514,0.03433385264050068,-0.033333333333333326,-0.2,-0.35,-0.01111111111111123,0.20092379244472441,-0.08000000000000002,-0.19999999999999998,-0.37142857142857144,-0.012777777777777924,0.22837793562750724,-0.058823529411764705,-0.0625,0.0,-0.068218954248366,0.013217883731506303,-0.3333333333333333,-1.0,0.0,-0.5555555555555555,0.3849001794597506,-0.4,-1.0,0.0,-0.6611111111111113,0.3074687578227047,0.11764705882352941,0.125,0.0,0.13643790849673218,0.026435767463017484,0.6666666666666666,2.0,0.0,1.1111111111111107,0.769800358919496,0.8,2.0,0.0,1.3222222222222222,0.6149375156454082,0.0,0.0,0.0,0.0,0.0,0.0,0.0,0.0,0.0,0.0,0.058823529411764705,0.0625,0.0,0.06821895424836605,0.013217883731508643,0.3333333333333333,1.0,0.0,0.5555555555555555,0.3849001794597506,-1.6901408450704314,71.0,0.4243281471004279,71.06666666666666,0.40414518843301667,15.967780645520978,-0.3786827866925976,-9.326225404660772,9.821699464463363,67.48904761904762,6.358097966980503,-1.002865329512903,low,low,-1.0,1,0,0
2007-08-01,69.1,20.0,0.0,0.0,40.4,0.0,0.0,0.0,0.0,0.0,0.0,0.0,0.0,0.0,0.0,0.0,0.0,1.0,0.0,0.0,0.0,0.0,0.0,0.0,0.0,0.0,0.0,0.0,0.0,0.0,0.0,0.0,0.0,0.0,0.0,0.0,0.0,9.0,0.07777777777777778,0.022222222222222223,0.0,0.1111111111111111,1.0,3951.222222222222,3951.222222222222,0.0,0.0,0.0,0.0,1.0,0.7,1.0,0.0,0.0,1.0,0.0,0.0,0.0,0.0,0.0,0.0,0.0,0.0,0.0,0.0,0.0,0.0,0.1111111111111111,0.2,0.0,0.0,0.19999999999999998,0.0,0.0,0.0,0.0,1.0,-0.11264639754137579,72.35608695652174,0,0,1,0.0,0.0,0.0,0.0,0.0,0.0,0.0,0.0,0.0,0.0,1.0,1.0,1.0,1.0,0.0,12.0,17.0,16.0,12.666666666666666,4.041451884327384,3.0,3.0,1.0,2.3333333333333335,1.1547005383792492,0.25,0.17647058823529413,0.0625,0.17919389978213515,0.06948448160224897,0.09999999999999999,0.11764705882352941,0.04375,0.09847494553376905,0.01997834417863329,0.049999999999999996,-0.00588235294117647,-0.0125,0.022113289760348587,0.027941335728120575,0.19999999999999998,-0.033333333333333326,-0.2,0.12222222222222212,0.13471506281091417,0.24166666666666667,-0.08000000000000002,-0.19999999999999998,0.1205555555555554,0.17493120340844398,-0.08333333333333333,-0.058823529411764705,-0.0625,-0.04738562091503268,0.04282791641202998,-0.3333333333333333,-0.3333333333333333,-1.0,-0.2222222222222222,0.1924500897298752,-0.5833333333333334,-0.4,-1.0,-0.32777777777777795,0.29829763908130624,0.16666666666666666,0.11764705882352941,0.125,0.09477124183006551,0.08565583282406163,0.6666666666666666,0.6666666666666666,2.0,0.44444444444444414,0.3849001794597362,1.1666666666666667,0.8,2.0,0.6555555555555556,0.5965952781626138,0.0,0.0,0.0,0.0,0.0,0.0,0.0,0.0,0.0,0.0,0.08333333333333333,0.058823529411764705,0.0625,0.04738562091503271,0.04282791641203072,0.3333333333333333,0.3333333333333333,1.0,0.2222222222222222,0.1924500897298752,-1.002865329512903,69.8,-1.6901408450704314,70.5,0.62449979983999,-74.3489942991131,-0.43915002341401765,15.967780645520978,-2.3766711798520634,74.11761904761904,9.821699464463363,-0.8683068017366069,low,low,-1.0,1,0,0
2007-09-01,68.5,15.0,0.0,0.0,41.13333333333333,0.0,0.0,0.0,0.0,0.0,0.0,0.0,0.0,0.0,0.0,0.0,0.0,1.0,0.0,0.0,0.0,0.0,0.0,0.0,0.0,0.0,0.0,0.0,0.0,0.0,0.0,0.0,0.0,0.0,0.0,0.0,0.0,5.0,0.13999999999999999,-0.06,0.2,0.2,1.0,2424.0,2424.0,0.2,0.4,0.2,0.0,0.8,0.7,1.0,1.0,0.0,0.0,0.0,0.0,0.0,0.0,0.0,0.0,1.0,1.0,0.0,0.0,0.0,0.0,0.2,-0.3,1.0,2.0,-0.3,1.0,2.0,1.0,0.0,0.0,-0.042428807560074625,79.91473684210526,0,0,1,0.0,0.0,0.0,0.0,0.0,0.0,0.0,0.0,0.0,0.0,1.0,1.0,1.0,1.0,0.0,9.0,12.0,17.0,8.666666666666666,3.511884584284246,1.0,3.0,3.0,1.6666666666666667,1.1547005383792504,0.1111111111111111,0.25,0.17647058823529413,0.1870370370370371,0.07034599967860128,0.07777777777777778,0.09999999999999999,0.11764705882352941,0.10592592592592591,0.0315315505982103,0.022222222222222223,0.049999999999999996,-0.00588235294117647,0.0040740740740740815,0.05720154246963451,0.2,0.19999999999999998,-0.033333333333333326,0.033333333333333215,0.2886751345948135,0.19999999999999998,0.24166666666666667,-0.08000000000000002,0.047222222222222075,0.3014240890862605,0.0,-0.08333333333333333,-0.058823529411764705,0.038888888888888896,0.14561491580090175,0.0,-0.3333333333333333,-0.3333333333333333,0.22222222222222224,0.6938886664887108,0.0,-0.5833333333333334,-0.4,0.13888888888888873,0.8007519614110871,0.0,0.16666666666666666,0.11764705882352941,0.18888888888888902,0.20092379244472425,0.0,0.6666666666666666,0.6666666666666666,0.8888888888888885,1.0183501544346267,0.0,1.1666666666666667,0.8,1.0555555555555556,1.0046189622236177,0.0,0.0,0.0,0.06666666666666667,0.11547005383792518,0.0,0.0,0.0,0.3333333333333333,0.5773502691896257,0.0,0.08333333333333333,0.058823529411764705,0.027777777777777814,0.04811252243246953,0.0,0.3333333333333333,0.3333333333333333,0.1111111111111111,0.19245008972987515,-0.8683068017366069,69.1,-1.002865329512903,69.96666666666667,0.9609023536933753,-62.334518913940194,-0.11264639754137579,-74.3489942991131,10.446460282084447,72.35608695652174,-2.3766711798520634,-1.0218978102189857,low,low,-1.0,1,0,0
2007-10-01,67.8,27.0,0.0,0.0,37.48148148148148,0.0,0.0,0.0,0.0,0.0,0.0,0.0,0.0,0.0,0.0,0.0,0.0,1.0,0.0,0.0,0.0,0.0,0.0,0.0,0.0,0.0,0.0,0.0,0.0,0.0,0.0,0.0,0.0,0.0,0.0,0.0,0.0,15.0,0.05333333333333334,0.04,0.0,0.06666666666666667,1.0,4978.4,4796.733333333334,-0.06666666666666667,0.13333333333333333,0.0,0.06666666666666667,0.9333333333333333,0.8,1.0,0.0,1.0,0.0,0.0,0.0,0.0,0.0,1.0,1.0,0.0,0.0,0.0,0.0,0.0,0.0,0.06666666666666667,0.6,-1.0,2.0,0.6,-1.0,2.0,0.0,1.0,0.0,-0.6183053220583293,85.7986956521739,0,0,1,0.0,0.0,0.0,0.0,0.0,0.0,0.0,0.0,0.0,0.0,1.0,1.0,1.0,1.0,0.0,5.0,9.0,12.0,9.666666666666666,5.033222956847167,1.0,1.0,3.0,1.0,0.0,0.2,0.1111111111111111,0.25,0.12592592592592597,0.06789001029564119,0.13999999999999999,0.07777777777777778,0.09999999999999999,0.09037037037037034,0.04468453668697881,-0.06,0.022222222222222223,0.049999999999999996,0.0007407407407407479,0.053348763200091846,-0.3,0.2,0.19999999999999998,0.16666666666666655,0.4509249752822899,-0.3,0.19999999999999998,0.24166666666666667,0.16666666666666652,0.45092497528229,0.2,0.0,-0.08333333333333333,0.04444444444444445,0.13877773329774218,1.0,0.0,-0.3333333333333333,0.0,0.9999999999999999,1.0,0.0,-0.5833333333333334,-1.4802973661668753e-16,0.9999999999999998,0.4,0.0,0.16666666666666666,0.17777777777777792,0.2036700308869269,2.0,0.0,0.6666666666666666,1.333333333333333,1.1547005383792488,2.0,0.0,1.1666666666666667,1.3333333333333333,1.154700538379251,0.2,0.0,0.0,0.06666666666666667,0.11547005383792518,1.0,0.0,0.0,0.3333333333333333,0.5773502691896257,0.0,0.0,0.08333333333333333,0.022222222222222258,0.03849001794597595,0.0,0.0,0.3333333333333333,0.3333333333333333,0.5773502691896257,-1.0218978102189857,68.5,-0.8683068017366069,69.13333333333333,0.6506407098647887,1357.2771605303203,-0.042428807560074625,-62.334518913940194,7.362795702742675,79.91473684210526,10.446460282084447,-0.4424778761061954,low,low,-1.0,1,0,0
2007-11-01,67.5,25.0,0.0,0.0,38.52,0.0,0.0,0.0,0.0,0.0,0.0,0.0,0.0,0.0,0.0,0.0,0.0,1.0,0.0,0.0,0.0,0.0,0.0,0.0,0.0,0.0,0.0,0.0,0.0,0.0,0.0,0.0,0.0,0.0,0.0,0.0,0.0,16.0,0.01875,-0.0125,0.0625,0.0625,1.0,3281.625,3281.625,-0.0625,0.0625,0.0,0.0625,0.9375,0.3,0.0,0.0,1.0,0.0,0.0,0.0,0.0,0.0,0.0,0.0,0.0,0.0,0.0,0.0,1.0,1.0,0.0,-0.2,-1.0,1.0,-0.2,-1.0,1.0,0.0,1.0,0.0,-0.4935393947814716,94.77238095238096,0,0,1,0.0,0.0,0.0,0.0,0.0,0.0,0.0,0.0,0.0,0.0,1.0,1.0,1.0,1.0,0.0,15.0,5.0,9.0,12.0,6.082762530298221,1.0,1.0,1.0,1.0,0.0,0.06666666666666667,0.2,0.1111111111111111,0.10972222222222228,0.07821060125167195,0.05333333333333334,0.13999999999999999,0.07777777777777778,0.07069444444444442,0.06246156225439098,0.04,-0.06,0.022222222222222223,-0.010833333333333327,0.050020828994863535,0.6,-0.3,0.2,0.033333333333333215,0.4932882862316251,0.6,-0.3,0.19999999999999998,0.033333333333333194,0.49328828623162513,-0.06666666666666667,0.2,0.0,0.023611111111111114,0.15277146451602266,-1.0,1.0,0.0,-0.3333333333333333,1.1547005383792515,-1.0,1.0,0.0,-0.3333333333333335,1.1547005383792515,0.13333333333333333,0.4,0.0,0.19861111111111127,0.1779675636280498,2.0,2.0,0.0,1.6666666666666663,0.5773502691896217,2.0,2.0,0.0,1.6666666666666667,0.5773502691896241,0.0,0.2,0.0,0.06666666666666667,0.11547005383792518,0.0,1.0,0.0,0.3333333333333333,0.5773502691896257,0.06666666666666667,0.0,0.0,0.04305555555555559,0.03734536016596968,1.0,0.0,0.0,0.6666666666666666,0.5773502691896258,-0.4424778761061954,67.8,-1.0218978102189857,68.46666666666665,0.6506407098647141,-20.178692116301665,-0.6183053220583293,1357.2771605303203,10.458999675923032,85.7986956521739,7.362795702742675,-0.8888888888888835,low,low,-1.0,1,0,0
2007-12-01,66.9,23.0,0.0,0.0,39.391304347826086,0.0,0.0,0.0,0.0,0.0,0.0,0.0,0.0,0.0,0.0,0.0,0.0,1.0,0.0,0.0,0.0,0.0,0.0,0.0,0.0,0.0,0.0,0.0,0.0,0.0,0.0,0.0,0.0,0.0,0.0,0.0,0.0,12.0,0.05833333333333333,-0.016666666666666666,0.08333333333333333,0.08333333333333333,1.0,5755.416666666667,5755.416666666667,-0.08333333333333333,0.25,0.0,0.08333333333333333,0.9166666666666666,0.7,1.0,0.0,1.0,0.0,0.0,0.0,0.0,0.0,0.0,0.0,0.0,0.0,0.0,0.0,1.0,1.0,0.08333333333333333,-0.2,-1.0,3.0,-0.19999999999999998,-1.0,2.9999999999999996,0.0,1.0,0.0,-0.15417915087381232,91.687,0,0,1,0.0,0.0,0.0,0.0,0.0,0.0,0.0,0.0,0.0,0.0,1.0,1.0,1.0,1.0,0.0,16.0,15.0,5.0,14.333333333333334,2.0816659994661406,1.0,1.0,1.0,1.0,0.0,0.0625,0.06666666666666667,0.2,0.0708333333333334,0.011023963796097084,0.01875,0.05333333333333334,0.13999999999999999,0.04347222222222221,0.021555537657492754,-0.0125,0.04,-0.06,0.003611111111111117,0.03158249046075617,-0.2,0.6,-0.3,0.06666666666666654,0.461880215351701,-0.2,0.6,-0.3,0.06666666666666651,0.4618802153517011,-0.0625,-0.06666666666666667,0.2,-0.07083333333333332,0.01102396379610275,-1.0,-1.0,1.0,-1.0,0.0,-1.0,-1.0,1.0,-1.0,0.0,0.0625,0.13333333333333333,0.4,0.14861111111111125,0.09467903870641407,1.0,2.0,2.0,1.9999999999999998,0.9999999999999986,1.0,2.0,2.0,2.0,0.9999999999999983,0.0,0.0,0.2,0.0,0.0,0.0,0.0,1.0,0.0,0.0,0.0625,0.06666666666666667,0.0,0.07083333333333337,0.01102396379610556,1.0,1.0,0.0,1.0,0.0,-0.8888888888888835,67.5,-0.4424778761061954,67.93333333333334,0.5131601439445369,-68.76051790311907,-0.4935393947814716,-20.178692116301665,-3.2555697360090896,94.77238095238096,10.458999675923032,-0.2989536621823663,low,low,-1.0,1,0,0
2008-01-01,66.7,71.0,0.0,0.0,41.028169014084504,0.0,0.0,0.0,0.0,0.0,0.0,0.0,0.0,0.0,0.0,0.0,0.0,1.0,0.0,0.0,0.0,0.0,0.0,0.0,0.0,0.0,0.0,0.0,0.0,0.0,0.0,0.0,0.0,0.0,0.0,0.0,0.0,12.0,0.125,0.0,0.08333333333333333,0.16666666666666666,2.0,6021.083333333333,5607.583333333333,0.0,0.0,0.0,0.0,1.0,1.5,2.0,0.0,0.0,2.0,0.0,0.0,0.0,0.0,0.0,0.0,0.0,0.0,0.0,0.0,0.0,0.0,0.16666666666666666,0.0,0.0,0.0,-0.013333333333333364,0.0,0.0,0.0,0.0,1.0,-0.38141486205195946,92.97047619047619,0,0,1,0.0,0.0,0.0,0.0,0.0,0.0,0.0,0.0,0.0,0.0,1.0,1.0,1.0,1.0,0.0,12.0,16.0,15.0,13.333333333333334,2.3094010767585087,1.0,1.0,1.0,1.3333333333333333,0.5773502691896242,0.08333333333333333,0.0625,0.06666666666666667,0.10416666666666674,0.055119818980511215,0.05833333333333333,0.01875,0.05333333333333334,0.0673611111111111,0.05369721783950826,-0.016666666666666666,-0.0125,0.04,-0.009722222222222217,0.008673608331111627,-0.2,-0.2,0.6,-0.13333333333333344,0.1154700538379261,-0.19999999999999998,-0.2,0.6,-0.13777777777777794,0.1077720502487316,-0.08333333333333333,-0.0625,-0.06666666666666667,-0.048611111111111105,0.04336804165554449,-1.0,-1.0,-1.0,-0.6666666666666666,0.5773502691896258,-1.0,-1.0,-1.0,-0.6666666666666669,0.577350269189626,0.25,0.0625,0.13333333333333333,0.10416666666666681,0.13010412496663448,3.0,1.0,2.0,1.333333333333333,1.5275252316519448,2.9999999999999996,1.0,2.0,1.3333333333333333,1.5275252316519463,0.0,0.0,0.0,0.0,0.0,0.0,0.0,0.0,0.0,0.0,0.08333333333333333,0.0625,0.06666666666666667,0.04861111111111114,0.04336804165554522,1.0,1.0,1.0,0.6666666666666666,0.5773502691896258,-0.2989536621823663,66.9,-0.8888888888888835,67.39999999999999,0.4582575694953186,147.38420200804444,-0.15417915087381232,-68.76051790311907,1.399845333009253,91.687,-3.2555697360090896,0.0,medium,low,-1.0,1,0,0
2008-02-01,66.7,16.0,0.0,0.0,46.75,0.0,0.0,0.0,0.0,0.0,0.0,0.0,0.0,0.0,0.0,0.0,0.0,1.0,0.0,0.0,0.0,0.0,0.0,0.0,0.0,0.0,0.0,0.0,0.0,0.0,0.0,0.0,0.0,0.0,0.0,0.0,0.0,5.0,0.45999999999999996,-0.16,0.4,0.6,3.0,3299.6,3299.6,0.0,1.0,0.2,0.2,0.6,2.3,3.0,1.0,1.0,1.0,0.0,0.0,0.0,0.0,1.0,1.0,1.0,1.0,0.0,0.0,0.0,0.0,0.6,-0.26666666666666666,0.0,1.6666666666666667,-0.291304347826087,-0.04347826086956526,1.6521739130434785,0.3333333333333333,0.3333333333333333,0.3333333333333333,0.45443770206955947,95.386,0,0,1,0.0,0.0,0.0,0.0,0.0,0.0,0.0,0.0,0.0,0.0,1.0,1.0,1.0,1.0,0.0,12.0,12.0,16.0,9.666666666666666,4.041451884327381,2.0,1.0,1.0,2.0,0.9999999999999978,0.16666666666666666,0.08333333333333333,0.0625,0.2833333333333334,0.2773886162848871,0.125,0.05833333333333333,0.01875,0.21444444444444444,0.21525394133269488,0.0,-0.016666666666666666,-0.0125,-0.05888888888888888,0.08796042881339922,0.0,-0.2,-0.2,-0.15555555555555567,0.13877773329774293,-0.013333333333333364,-0.19999999999999998,-0.2,-0.16821256038647361,0.14168557517411806,0.0,-0.08333333333333333,-0.0625,-0.027777777777777773,0.04811252243246885,0.0,-1.0,-1.0,-0.3333333333333333,0.5773502691896258,0.0,-1.0,-1.0,-0.3478260869565219,0.5652173913043477,0.0,0.25,0.0625,0.4166666666666668,0.5204164998665333,0.0,3.0,1.0,1.5555555555555554,1.503083250940963,0.0,2.9999999999999996,1.0,1.5507246376811594,1.5025707858878572,0.0,0.0,0.0,0.06666666666666667,0.11547005383792518,0.0,0.0,0.0,0.1111111111111111,0.19245008972987504,0.0,0.08333333333333333,0.0625,0.09444444444444448,0.10046189622236215,0.0,1.0,1.0,0.4444444444444444,0.5091750772173157,0.0,66.7,-0.2989536621823663,67.03333333333333,0.4163331998928729,-219.14525292086086,-0.38141486205195946,147.38420200804444,2.5981622430059748,92.97047619047619,1.399845333009253,0.0,medium,medium,0.0,0,1,0
2008-03-01,66.7,20.0,0.0,0.0,40.35,0.0,0.0,0.0,0.0,0.0,0.0,0.0,0.0,0.0,0.0,0.0,0.0,1.0,0.0,0.0,0.0,0.0,0.0,0.0,0.0,0.0,0.0,0.0,0.0,0.0,0.0,0.0,0.0,0.0,0.0,0.0,0.0,15.0,0.29333333333333333,-0.23333333333333334,0.4,0.4,6.0,4526.2,3811.6,-0.4,1.1333333333333333,0.0,0.4,0.6,4.4,5.0,0.0,6.0,0.0,0.0,0.0,0.0,0.0,0.0,0.0,0.0,0.0,0.0,0.0,6.0,6.0,0.3333333333333333,-0.5833333333333334,-1.0,2.8333333333333335,-0.5818181818181817,-1.0,2.886363636363636,0.0,1.0,0.0,0.14792863940302234,105.454,0,0,1,0.0,0.0,0.0,0.0,0.0,0.0,0.0,0.0,0.0,0.0,1.0,1.0,1.0,1.0,0.0,5.0,12.0,12.0,10.666666666666666,5.131601439446885,3.0,2.0,1.0,3.6666666666666665,2.0816659994661304,0.6,0.16666666666666666,0.08333333333333333,0.388888888888889,0.2168802366215901,0.45999999999999996,0.125,0.05833333333333333,0.29277777777777775,0.16750069098807183,-0.16,0.0,-0.016666666666666666,-0.1311111111111111,0.11931905563252272,-0.26666666666666666,0.0,-0.2,-0.28333333333333344,0.2920235911322542,-0.291304347826087,-0.013333333333333364,-0.19999999999999998,-0.29548528765920085,0.28426548494783277,0.0,0.0,-0.08333333333333333,-0.13333333333333333,0.23094010767585035,0.0,0.0,-1.0,-0.3333333333333333,0.5773502691896258,-0.04347826086956526,0.0,-1.0,-0.3478260869565219,0.5652173913043477,1.0,0.0,0.25,0.7111111111111112,0.6194382162118379,1.6666666666666667,0.0,3.0,1.4999999999999998,1.4240006242195868,1.6521739130434785,0.0,2.9999999999999996,1.5128458498023714,1.448217177164898,0.2,0.0,0.0,0.06666666666666667,0.11547005383792518,0.3333333333333333,0.0,0.0,0.1111111111111111,0.19245008972987504,0.2,0.0,0.08333333333333333,0.20000000000000004,0.2000000000000002,0.3333333333333333,0.0,1.0,0.4444444444444444,0.5091750772173157,0.0,66.7,0.0,66.76666666666667,0.11547005383648674,-67.44798269832388,0.45443770206955947,-219.14525292086086,10.555008072463457,95.386,2.5981622430059748,-0.14992503748126884,medium,medium,0.0,0,1,0
2008-04-01,66.6,34.0,0.0,0.0,44.55882352941177,0.0,0.0,0.0,0.0,0.0,0.0,0.0,0.0,0.0,0.0,0.0,0.0,1.0,0.0,0.0,0.0,0.0,0.0,0.0,0.0,0.0,0.0,0.0,0.0,0.0,0.0,0.0,0.0,0.0,0.0,0.0,0.0,15.0,0.07333333333333333,0.006666666666666665,0.06666666666666667,0.13333333333333333,2.0,4496.733333333334,4496.733333333334,0.0,0.0,0.0,0.0,1.0,1.1,1.0,0.0,0.0,2.0,0.0,0.0,0.0,0.0,0.0,0.0,0.0,0.0,0.0,0.0,0.0,0.0,0.06666666666666667,0.04999999999999999,0.0,0.0,0.1636363636363636,0.0,0.0,0.0,0.0,1.0,0.13081178153938403,112.58045454545454,0,0,1,0.0,0.0,0.0,0.0,0.0,0.0,0.0,0.0,0.0,0.0,1.0,1.0,1.0,1.0,0.0,15.0,5.0,12.0,11.666666666666666,5.773502691896258,6.0,3.0,2.0,3.6666666666666665,2.0816659994661304,0.4,0.6,0.16666666666666666,0.37777777777777793,0.2341256389522828,0.29333333333333333,0.45999999999999996,0.125,0.2755555555555555,0.19394539132140995,-0.23333333333333334,-0.16,0.0,-0.1288888888888889,0.12298750312908195,-0.5833333333333334,-0.26666666666666666,0.0,-0.26666666666666683,0.31666666666666693,-0.5818181818181817,-0.291304347826087,-0.013333333333333364,-0.23649538866930184,0.3757374566603635,-0.4,0.0,0.0,-0.13333333333333333,0.23094010767585035,-1.0,0.0,0.0,-0.3333333333333333,0.5773502691896258,-1.0,-0.04347826086956526,0.0,-0.3478260869565219,0.5652173913043477,1.1333333333333333,1.0,0.0,0.7111111111111112,0.6194382162118379,2.8333333333333335,1.6666666666666667,0.0,1.4999999999999998,1.4240006242195866,2.886363636363636,1.6521739130434785,0.0,1.5128458498023714,1.448217177164898,0.0,0.2,0.0,0.06666666666666667,0.11547005383792518,0.0,0.3333333333333333,0.0,0.1111111111111111,0.19245008972987504,0.4,0.2,0.0,0.20000000000000004,0.2000000000000002,1.0,0.3333333333333333,0.0,0.4444444444444444,0.5091750772173157,-0.14992503748126884,66.7,0.0,66.7,0.0,-11.57102365891739,0.14792863940302234,-67.44798269832388,6.7578797821368,105.454,10.555008072463457,0.0,medium,medium,0.0,0,1,0
2008-05-01,66.6,33.0,0.0,0.0,45.63636363636363,0.0,0.0,0.0,0.0,0.0,0.0,0.0,0.0,0.0,0.0,0.0,0.0,1.0,0.0,0.0,0.0,0.0,0.0,0.0,0.0,0.0,0.0,0.0,0.0,0.0,0.0,0.0,0.0,0.0,0.0,0.0,0.0,12.0,0.17916666666666667,-0.020833333333333332,0.08333333333333333,0.25,3.0,3667.4166666666665,3667.4166666666665,0.0,0.5,0.08333333333333333,0.08333333333333333,0.8333333333333334,2.15,2.0,1.0,1.0,1.0,0.0,0.0,0.0,0.0,1.0,1.0,1.0,1.0,0.0,0.0,0.0,0.0,0.16666666666666666,-0.08333333333333333,0.0,2.0,-0.1430232558139535,-0.06976744186046513,2.2325581395348837,0.3333333333333333,0.3333333333333333,0.3333333333333333,-0.12279181983255312,125.39761904761905,0,0,1,0.0,0.0,0.0,0.0,0.0,0.0,0.0,0.0,0.0,0.0,1.0,1.0,1.0,1.0,0.0,15.0,15.0,5.0,14.0,1.7320508075688852,2.0,6.0,3.0,3.6666666666666665,2.0816659994661304,0.13333333333333333,0.4,0.6,0.2611111111111112,0.13368010461684357,0.07333333333333333,0.29333333333333333,0.45999999999999996,0.18194444444444444,0.1100263015693838,0.006666666666666665,-0.23333333333333334,-0.16,-0.0825,0.13134718624063998,0.04999999999999999,-0.5833333333333334,-0.26666666666666666,-0.2055555555555557,0.3338884266959274,0.1636363636363636,-0.5818181818181817,-0.291304347826087,-0.18706835799859067,0.37467398909525634,0.0,-0.4,0.0,-0.13333333333333333,0.23094010767585035,0.0,-1.0,0.0,-0.3333333333333333,0.5773502691896258,0.0,-1.0,-0.04347826086956526,-0.3565891472868219,0.5583010102335142,0.0,1.1333333333333333,1.0,0.5444444444444446,0.5679723519614249,0.0,2.8333333333333335,1.6666666666666667,1.6111111111111107,1.4561491580090158,0.0,2.886363636363636,1.6521739130434785,1.7063072586328396,1.513432771076472,0.0,0.0,0.2,0.027777777777777776,0.048112522432468816,0.0,0.0,0.3333333333333333,0.1111111111111111,0.19245008972987504,0.0,0.4,0.2,0.16111111111111115,0.2110379990358066,0.0,1.0,0.3333333333333333,0.4444444444444444,0.5091750772173157,0.0,66.6,-0.14992503748126884,66.66666666666667,0.05773502691596227,-193.86908303483636,0.13081178153938403,-11.57102365891739,11.384893189420865,112.58045454545454,6.7578797821368,0.0,medium,medium,0.0,0,1,0
2008-06-01,66.6,27.0,0.0,0.0,49.03703703703704,0.0,0.0,0.0,0.0,0.0,0.0,0.0,0.0,0.0,0.0,0.0,0.0,1.0,0.0,0.0,0.0,0.0,0.0,0.0,0.0,0.0,0.0,0.0,0.0,0.0,0.0,0.0,0.0,0.0,0.0,0.0,0.0,14.0,0.09999999999999999,-0.07142857142857142,0.14285714285714285,0.14285714285714285,2.0,3964.0714285714284,3964.0714285714284,-0.14285714285714285,0.42857142857142855,0.0,0.14285714285714285,0.8571428571428571,1.4,1.0,0.0,2.0,0.0,0.0,0.0,0.0,0.0,0.0,0.0,0.0,0.0,0.0,0.0,2.0,2.0,0.07142857142857142,-0.5,-1.0,3.0,-0.5428571428571429,-1.0,3.1428571428571432,0.0,1.0,0.0,0.2726309345991934,133.88,0,0,1,0.0,0.0,0.0,0.0,0.0,0.0,0.0,0.0,0.0,0.0,1.0,1.0,1.0,1.0,0.0,12.0,15.0,15.0,13.666666666666666,1.5275252316519548,3.0,2.0,6.0,2.3333333333333335,0.5773502691896212,0.25,0.13333333333333333,0.4,0.17539682539682547,0.0647834931337848,0.17916666666666667,0.07333333333333333,0.29333333333333333,0.11749999999999998,0.05504417417957152,-0.020833333333333332,0.006666666666666665,-0.23333333333333334,-0.02853174603174603,0.039612696472776744,-0.08333333333333333,0.04999999999999999,-0.5833333333333334,-0.1777777777777779,0.28690558519278603,-0.1430232558139535,0.1636363636363636,-0.5818181818181817,-0.17408134501157776,0.3542692794440812,0.0,0.0,-0.4,-0.047619047619047616,0.08247860988423236,0.0,0.0,-1.0,-0.3333333333333333,0.5773502691896258,-0.06976744186046513,0.0,-1.0,-0.3565891472868219,0.5583010102335142,0.5,0.0,1.1333333333333333,0.3095238095238097,0.2704242069428711,2.0,0.0,2.8333333333333335,1.6666666666666663,1.527525231651945,2.2325581395348837,0.0,2.886363636363636,1.7918050941306756,1.6171225032064989,0.08333333333333333,0.0,0.0,0.027777777777777776,0.048112522432468816,0.3333333333333333,0.0,0.0,0.1111111111111111,0.19245008972987504,0.08333333333333333,0.0,0.4,0.07539682539682542,0.07175849730168754,0.3333333333333333,0.0,1.0,0.4444444444444444,0.5091750772173157,0.0,66.6,0.0,66.63333333333334,0.057735026915918176,-322.02695177168204,-0.12279181983255312,-193.86908303483636,6.764387567167285,125.39761904761905,11.384893189420865,-0.6006006006005871,low,medium,0.0,0,1,0
2008-07-01,66.2,25.0,0.0,0.0,53.24,0.0,0.0,0.0,0.0,0.0,0.0,0.0,0.0,0.0,0.0,0.0,0.0,1.0,0.0,0.0,0.0,0.0,0.0,0.0,0.0,0.0,0.0,0.0,0.0,0.0,0.0,0.0,0.0,0.0,0.0,0.0,0.0,11.0,0.02727272727272727,-0.07272727272727274,0.09090909090909091,0.09090909090909091,1.0,4224.727272727273,4224.727272727273,-0.09090909090909091,0.18181818181818182,0.0,0.09090909090909091,0.9090909090909091,0.3,0.0,0.0,1.0,0.0,0.0,0.0,0.0,0.0,0.0,0.0,0.0,0.0,0.0,0.0,1.0,1.0,0.0,-0.8,-1.0,2.0,-0.8,-1.0,2.0,0.0,1.0,0.0,1.0004987414863975,133.3709090909091,0,0,1,0.0,0.0,0.0,0.0,0.0,0.0,0.0,0.0,0.0,0.0,1.0,1.0,1.0,1.0,0.0,14.0,12.0,15.0,12.333333333333334,1.5275252316519514,2.0,3.0,2.0,2.0,0.999999999999998,0.14285714285714285,0.25,0.13333333333333333,0.16125541125541135,0.0811255295753679,0.09999999999999999,0.17916666666666667,0.07333333333333333,0.10214646464646461,0.07596971560438547,-0.07142857142857142,-0.020833333333333332,0.006666666666666665,-0.054996392496392495,0.029593202172118187,-0.5,-0.08333333333333333,0.04999999999999999,-0.46111111111111125,0.3599125408165672,-0.5428571428571429,-0.1430232558139535,0.1636363636363636,-0.49529346622369896,0.3310609280804558,-0.14285714285714285,0.0,0.0,-0.07792207792207792,0.0723086280887017,-1.0,0.0,0.0,-0.6666666666666666,0.5773502691896258,-1.0,-0.06976744186046513,0.0,-0.6899224806201553,0.5370700178508149,0.42857142857142855,0.5,0.0,0.3701298701298703,0.1669475341841888,3.0,2.0,0.0,2.333333333333333,0.5773502691896238,3.1428571428571432,2.2325581395348837,0.0,2.4584717607973423,0.6039936551395491,0.0,0.08333333333333333,0.0,0.027777777777777776,0.048112522432468816,0.0,0.3333333333333333,0.0,0.1111111111111111,0.19245008972987504,0.14285714285714285,0.08333333333333333,0.0,0.10569985569985574,0.03240132740149022,1.0,0.3333333333333333,0.0,0.7777777777777777,0.38490017945975064,-0.6006006006005871,66.6,0.0,66.6,0.0,266.97917019478155,0.2726309345991934,-322.02695177168204,-0.38025911942851653,133.88,6.764387567167285,-0.30211480362538623,low,low,-1.0,1,0,0
2008-08-01,66.0,19.0,0.0,0.0,55.473684210526315,0.0,0.0,0.0,0.0,0.0,0.0,0.0,0.0,0.0,0.0,0.0,0.0,1.0,0.0,0.0,0.0,0.0,0.0,0.0,0.0,0.0,0.0,0.0,0.0,0.0,0.0,0.0,0.0,0.0,0.0,0.0,0.0,10.0,0.21000000000000002,-0.08,0.3,0.3,3.0,4292.3,4292.3,0.0,0.0,0.0,0.0,1.0,2.1,2.0,0.0,0.0,3.0,0.0,0.0,0.0,0.0,0.0,0.0,0.0,0.0,0.0,0.0,1.0,1.0,0.2,-0.26666666666666666,0.0,0.0,-0.2619047619047619,0.0,0.0,0.0,0.0,1.0,0.279995908172189,116.66619047619047,0,0,1,0.0,0.0,0.0,0.0,0.0,0.0,0.0,0.0,0.0,0.0,1.0,1.0,1.0,1.0,0.0,11.0,14.0,12.0,11.666666666666666,2.0816659994661353,1.0,2.0,3.0,2.0,0.999999999999998,0.09090909090909091,0.14285714285714285,0.25,0.177922077922078,0.10886649769073431,0.02727272727272727,0.09999999999999999,0.17916666666666667,0.11242424242424241,0.09199502921054446,-0.07272727272727274,-0.07142857142857142,-0.020833333333333332,-0.07471861471861473,0.004619678466481064,-0.8,-0.5,-0.08333333333333333,-0.5222222222222223,0.2673602092336883,-0.8,-0.5428571428571429,-0.1430232558139535,-0.5349206349206351,0.26913539795772407,-0.09090909090909091,-0.14285714285714285,0.0,-0.07792207792207792,0.07230862808870168,-1.0,-1.0,0.0,-0.6666666666666666,0.577350269189626,-1.0,-1.0,-0.06976744186046513,-0.6666666666666669,0.577350269189626,0.18181818181818182,0.42857142857142855,0.5,0.2034632034632036,0.21510403894034508,2.0,3.0,2.0,1.6666666666666663,1.5275252316519448,2.0,3.1428571428571432,2.2325581395348837,1.7142857142857142,1.5907898179514344,0.0,0.0,0.08333333333333333,0.0,0.0,0.0,0.0,0.3333333333333333,0.0,0.0,0.09090909090909091,0.14285714285714285,0.08333333333333333,0.07792207792207796,0.07230862808870211,1.0,1.0,0.3333333333333333,0.6666666666666666,0.5773502691896258,-0.30211480362538623,66.2,-0.6006006006005871,66.46666666666665,0.23094010767503997,-72.01436677909147,1.0004987414863975,266.97917019478155,-12.52500918572299,133.3709090909091,-0.38025911942851653,-0.303030303030305,low,low,-1.0,1,0,0
2008-09-01,65.8,34.0,0.0,0.0,54.029411764705884,0.0,0.0,0.0,0.0,0.0,0.0,0.0,0.0,0.0,0.0,0.0,0.0,1.0,0.0,0.0,0.0,0.0,0.0,0.0,0.0,0.0,0.0,0.0,0.0,0.0,0.0,0.0,0.0,0.0,0.0,0.0,0.0,22.0,0.21136363636363634,-0.018181818181818184,0.13636363636363635,0.3181818181818182,7.0,4150.727272727273,4150.727272727273,-0.13636363636363635,0.36363636363636365,0.0,0.13636363636363635,0.8636363636363636,4.6499999999999995,6.0,0.0,3.0,4.0,0.0,0.0,0.0,0.0,0.0,0.0,0.0,0.0,0.0,0.0,2.0,2.0,0.2727272727272727,-0.05714285714285715,-0.42857142857142855,1.1428571428571428,-0.06236559139784947,-0.48387096774193555,1.3333333333333333,0.0,0.42857142857142855,0.5714285714285714,-0.5313102199117363,104.11428571428571,0,0,1,0.0,0.0,0.0,0.0,0.0,0.0,0.0,0.0,0.0,0.0,1.0,1.0,1.0,1.0,0.0,10.0,11.0,14.0,14.333333333333334,6.658328118479395,3.0,1.0,2.0,3.6666666666666665,3.0550504633038917,0.3,0.09090909090909091,0.14285714285714285,0.23636363636363644,0.12629494535863406,0.21000000000000002,0.02727272727272727,0.09999999999999999,0.14954545454545454,0.10589348304813682,-0.08,-0.07272727272727274,-0.07142857142857142,-0.05696969696969697,0.033787539066100804,-0.26666666666666666,-0.8,-0.5,-0.37460317460317466,0.3830103144598268,-0.2619047619047619,-0.8,-0.5428571428571429,-0.37475678443420396,0.38154660846376354,0.0,-0.09090909090909091,-0.14285714285714285,-0.07575757575757576,0.06943296507508859,0.0,-1.0,-1.0,-0.4761904761904762,0.5016977977548925,0.0,-1.0,-1.0,-0.49462365591397867,0.5000867077089671,0.0,0.18181818181818182,0.42857142857142855,0.18181818181818196,0.18181818181818363,0.0,2.0,3.0,1.0476190476190472,1.00339559550978,0.0,2.0,3.1428571428571432,1.111111111111111,1.0183501544346312,0.0,0.0,0.0,0.0,0.0,0.0,0.0,0.0,0.0,0.0,0.0,0.09090909090909091,0.14285714285714285,0.07575757575757579,0.06943296507508903,0.0,1.0,1.0,0.4761904761904762,0.5016977977548924,-0.303030303030305,66.0,-0.30211480362538623,66.26666666666667,0.3055050463297453,-289.75642300636645,0.279995908172189,-72.01436677909147,-10.75881942375274,116.66619047619047,-12.52500918572299,0.45592705167172287,high,low,-1.0,1,0,0
2008-10-01,66.1,31.0,0.0,0.0,55.225806451612904,0.0,0.0,0.0,0.0,0.0,0.0,0.0,0.0,0.0,0.0,0.0,0.0,1.0,0.0,0.0,0.0,0.0,0.0,0.0,0.0,0.0,0.0,0.0,0.0,0.0,0.0,0.0,0.0,0.0,0.0,0.0,0.0,16.0,0.240625,-0.103125,0.1875,0.3125,5.0,4622.125,4221.375,-0.1875,0.625,0.0,0.1875,0.8125,3.85,5.0,0.0,3.0,2.0,0.0,0.0,0.0,0.0,1.0,1.0,0.0,0.0,0.0,0.0,2.0,2.0,0.3125,-0.32999999999999996,-0.6,2.0,-0.36818181818181817,-0.6103896103896104,2.0779220779220777,0.0,0.6,0.4,-0.9827795313724454,76.6086956521739,0,0,1,0.0,0.0,0.0,0.0,0.0,0.0,0.0,0.0,0.0,0.0,1.0,1.0,1.0,1.0,0.0,22.0,10.0,11.0,16.0,6.0000000000000036,7.0,3.0,1.0,5.0,1.9999999999999962,0.3181818181818182,0.3,0.09090909090909091,0.3102272727272728,0.009301537240757137,0.21136363636363634,0.21000000000000002,0.02727272727272727,0.22066287878787874,0.017301144138426656,-0.018181818181818184,-0.08,-0.07272727272727274,-0.06710227272727272,0.04391582358274119,-0.05714285714285715,-0.26666666666666666,-0.8,-0.217936507936508,0.14280660481728719,-0.06236559139784947,-0.2619047619047619,-0.8,-0.23081739049481,0.15526013537602426,-0.13636363636363635,0.0,-0.09090909090909091,-0.10795454545454546,0.09692455743881816,-0.42857142857142855,0.0,-1.0,-0.3428571428571428,0.3090472521826281,-0.48387096774193555,0.0,-1.0,-0.3647535260438488,0.32215771417958905,0.36363636363636365,0.0,0.18181818181818182,0.32954545454545464,0.31389152993029923,1.1428571428571428,0.0,2.0,1.0476190476190472,1.00339559550978,1.3333333333333333,0.0,2.0,1.137085137085137,1.0527701821276114,0.0,0.0,0.0,0.0,0.0,0.0,0.0,0.0,0.0,0.0,0.13636363636363635,0.0,0.09090909090909091,0.10795454545454548,0.09692455743881848,0.42857142857142855,0.0,1.0,0.3428571428571428,0.30904725218262785,0.45592705167172287,65.8,-0.303030303030305,66.0,0.19999999999897217,84.97282652227342,-0.5313102199117363,-289.75642300636645,-26.41865126712166,104.11428571428571,-10.75881942375274,-0.45385779122540937,low,high,1.0,0,0,1
2008-11-01,65.8,26.0,0.0,0.0,48.34615384615385,0.0,0.0,0.0,0.0,0.0,0.0,0.0,0.0,0.0,0.0,0.0,0.0,1.0,0.0,0.0,0.0,0.0,0.0,0.0,0.0,0.0,0.0,0.0,0.0,0.0,0.0,0.0,0.0,0.0,0.0,0.0,0.0,17.0,0.2529411764705882,-0.18823529411764706,0.35294117647058826,0.35294117647058826,6.0,3869.235294117647,3869.235294117647,-0.11764705882352941,0.47058823529411764,0.0,0.11764705882352941,0.8823529411764706,4.3,6.0,0.0,2.0,4.0,0.0,0.0,0.0,0.0,2.0,2.0,0.0,0.0,0.0,0.0,0.0,0.0,0.35294117647058826,-0.5333333333333333,-0.3333333333333333,1.3333333333333333,-0.5372093023255814,-0.3488372093023256,1.3953488372093024,0.0,0.3333333333333333,0.6666666666666666,-1.5214094578835733,57.30947368421053,0,0,1,0.0,0.0,0.0,0.0,0.0,0.0,0.0,0.0,0.0,0.0,1.0,1.0,1.0,1.0,0.0,16.0,22.0,10.0,18.333333333333332,3.2145502536643273,5.0,7.0,3.0,6.0,0.9999999999999911,0.3125,0.3181818181818182,0.3,0.3278743315508022,0.021893624645935948,0.240625,0.21136363636363634,0.21000000000000002,0.23497660427807485,0.021356526894837087,-0.103125,-0.018181818181818184,-0.08,-0.10318070409982173,0.0850267516530795,-0.32999999999999996,-0.05714285714285715,-0.26666666666666666,-0.30682539682539695,0.23893961387315732,-0.36818181818181817,-0.06236559139784947,-0.2619047619047619,-0.32258557063508314,0.24068319591251564,-0.1875,-0.13636363636363635,0.0,-0.14717023172905527,0.03615861204878863,-0.6,-0.42857142857142855,0.0,-0.4539682539682539,0.13513521684947863,-0.6103896103896104,-0.48387096774193555,0.0,-0.48103259581129065,0.13079930005563278,0.625,0.36363636363636365,0.0,0.48640819964349385,0.1313980253174215,2.0,1.1428571428571428,0.0,1.4920634920634919,0.4500776786907169,2.0779220779220777,1.3333333333333333,0.0,1.6022014161549043,0.41315141498534624,0.0,0.0,0.0,0.0,0.0,0.0,0.0,0.0,0.0,0.0,0.1875,0.13636363636363635,0.0,0.1471702317290553,0.03615861204878947,0.6,0.42857142857142855,0.0,0.4539682539682539,0.1351352168494782,-0.45385779122540937,66.1,0.45592705167172287,65.96666666666667,0.15275252316383728,54.80679128094319,-0.9827795313724454,84.97282652227342,-25.191946950235966,76.6086956521739,-26.41865126712166,-0.6079027355622935,low,low,-1.0,1,0,0
2008-12-01,65.4,26.0,0.0,0.0,46.92307692307692,0.0,0.0,0.0,0.0,0.0,0.0,0.0,0.0,0.0,0.0,0.0,0.0,1.0,0.0,0.0,0.0,0.0,0.0,0.0,0.0,0.0,0.0,0.0,0.0,0.0,0.0,0.0,0.0,0.0,0.0,0.0,0.0,9.0,0.22777777777777775,-0.2611111111111111,0.3333333333333333,0.3333333333333333,3.0,3576.8888888888887,3576.8888888888887,-0.3333333333333333,1.2222222222222223,0.0,0.3333333333333333,0.6666666666666666,2.05,1.0,0.0,3.0,0.0,0.0,0.0,0.0,0.0,0.0,0.0,0.0,0.0,0.0,0.0,3.0,3.0,0.1111111111111111,-0.7833333333333333,-1.0,3.6666666666666665,-0.7792682926829269,-1.0,3.707317073170732,0.0,1.0,0.0,-0.6867119460681447,41.121818181818185,0,0,1,0.0,0.0,0.0,0.0,0.0,0.0,0.0,0.0,0.0,0.0,1.0,1.0,1.0,1.0,0.0,17.0,16.0,22.0,14.0,4.358898943540679,6.0,5.0,7.0,4.666666666666667,1.5275252316519423,0.35294117647058826,0.3125,0.3181818181818182,0.3329248366013073,0.020223682670726443,0.2529411764705882,0.240625,0.21136363636363634,0.2404479847494553,0.012582633239609963,-0.18823529411764706,-0.103125,-0.018181818181818184,-0.18415713507625273,0.07907196950802643,-0.5333333333333333,-0.32999999999999996,-0.05714285714285715,-0.548888888888889,0.2270666405689294,-0.5372093023255814,-0.36818181818181817,-0.06236559139784947,-0.561553137730109,0.20662160855314662,-0.11764705882352941,-0.1875,-0.13636363636363635,-0.2128267973856209,0.11005102113264947,-0.3333333333333333,-0.6,-0.42857142857142855,-0.6444444444444444,0.33554819712314465,-0.3488372093023256,-0.6103896103896104,-0.48387096774193555,-0.6530756065639788,0.3276733368758353,0.47058823529411764,0.625,0.36363636363636365,0.77260348583878,0.3969615905225325,1.3333333333333333,2.0,1.1428571428571428,2.3333333333333326,1.2018504251546622,1.3953488372093024,2.0779220779220777,1.3333333333333333,2.3935293294340374,1.1878574131304005,0.0,0.0,0.0,0.0,0.0,0.0,0.0,0.0,0.0,0.0,0.11764705882352941,0.1875,0.13636363636363635,0.21282679738562094,0.11005102113264975,0.3333333333333333,0.6,0.42857142857142855,0.6444444444444444,0.3355481971231445,-0.6079027355622935,65.8,-0.45385779122540937,65.89999999999999,0.17320508075566451,-54.8634364989799,-1.5214094578835733,54.80679128094319,-28.246037629991783,57.30947368421053,-25.191946950235966,-0.9174311926605672,low,low,-1.0,1,0,0
2009-01-01,64.8,57.0,0.0,0.0,50.94736842105263,0.0,0.0,0.0,0.0,0.0,0.0,0.0,0.0,0.0,0.0,0.0,0.0,1.0,0.0,0.0,0.0,0.0,0.0,0.0,0.0,0.0,0.0,0.0,0.0,0.0,0.0,0.0,0.0,0.0,0.0,0.0,0.0,18.0,0.17777777777777778,-0.08888888888888889,0.2222222222222222,0.2777777777777778,5.0,3608.8888888888887,3608.8888888888887,-0.2222222222222222,0.6666666666666666,0.0,0.2222222222222222,0.7777777777777778,3.2,4.0,0.0,4.0,1.0,0.0,0.0,0.0,0.0,1.0,1.0,0.0,0.0,0.0,0.0,3.0,3.0,0.2222222222222222,-0.32,-0.8,2.4,-0.384375,-0.9375,2.8749999999999996,0.0,0.8,0.2,-0.4098019640154011,41.71,0,0,1,0.0,0.0,0.0,0.0,0.0,0.0,0.0,0.0,0.0,0.0,1.0,1.0,1.0,1.0,0.0,9.0,17.0,16.0,14.666666666666666,4.932882862316253,3.0,6.0,5.0,4.666666666666667,1.5275252316519423,0.3333333333333333,0.35294117647058826,0.3125,0.3213507625272332,0.038988083155059944,0.22777777777777775,0.2529411764705882,0.240625,0.21949891067538121,0.03825949367330863,-0.2611111111111111,-0.18823529411764706,-0.103125,-0.17941176470588235,0.08644949080388113,-0.7833333333333333,-0.5333333333333333,-0.32999999999999996,-0.5455555555555557,0.2319083471578407,-0.7792682926829269,-0.5372093023255814,-0.36818181818181817,-0.5669508650028362,0.19911955846765722,-0.3333333333333333,-0.11764705882352941,-0.1875,-0.22440087145969498,0.10785964091055837,-1.0,-0.3333333333333333,-0.6,-0.7111111111111111,0.3421067626297924,-1.0,-0.3488372093023256,-0.6103896103896104,-0.7621124031007754,0.35926849549725315,1.2222222222222223,0.47058823529411764,0.625,0.7864923747276689,0.3898808315506162,3.6666666666666665,1.3333333333333333,2.0,2.4666666666666663,1.168094364529015,3.707317073170732,1.3953488372093024,2.0779220779220777,2.659221970126678,1.1709907769302264,0.0,0.0,0.0,0.0,0.0,0.0,0.0,0.0,0.0,0.0,0.3333333333333333,0.11764705882352941,0.1875,0.224400871459695,0.10785964091055865,1.0,0.3333333333333333,0.6,0.7111111111111111,0.3421067626297923,-0.9174311926605672,65.4,-0.6079027355622935,65.76666666666667,0.35118845842779256,-40.32403741309969,-0.6867119460681447,-54.8634364989799,1.4303400097271934,41.121818181818185,-28.246037629991783,0.30864197530864335,high,low,-1.0,1,0,0
2009-02-01,65.0,19.0,0.0,0.0,53.473684210526315,0.0,0.0,0.0,0.0,0.0,0.0,0.0,0.0,0.0,0.0,0.0,0.0,1.0,0.0,0.0,0.0,0.0,0.0,0.0,0.0,0.0,0.0,0.0,0.0,0.0,0.0,0.0,0.0,0.0,0.0,0.0,0.0,10.0,0.20999999999999996,-0.11000000000000001,0.2,0.3,3.0,5752.3,4136.7,-0.2,0.7,0.0,0.2,0.8,2.0999999999999996,3.0,0.0,2.0,1.0,0.0,0.0,0.0,0.0,0.0,0.0,0.0,0.0,0.0,0.0,2.0,2.0,0.3,-0.3666666666666667,-0.6666666666666666,2.3333333333333335,-0.3666666666666667,-0.6666666666666667,2.3333333333333335,0.0,0.6666666666666666,0.3333333333333333,-0.4495985558851413,39.08736842105263,0,0,1,0.0,0.0,0.0,0.0,0.0,0.0,0.0,0.0,0.0,0.0,1.0,1.0,1.0,1.0,0.0,18.0,9.0,17.0,12.333333333333334,4.932882862316253,5.0,3.0,6.0,3.6666666666666665,1.1547005383792475,0.2777777777777778,0.3333333333333333,0.35294117647058826,0.3037037037037038,0.02796234976025972,0.17777777777777778,0.22777777777777775,0.2529411764705882,0.20518518518518514,0.025345351275444926,-0.08888888888888889,-0.2611111111111111,-0.18823529411764706,-0.15333333333333332,0.09393325710377269,-0.32,-0.7833333333333333,-0.5333333333333333,-0.49000000000000016,0.2551034648486332,-0.384375,-0.7792682926829269,-0.5372093023255814,-0.510103319783198,0.23327180122004684,-0.2222222222222222,-0.3333333333333333,-0.11764705882352941,-0.2518518518518518,0.07143445008142942,-0.8,-1.0,-0.3333333333333333,-0.8222222222222223,0.16777409856157222,-0.9375,-1.0,-0.3488372093023256,-0.8680555555555557,0.17718542808573806,0.6666666666666666,1.2222222222222223,0.47058823529411764,0.862962962962963,0.3115737301192311,2.4,3.6666666666666665,1.3333333333333333,2.7999999999999994,0.75129517797231,2.8749999999999996,3.707317073170732,1.3953488372093024,2.9718834688346885,0.6920965497923438,0.0,0.0,0.0,0.0,0.0,0.0,0.0,0.0,0.0,0.0,0.2222222222222222,0.3333333333333333,0.11764705882352941,0.2518518518518518,0.07143445008142985,0.8,1.0,0.3333333333333333,0.8222222222222223,0.16777409856157188,0.30864197530864335,64.8,-0.9174311926605672,65.33333333333333,0.5033222956842234,9.71117646186892,-0.4098019640154011,-40.32403741309969,-6.287776501911702,41.71,1.4303400097271934,0.4615384615384466,high,high,1.0,0,0,1
2009-03-01,65.3,23.0,0.0,0.0,52.869565217391305,0.0,0.0,0.0,0.0,0.0,0.0,0.0,0.0,0.0,0.0,0.0,0.0,1.0,0.0,0.0,0.0,0.0,0.0,0.0,0.0,0.0,0.0,0.0,0.0,0.0,0.0,0.0,0.0,0.0,0.0,0.0,0.0,14.0,0.21428571428571427,0.007142857142857141,0.14285714285714285,0.35714285714285715,5.0,3471.4285714285716,3471.4285714285716,-0.07142857142857142,0.14285714285714285,0.0,0.07142857142857142,0.9285714285714286,3.0,3.0,0.0,1.0,4.0,0.0,0.0,0.0,0.0,0.0,0.0,0.0,0.0,0.0,0.0,1.0,1.0,0.21428571428571427,0.019999999999999997,-0.2,0.4,0.12333333333333334,-0.2333333333333333,0.4666666666666666,0.0,0.2,0.8,0.16786628722560862,47.939090909090915,0,0,1,0.0,0.0,0.0,0.0,0.0,0.0,0.0,0.0,0.0,0.0,1.0,1.0,1.0,1.0,0.0,10.0,18.0,9.0,14.0,4.000000000000006,3.0,5.0,3.0,4.333333333333333,1.1547005383792464,0.3,0.2777777777777778,0.3333333333333333,0.3116402116402118,0.040942946290269566,0.20999999999999996,0.17777777777777778,0.22777777777777775,0.20068783068783067,0.019956070003653927,-0.11000000000000001,-0.08888888888888889,-0.2611111111111111,-0.06391534391534393,0.06243693383172529,-0.3666666666666667,-0.32,-0.7833333333333333,-0.2222222222222224,0.21106432230045005,-0.3666666666666667,-0.384375,-0.7792682926829269,-0.2092361111111113,0.2881496534804894,-0.2,-0.2222222222222222,-0.3333333333333333,-0.16455026455026456,0.0814075800371905,-0.6666666666666666,-0.8,-1.0,-0.5555555555555556,0.3150543750835074,-0.6666666666666667,-0.9375,-1.0,-0.6125000000000002,0.3551945867330251,0.7,0.6666666666666666,1.2222222222222223,0.5031746031746033,0.31248885089711037,2.3333333333333335,2.4,3.6666666666666665,1.7111111111111106,1.135944703922847,2.3333333333333335,2.8749999999999996,3.707317073170732,1.8916666666666666,1.2634553591023472,0.0,0.0,0.0,0.0,0.0,0.0,0.0,0.0,0.0,0.0,0.2,0.2222222222222222,0.3333333333333333,0.16455026455026459,0.08140758003719087,0.6666666666666666,0.8,1.0,0.5555555555555556,0.31505437508350725,0.4615384615384466,65.0,0.30864197530864335,65.06666666666666,0.3055050463295211,-137.3369275831245,-0.4495985558851413,9.71117646186892,22.645992415469717,39.08736842105263,-6.287776501911702,0.15313935681471325,high,high,1.0,0,0,1
2009-04-01,65.4,23.0,0.0,0.0,58.82608695652174,0.0,0.0,0.0,0.0,0.0,0.0,0.0,0.0,0.0,0.0,0.0,0.0,1.0,0.0,0.0,0.0,0.0,0.0,0.0,0.0,0.0,0.0,0.0,0.0,0.0,0.0,0.0,0.0,0.0,0.0,0.0,0.0,10.0,0.0,0.0,0.0,0.0,0.0,4193.2,4193.2,0.0,0.0,0.0,0.0,1.0,0.0,0.0,0.0,0.0,0.0,0.0,0.0,0.0,0.0,0.0,0.0,0.0,0.0,0.0,0.0,0.0,0.0,0.0,0.0,0.0,0.0,0.0,0.0,0.0,0.0,0.0,0.0,0.8251704281541091,49.64666666666666,0,1,0,0.0,0.0,0.0,0.0,0.0,0.0,0.0,0.0,0.3333333333333333,0.5773502691896257,1.0,1.0,1.0,0.6666666666666666,0.5773502691896263,14.0,10.0,18.0,11.333333333333334,2.309401076758515,5.0,3.0,5.0,2.6666666666666665,2.5166114784235822,0.35714285714285715,0.3,0.2777777777777778,0.21904761904761916,0.19184035312841569,0.21428571428571427,0.20999999999999996,0.17777777777777778,0.14142857142857138,0.12249947938248355,0.007142857142857141,-0.11000000000000001,-0.08888888888888889,-0.03428571428571429,0.06566768534035002,0.019999999999999997,-0.3666666666666667,-0.32,-0.1155555555555557,0.21769839823157341,0.12333333333333334,-0.3666666666666667,-0.384375,-0.08111111111111126,0.2548710639897348,-0.07142857142857142,-0.2,-0.2222222222222222,-0.09047619047619049,0.10135141263710859,-0.2,-0.6666666666666666,-0.8,-0.2888888888888889,0.3421067626297926,-0.2333333333333333,-0.6666666666666667,-0.9375,-0.30000000000000016,0.33829638550307356,0.14285714285714285,0.7,0.6666666666666666,0.280952380952381,0.3698685186501223,0.4,2.3333333333333335,2.4,0.9111111111111106,1.2478129014547918,0.4666666666666666,2.3333333333333335,2.8749999999999996,0.9333333333333335,1.2346839451634755,0.0,0.0,0.0,0.0,0.0,0.0,0.0,0.0,0.0,0.0,0.07142857142857142,0.2,0.2222222222222222,0.09047619047619053,0.10135141263710888,0.2,0.6666666666666666,0.8,0.2888888888888889,0.34210676262979245,0.15313935681471325,65.3,0.4615384615384466,65.03333333333335,0.25166114784129273,391.5641143865284,0.16786628722560862,-137.3369275831245,3.5619694182643213,47.939090909090915,22.645992415469717,0.1529051987767538,high,high,1.0,0,0,1
2009-05-01,65.5,30.0,0.0,0.0,53.233333333333334,0.0,0.0,0.0,0.0,0.0,0.0,0.0,0.0,0.0,0.0,0.0,0.0,1.0,0.0,0.0,0.0,0.0,0.0,0.0,0.0,0.0,0.0,0.0,0.0,0.0,0.0,0.0,0.0,0.0,0.0,0.0,0.0,15.0,0.04666666666666666,-0.04,0.06666666666666667,0.06666666666666667,1.0,4456.133333333333,4456.133333333333,0.0,0.0,0.0,0.0,1.0,0.7,1.0,0.0,0.0,1.0,0.0,0.0,0.0,0.0,0.0,0.0,0.0,0.0,0.0,0.0,0.0,0.0,0.06666666666666667,-0.6,0.0,0.0,-0.6,0.0,0.0,0.0,0.0,1.0,0.3227180476274134,59.028499999999994,0,0,1,0.0,0.0,0.0,0.0,0.0,1.0,0.0,0.0,0.3333333333333333,0.5773502691896257,0.0,1.0,1.0,0.6666666666666666,0.5773502691896263,10.0,14.0,10.0,13.0,2.6457513110646005,0.0,5.0,3.0,2.0,2.64575131106459,0.0,0.35714285714285715,0.3,0.14126984126984135,0.1898999219265097,0.0,0.21428571428571427,0.20999999999999996,0.08698412698412696,0.11268857547050659,0.0,0.007142857142857141,-0.11000000000000001,-0.010952380952380955,0.025408231565627677,0.0,0.019999999999999997,-0.3666666666666667,-0.19333333333333347,0.3523256069793018,0.0,0.12333333333333334,-0.3666666666666667,-0.15888888888888902,0.3869587019786959,0.0,-0.07142857142857142,-0.2,-0.023809523809523808,0.04123930494211666,0.0,-0.2,-0.6666666666666666,-0.06666666666666667,0.11547005383792665,0.0,-0.2333333333333333,-0.6666666666666667,-0.07777777777777792,0.1347150628109104,0.0,0.14285714285714285,0.7,0.04761904761904769,0.08247860988423694,0.0,0.4,2.3333333333333335,0.1333333333333329,0.23094010767581555,0.0,0.4666666666666666,2.3333333333333335,0.15555555555555553,0.2694301256218281,0.0,0.0,0.0,0.0,0.0,0.0,0.0,0.0,0.0,0.0,0.0,0.07142857142857142,0.2,0.023809523809523846,0.041239304942117395,0.0,0.2,0.6666666666666666,0.06666666666666667,0.11547005383792616,0.1529051987767538,65.4,0.15313935681471325,65.23333333333333,0.20816659994540562,-60.89074006816657,0.8251704281541091,391.5641143865284,18.897206928964682,49.64666666666666,3.5619694182643213,-0.15267175572518665,medium,high,1.0,0,0,1
2009-06-01,65.4,24.0,0.0,0.0,50.958333333333336,0.0,0.0,0.0,0.0,0.0,0.0,0.0,0.0,0.0,0.0,0.0,0.0,1.0,0.0,0.0,0.0,0.0,0.0,0.0,0.0,0.0,0.0,0.0,0.0,0.0,0.0,0.0,0.0,0.0,0.0,0.0,0.0,9.0,0.14444444444444446,0.02222222222222222,0.1111111111111111,0.3333333333333333,3.0,3497.8888888888887,3497.8888888888887,0.0,0.0,0.0,0.0,1.0,1.3,1.0,0.0,0.0,3.0,0.0,0.0,0.0,0.0,0.0,0.0,0.0,0.0,0.0,0.0,0.0,0.0,0.1111111111111111,0.06666666666666667,0.0,0.0,0.15384615384615385,0.0,0.0,0.0,0.0,1.0,-0.5201492892538067,69.64090909090909,0,0,1,0.0,0.0,0.0,0.0,0.0,0.0,1.0,0.0,0.3333333333333333,0.5773502691896257,1.0,0.0,1.0,0.6666666666666666,0.5773502691896263,15.0,10.0,14.0,11.333333333333334,3.214550253664327,1.0,0.0,5.0,1.3333333333333333,1.5275252316519463,0.06666666666666667,0.0,0.35714285714285715,0.13333333333333341,0.17638342073763894,0.04666666666666666,0.0,0.21428571428571427,0.06370370370370369,0.07371393935998086,-0.04,0.0,0.007142857142857141,-0.005925925925925927,0.03153155059821218,-0.6,0.0,0.019999999999999997,-0.17777777777777792,0.3671713698190736,-0.6,0.0,0.12333333333333334,-0.14871794871794886,0.39831994316166963,0.0,0.0,-0.07142857142857142,0.0,0.0,0.0,0.0,-0.2,0.0,0.0,0.0,0.0,-0.2333333333333333,0.0,0.0,0.0,0.0,0.14285714285714285,0.0,0.0,0.0,0.0,0.4,0.0,0.0,0.0,0.0,0.4666666666666666,0.0,0.0,0.0,0.0,0.0,0.0,0.0,0.0,0.0,0.0,0.0,0.0,0.0,0.0,0.07142857142857142,0.0,0.0,0.0,0.0,0.2,0.0,0.0,-0.15267175572518665,65.5,0.1529051987767538,65.39999999999999,0.09999999999763526,-261.17762643827496,0.3227180476274134,-60.89074006816657,17.978449547098595,59.028499999999994,18.897206928964682,0.3058103975535076,high,medium,0.0,0,1,0
2009-07-01,65.6,25.0,0.0,0.0,45.68,0.0,0.0,0.0,0.0,0.0,0.0,0.0,0.0,0.0,0.0,0.0,0.0,1.0,0.0,0.0,0.0,0.0,0.0,0.0,0.0,0.0,0.0,0.0,0.0,0.0,0.0,0.0,0.0,0.0,0.0,0.0,0.0,13.0,0.23846153846153847,-0.07692307692307693,0.23076923076923078,0.3076923076923077,4.0,4392.307692307692,4392.307692307692,-0.07692307692307693,0.5384615384615384,0.07692307692307693,0.15384615384615385,0.7692307692307693,3.1,3.0,1.0,2.0,1.0,0.0,0.0,0.0,0.0,2.0,2.0,1.0,1.0,0.0,0.0,0.0,0.0,0.23076923076923078,-0.25,-0.25,1.75,-0.23870967741935487,-0.1935483870967742,1.7580645161290323,0.25,0.5,0.25,-0.7619041809059359,64.15227272727272,0,0,1,0.0,0.0,0.0,0.0,0.0,0.0,0.0,1.0,0.0,0.0,1.0,1.0,0.0,1.0,0.0,9.0,15.0,10.0,12.333333333333334,3.055050463303902,3.0,1.0,0.0,2.6666666666666665,1.5275252316519443,0.3333333333333333,0.06666666666666667,0.0,0.23589743589743598,0.14711782859262573,0.14444444444444446,0.04666666666666666,0.0,0.14319088319088316,0.09590358060867735,0.02222222222222222,-0.04,0.0,-0.03156695156695157,0.05010773208855451,0.06666666666666667,-0.6,0.0,-0.26111111111111124,0.3334721932990872,0.15384615384615385,-0.6,0.0,-0.22828784119106715,0.37703112195140714,0.0,0.0,0.0,-0.025641025641025644,0.04441155916843325,0.0,0.0,0.0,-0.08333333333333333,0.1443375672974076,0.0,0.0,0.0,-0.06451612903225822,0.11174521339153766,0.0,0.0,0.0,0.17948717948717954,0.31088091417903024,0.0,0.0,0.0,0.5833333333333329,1.0103629710818385,0.0,0.0,0.0,0.5860215053763441,1.015019021639826,0.0,0.0,0.0,0.025641025641025644,0.04441155916843276,0.0,0.0,0.0,0.08333333333333333,0.14433756729740618,0.0,0.0,0.0,0.05128205128205132,0.08882311833686608,0.0,0.0,0.0,0.16666666666666666,0.2886751345948132,0.3058103975535076,65.4,-0.15267175572518665,65.43333333333334,0.05773502691491739,46.47798173461795,-0.5201492892538067,-261.17762643827496,-7.881339338163318,69.64090909090909,17.978449547098595,-0.1524390243902385,medium,high,1.0,0,0,1
2009-08-01,65.5,12.0,0.0,0.0,46.25,0.0,0.0,0.0,0.0,0.0,0.0,0.0,0.0,0.0,0.0,0.0,0.0,1.0,0.0,0.0,0.0,0.0,0.0,0.0,0.0,0.0,0.0,0.0,0.0,0.0,0.0,0.0,0.0,0.0,0.0,0.0,0.0,6.0,0.13333333333333333,0.03333333333333333,0.0,0.16666666666666666,1.0,3239.1666666666665,3239.1666666666665,0.0,0.0,0.0,0.0,1.0,0.8,1.0,0.0,0.0,1.0,0.0,0.0,0.0,0.0,0.0,0.0,0.0,0.0,0.0,0.0,0.0,0.0,0.16666666666666666,0.2,0.0,0.0,0.20000000000000004,0.0,0.0,0.0,0.0,1.0,-1.1448545554289542,71.04476190476191,0,0,1,0.0,0.0,0.0,0.0,0.0,0.0,0.0,0.0,0.0,0.0,1.0,1.0,1.0,1.0,0.0,13.0,9.0,15.0,9.333333333333334,3.511884584284254,4.0,3.0,1.0,2.6666666666666665,1.5275252316519443,0.3076923076923077,0.3333333333333333,0.06666666666666667,0.26923076923076933,0.08974358974358905,0.23846153846153847,0.14444444444444446,0.04666666666666666,0.17207977207977207,0.0577561111788473,-0.07692307692307693,0.02222222222222222,-0.04,-0.007122507122507125,0.06070382076849916,-0.25,0.06666666666666667,-0.6,0.005555555555555407,0.23114048958571937,-0.23870967741935487,0.15384615384615385,-0.6,0.03837882547559953,0.24107275500587763,-0.07692307692307693,0.0,0.0,-0.025641025641025644,0.04441155916843325,-0.25,0.0,0.0,-0.08333333333333333,0.1443375672974076,-0.1935483870967742,0.0,0.0,-0.06451612903225822,0.11174521339153766,0.5384615384615384,0.0,0.0,0.17948717948717954,0.31088091417903024,1.75,0.0,0.0,0.5833333333333329,1.0103629710818385,1.7580645161290323,0.0,0.0,0.5860215053763441,1.015019021639826,0.07692307692307693,0.0,0.0,0.025641025641025644,0.04441155916843276,0.25,0.0,0.0,0.08333333333333333,0.14433756729740618,0.15384615384615385,0.0,0.0,0.05128205128205132,0.08882311833686608,0.5,0.0,0.0,0.16666666666666666,0.2886751345948132,-0.1524390243902385,65.6,0.3058103975535076,65.5,0.0999999999977294,50.262274984194775,-0.7619041809059359,46.47798173461795,10.74395167072395,64.15227272727272,-7.881339338163318,0.0,medium,medium,0.0,0,1,0
2009-09-01,65.5,21.0,0.0,0.0,42.904761904761905,0.0,0.0,0.0,0.0,0.0,0.0,0.0,0.0,0.0,0.0,0.0,0.0,1.0,0.0,0.0,0.0,0.0,0.0,0.0,0.0,0.0,0.0,0.0,0.0,0.0,0.0,0.0,0.0,0.0,0.0,0.0,0.0,10.0,0.08499999999999999,0.06,0.0,0.1,1.0,5494.2,5386.6,-0.1,0.2,0.0,0.1,0.9,0.85,1.0,0.0,1.0,0.0,0.0,0.0,0.0,0.0,0.0,0.0,0.0,0.0,0.0,0.0,1.0,1.0,0.1,0.6,-1.0,2.0,0.6,-1.0,2.0,0.0,1.0,0.0,-0.5067326580483106,69.40809523809523,0,0,1,0.0,0.0,0.0,0.0,0.0,0.0,0.0,0.0,0.0,0.0,1.0,1.0,1.0,1.0,0.0,6.0,13.0,9.0,9.666666666666666,3.511884584284254,1.0,4.0,3.0,2.0,1.732050807568876,0.16666666666666666,0.3076923076923077,0.3333333333333333,0.19145299145299155,0.10604147816278685,0.13333333333333333,0.23846153846153847,0.14444444444444446,0.15226495726495726,0.07846283027817581,0.03333333333333333,-0.07692307692307693,0.02222222222222222,0.0054700854700854675,0.07258961829791741,0.2,-0.25,0.06666666666666667,0.18333333333333315,0.42524502740576925,0.20000000000000004,-0.23870967741935487,0.15384615384615385,0.18709677419354823,0.41950369566474516,0.0,-0.07692307692307693,0.0,-0.05897435897435898,0.052360456042723824,0.0,-0.25,0.0,-0.4166666666666667,0.5204164998665334,0.0,-0.1935483870967742,0.0,-0.39784946236559154,0.5303811808661728,0.0,0.5384615384615384,0.0,0.24615384615384625,0.27218163096852616,0.0,1.75,0.0,1.2499999999999996,1.0897247358851643,0.0,1.7580645161290323,0.0,1.2526881720430108,1.091583224894608,0.0,0.07692307692307693,0.0,0.025641025641025644,0.04441155916843276,0.0,0.25,0.0,0.08333333333333333,0.14433756729740618,0.0,0.15384615384615385,0.0,0.08461538461538465,0.07806839665455617,0.0,0.5,0.0,0.5,0.5,0.0,65.5,-0.1524390243902385,65.5,0.0999999999977294,-55.7382502742064,-1.1448545554289542,50.262274984194775,-2.3037119455206256,71.04476190476191,10.74395167072395,0.15267175572517555,high,medium,0.0,0,1,0
2009-10-01,65.6,29.0,0.0,0.0,51.06896551724138,0.0,0.0,0.0,0.0,0.0,0.0,0.0,0.0,0.0,0.0,0.0,0.0,1.0,0.0,0.0,0.0,0.0,0.0,0.0,0.0,0.0,0.0,0.0,0.0,0.0,0.0,0.0,0.0,0.0,0.0,0.0,0.0,13.0,0.2846153846153846,-0.05384615384615384,0.23076923076923078,0.38461538461538464,5.0,3915.3076923076924,3915.3076923076924,-0.3076923076923077,0.6153846153846154,0.0,0.3076923076923077,0.6923076923076923,3.7,5.0,0.0,4.0,1.0,0.0,0.0,0.0,0.0,0.0,0.0,0.0,0.0,0.0,0.0,4.0,4.0,0.38461538461538464,-0.13999999999999999,-0.8,1.6,-0.13783783783783785,-0.7837837837837838,1.5675675675675675,0.0,0.8,0.2,-0.4701209444506338,75.71545454545455,0,0,1,0.0,0.0,0.0,0.0,0.0,0.0,0.0,0.0,0.0,0.0,1.0,1.0,1.0,1.0,0.0,10.0,6.0,13.0,9.666666666666666,3.511884584284254,1.0,1.0,4.0,2.3333333333333335,2.309401076758502,0.1,0.16666666666666666,0.3076923076923077,0.2170940170940172,0.14885787699440967,0.08499999999999999,0.13333333333333333,0.23846153846153847,0.16764957264957261,0.10413826700302815,0.06,0.03333333333333333,-0.07692307692307693,0.013162393162393161,0.059543150797764434,0.6,0.2,-0.25,0.21999999999999983,0.37040518354904284,0.6,0.20000000000000004,-0.23870967741935487,0.22072072072072058,0.3693550865179655,-0.1,0.0,-0.07692307692307693,-0.1358974358974359,0.15695575325951694,-1.0,0.0,-0.25,-0.6,0.5291502622129183,-1.0,0.0,-0.1935483870967742,-0.5945945945945947,0.5261600630792375,0.2,0.0,0.5384615384615384,0.2717948717948719,0.31391150651903454,2.0,0.0,1.75,1.1999999999999995,1.0583005244258317,2.0,0.0,1.7580645161290323,1.1891891891891893,1.052320126158474,0.0,0.0,0.07692307692307693,0.0,0.0,0.0,0.0,0.25,0.0,0.0,0.1,0.0,0.15384615384615385,0.13589743589743594,0.15695575325951713,1.0,0.0,0.5,0.6,0.5291502622129182,0.15267175572517555,65.5,0.0,65.53333333333332,0.057735026915095834,-7.225055069212916,-0.5067326580483106,-55.7382502742064,9.087353983310976,69.40809523809523,-2.3037119455206256,0.1524390243902607,high,high,1.0,0,0,1
2009-11-01,65.7,22.0,0.0,0.0,52.31818181818182,0.0,0.0,0.0,0.0,0.0,0.0,0.0,0.0,0.0,0.0,0.0,0.0,1.0,0.0,0.0,0.0,0.0,0.0,0.0,0.0,0.0,0.0,0.0,0.0,0.0,0.0,0.0,0.0,0.0,0.0,0.0,0.0,12.0,0.2916666666666667,-0.16666666666666666,0.3333333333333333,0.4166666666666667,5.0,4945.25,4769.25,-0.16666666666666666,0.9166666666666666,0.08333333333333333,0.25,0.6666666666666666,3.5,3.0,1.0,3.0,1.0,0.0,0.0,0.0,0.0,0.0,0.0,1.0,1.0,0.0,0.0,3.0,3.0,0.25,-0.4,-0.4,2.2,-0.3857142857142857,-0.42857142857142855,2.1142857142857143,0.2,0.6,0.2,-0.8027847149039055,77.99,0,0,1,0.0,0.0,0.0,0.0,0.0,0.0,0.0,0.0,0.0,0.0,1.0,1.0,1.0,1.0,0.0,13.0,10.0,6.0,11.666666666666666,1.5275252316519654,5.0,1.0,1.0,3.6666666666666665,2.3094010767585007,0.38461538461538464,0.1,0.16666666666666666,0.3004273504273505,0.17431340530716086,0.2846153846153846,0.08499999999999999,0.13333333333333333,0.2204273504273504,0.11733650573232078,-0.05384615384615384,0.06,0.03333333333333333,-0.0535042735042735,0.1133337200751418,-0.13999999999999999,0.6,0.2,0.019999999999999813,0.518844870842914,-0.13783783783783785,0.6,0.20000000000000004,0.025482625482625327,0.5127507616471325,-0.3076923076923077,-0.1,0.0,-0.19145299145299144,0.10604147816278763,-0.8,-1.0,0.0,-0.7333333333333334,0.30550504633038944,-0.7837837837837838,-1.0,0.0,-0.7374517374517375,0.2885180184134274,0.6153846153846154,0.2,0.0,0.5773504273504274,0.3598440320087898,1.6,2.0,0.0,1.933333333333333,0.30550504633038134,1.5675675675675675,2.0,0.0,1.8939510939510942,0.28837468828479784,0.0,0.0,0.0,0.027777777777777776,0.048112522432468816,0.0,0.0,0.0,0.06666666666666667,0.11547005383792484,0.3076923076923077,0.1,0.0,0.21923076923076926,0.10721046049820313,0.8,1.0,0.0,0.7999999999999999,0.1999999999999998,0.1524390243902607,65.6,0.15267175572517555,65.53333333333335,0.057735026915095834,70.761316716491,-0.4701209444506338,-7.225055069212916,3.004070263066261,75.71545454545455,9.087353983310976,-0.45662100456620447,low,high,1.0,0,0,1
2009-12-01,65.4,27.0,0.0,0.0,54.111111111111114,0.0,0.0,0.0,0.0,0.0,0.0,0.0,0.0,0.0,0.0,0.0,0.0,1.0,0.0,0.0,0.0,0.0,0.0,0.0,0.0,0.0,0.0,0.0,0.0,0.0,0.0,0.0,0.0,0.0,0.0,0.0,0.0,11.0,0.0,0.0,0.0,0.0,0.0,7034.272727272727,5859.636363636364,0.0,0.0,0.0,0.0,1.0,0.0,0.0,0.0,0.0,0.0,0.0,0.0,0.0,0.0,0.0,0.0,0.0,0.0,0.0,0.0,0.0,0.0,0.0,0.0,0.0,0.0,0.0,0.0,0.0,0.0,0.0,0.0,-0.6299627196645882,74.47,0,1,0,0.0,0.0,0.0,0.0,0.0,0.0,0.0,0.0,0.3333333333333333,0.5773502691896257,1.0,1.0,1.0,0.6666666666666666,0.5773502691896263,12.0,13.0,10.0,12.0,1.000000000000029,5.0,5.0,1.0,3.3333333333333335,2.886751345948127,0.4166666666666667,0.38461538461538464,0.1,0.2670940170940172,0.23186468391250728,0.2916666666666667,0.2846153846153846,0.08499999999999999,0.19209401709401708,0.16639565408125612,-0.16666666666666666,-0.05384615384615384,0.06,-0.0735042735042735,0.0850545454153638,-0.4,-0.13999999999999999,0.6,-0.18000000000000016,0.20297783130184469,-0.3857142857142857,-0.13783783783783785,0.6,-0.17451737451737467,0.1954556698059427,-0.16666666666666666,-0.3076923076923077,-0.1,-0.1581196581196581,0.15402411359777873,-0.4,-0.8,-1.0,-0.4000000000000001,0.4000000000000004,-0.42857142857142855,-0.7837837837837838,-1.0,-0.4041184041184043,0.39246365148161316,0.9166666666666666,0.6153846153846154,0.2,0.5106837606837608,0.46721638046601255,2.2,1.6,2.0,1.2666666666666664,1.1372481406154615,2.1142857142857143,1.5675675675675675,2.0,1.2272844272844272,1.0974495350943831,0.08333333333333333,0.0,0.0,0.027777777777777776,0.048112522432468816,0.2,0.0,0.0,0.06666666666666667,0.11547005383792484,0.25,0.3076923076923077,0.1,0.18589743589743593,0.16355577977144994,0.6,0.8,1.0,0.4666666666666666,0.41633319989322676,-0.45662100456620447,65.7,0.1524390243902607,65.60000000000001,0.09999999999783599,-21.52781337646723,-0.8027847149039055,70.761316716491,-4.513399153737652,77.99,3.004070263066261,-1.2232415902140858,low,low,-1.0,1,0,0
2010-01-01,64.6,61.0,0.0,0.0,55.73770491803279,0.0,0.0,0.0,0.0,0.0,0.0,0.0,0.0,0.0,0.0,0.0,0.0,1.0,0.0,0.0,0.0,0.0,0.0,0.0,0.0,0.0,0.0,0.0,0.0,0.0,0.0,0.0,0.0,0.0,0.0,0.0,0.0,8.0,0.0,0.0,0.0,0.0,0.0,4337.25,4337.25,0.0,0.0,0.0,0.0,1.0,0.0,0.0,0.0,0.0,0.0,0.0,0.0,0.0,0.0,0.0,0.0,0.0,0.0,0.0,0.0,0.0,0.0,0.0,0.0,0.0,0.0,0.0,0.0,0.0,0.0,0.0,0.0,-0.3299203296963833,78.32578947368421,0,1,0,0.0,0.0,0.0,0.0,0.0,1.0,0.0,0.0,0.6666666666666666,0.5773502691896258,0.0,1.0,1.0,0.3333333333333333,0.5773502691896264,11.0,12.0,13.0,10.333333333333334,2.081665999466147,0.0,5.0,5.0,1.6666666666666667,2.886751345948128,0.0,0.4166666666666667,0.38461538461538464,0.13888888888888898,0.24056261216234376,0.0,0.2916666666666667,0.2846153846153846,0.09722222222222221,0.16839382851364054,0.0,-0.16666666666666666,-0.05384615384615384,-0.05555555555555555,0.09622504486493778,0.0,-0.4,-0.13999999999999999,-0.13333333333333353,0.23094010767585058,0.0,-0.3857142857142857,-0.13783783783783785,-0.1285714285714287,0.22269224668742757,0.0,-0.16666666666666666,-0.3076923076923077,-0.05555555555555555,0.09622504486493785,0.0,-0.4,-0.8,-0.13333333333333333,0.23094010767585144,0.0,-0.42857142857142855,-0.7837837837837838,-0.142857142857143,0.2474358296526953,0.0,0.9166666666666666,0.6153846153846154,0.30555555555555564,0.5292377467571574,0.0,2.2,1.6,0.733333333333333,1.270170592217172,0.0,2.1142857142857143,1.5675675675675675,0.7047619047619048,1.220683426286637,0.0,0.08333333333333333,0.0,0.027777777777777776,0.048112522432468816,0.0,0.2,0.0,0.06666666666666667,0.11547005383792484,0.0,0.25,0.3076923076923077,0.08333333333333337,0.14433756729740674,0.0,0.6,0.8,0.19999999999999998,0.34641016151377596,-1.2232415902140858,65.4,-0.45662100456620447,65.56666666666668,0.1527525231637544,-47.628594613972844,-0.6299627196645882,-21.52781337646723,5.1776412967425856,74.47,-4.513399153737652,0.1547987616099311,high,low,-1.0,1,0,0
2010-02-01,64.7,25.0,0.0,0.0,46.56,0.0,0.0,0.0,0.0,0.0,0.0,0.0,0.0,0.0,0.0,0.0,0.0,1.0,0.0,0.0,0.0,0.0,0.0,0.0,0.0,0.0,0.0,0.0,0.0,0.0,0.0,0.0,0.0,0.0,0.0,0.0,0.0,15.0,0.15333333333333332,0.08666666666666667,0.0,0.2,3.0,7852.866666666667,5393.466666666666,-0.06666666666666667,0.13333333333333333,0.0,0.06666666666666667,0.9333333333333333,2.3,3.0,0.0,1.0,2.0,0.0,0.0,0.0,0.0,1.0,1.0,0.0,0.0,0.0,0.0,0.0,0.0,0.2,0.43333333333333335,-0.3333333333333333,0.6666666666666666,0.44347826086956527,-0.3478260869565218,0.6956521739130436,0.0,0.3333333333333333,0.6666666666666666,-0.1658140225298908,76.38736842105263,0,0,1,0.0,0.0,0.0,0.0,0.0,1.0,1.0,0.0,0.6666666666666666,0.5773502691896258,0.0,0.0,1.0,0.3333333333333333,0.5773502691896264,8.0,11.0,12.0,11.333333333333334,3.5118845842842545,0.0,0.0,5.0,1.0,1.7320508075688774,0.0,0.0,0.4166666666666667,0.06666666666666676,0.11547005383792448,0.0,0.0,0.2916666666666667,0.051111111111111086,0.08852704127574183,0.0,0.0,-0.16666666666666666,0.02888888888888889,0.050037023329768046,0.0,0.0,-0.4,0.14444444444444426,0.2501851166488381,0.0,0.0,-0.3857142857142857,0.1478260869565216,0.25604229329279127,0.0,0.0,-0.16666666666666666,-0.022222222222222223,0.038490017945975695,0.0,0.0,-0.4,-0.1111111111111111,0.1924500897298766,0.0,0.0,-0.42857142857142855,-0.11594202898550741,0.20081748493552015,0.0,0.0,0.9166666666666666,0.04444444444444456,0.07698003589195516,0.0,0.0,2.2,0.22222222222222177,0.3849001794597307,0.0,0.0,2.1142857142857143,0.23188405797101452,0.40163496987104486,0.0,0.0,0.08333333333333333,0.0,0.0,0.0,0.0,0.2,0.0,0.0,0.0,0.0,0.25,0.022222222222222258,0.038490017945976174,0.0,0.0,0.6,0.1111111111111111,0.1924500897298763,0.1547987616099311,64.6,-1.2232415902140858,65.23333333333333,0.5686240703072994,-49.74119276539128,-0.3299203296963833,-47.628594613972844,-2.474818403564061,78.32578947368421,5.1776412967425856,0.0,medium,high,1.0,0,0,1
2010-03-01,64.7,30.0,0.0,0.0,53.53333333333333,0.0,0.0,0.0,0.0,0.0,0.0,0.0,0.0,0.0,0.0,0.0,0.0,1.0,0.0,0.0,0.0,0.0,0.0,0.0,0.0,0.0,0.0,0.0,0.0,0.0,0.0,0.0,0.0,0.0,0.0,0.0,0.0,18.0,0.016666666666666666,0.011111111111111112,0.0,0.05555555555555555,1.0,4399.444444444444,4108.444444444444,0.0,0.0,0.0,0.0,1.0,0.3,0.0,0.0,0.0,1.0,0.0,0.0,0.0,0.0,0.0,0.0,0.0,0.0,0.0,0.0,0.0,0.0,0.0,0.2,0.0,0.0,0.2,0.0,0.0,0.0,0.0,1.0,0.348442785292446,81.20347826086957,0,0,1,0.0,0.0,0.0,0.0,0.0,0.0,1.0,1.0,0.3333333333333333,0.5773502691896257,1.0,0.0,0.0,0.6666666666666666,0.5773502691896264,15.0,8.0,11.0,13.666666666666666,5.13160143944689,3.0,0.0,0.0,1.3333333333333333,1.5275252316519463,0.2,0.0,0.0,0.0851851851851853,0.10323970270197225,0.15333333333333332,0.0,0.0,0.05666666666666664,0.08412952976082562,0.08666666666666667,0.0,0.0,0.0325925925925926,0.04715790827376942,0.43333333333333335,0.0,0.0,0.21111111111111094,0.2168802366215907,0.44347826086956527,0.0,0.0,0.2144927536231883,0.22209406092163017,-0.06666666666666667,0.0,0.0,-0.022222222222222223,0.038490017945975695,-0.3333333333333333,0.0,0.0,-0.1111111111111111,0.19245008972987662,-0.3478260869565218,0.0,0.0,-0.11594202898550741,0.20081748493552018,0.13333333333333333,0.0,0.0,0.04444444444444456,0.07698003589195516,0.6666666666666666,0.0,0.0,0.22222222222222177,0.3849001794597307,0.6956521739130436,0.0,0.0,0.23188405797101452,0.40163496987104486,0.0,0.0,0.0,0.0,0.0,0.0,0.0,0.0,0.0,0.0,0.06666666666666667,0.0,0.0,0.022222222222222258,0.038490017945976174,0.3333333333333333,0.0,0.0,0.1111111111111111,0.1924500897298763,0.0,64.7,0.1547987616099311,64.89999999999999,0.43588989435343567,-310.140722706147,-0.1658140225298908,-49.74119276539128,6.304851102174647,76.38736842105263,-2.474818403564061,-0.15455950540959051,medium,medium,0.0,0,1,0
2010-04-01,64.6,24.0,0.0,0.0,52.5,0.0,0.0,0.0,0.0,0.0,0.0,0.0,0.0,0.0,0.0,0.0,0.0,1.0,0.0,0.0,0.0,0.0,0.0,0.0,0.0,0.0,0.0,0.0,0.0,0.0,0.0,0.0,0.0,0.0,0.0,0.0,0.0,14.0,0.09999999999999999,0.03571428571428571,0.0,0.14285714285714285,2.0,6512.357142857143,5369.142857142857,0.0,0.0,0.0,0.0,1.0,1.4,2.0,0.0,0.0,2.0,0.0,0.0,0.0,0.0,0.0,0.0,0.0,0.0,0.0,0.0,0.0,0.0,0.14285714285714285,0.25,0.0,0.0,0.25,0.0,0.0,0.0,0.0,1.0,0.2775608145954005,84.29285714285714,0,0,1,0.0,0.0,0.0,0.0,0.0,0.0,0.0,1.0,0.0,0.0,1.0,1.0,0.0,1.0,0.0,18.0,15.0,8.0,15.666666666666666,2.0816659994661473,1.0,3.0,0.0,2.0,0.9999999999999979,0.05555555555555555,0.2,0.0,0.1328042328042329,0.07274506947632142,0.016666666666666666,0.15333333333333332,0.0,0.08999999999999997,0.06887992773257196,0.011111111111111112,0.08666666666666667,0.0,0.0444973544973545,0.038535921122548764,0.2,0.43333333333333335,0.0,0.2944444444444443,0.12285191326386713,0.2,0.44347826086956527,0.0,0.29782608695652163,0.1285920558362648,0.0,-0.06666666666666667,0.0,-0.022222222222222223,0.038490017945975695,0.0,-0.3333333333333333,0.0,-0.1111111111111111,0.19245008972987662,0.0,-0.3478260869565218,0.0,-0.11594202898550741,0.20081748493552018,0.0,0.13333333333333333,0.0,0.04444444444444456,0.07698003589195516,0.0,0.6666666666666666,0.0,0.22222222222222177,0.3849001794597307,0.0,0.6956521739130436,0.0,0.23188405797101452,0.40163496987104486,0.0,0.0,0.0,0.0,0.0,0.0,0.0,0.0,0.0,0.0,0.0,0.06666666666666667,0.0,0.022222222222222258,0.038490017945976174,0.0,0.3333333333333333,0.0,0.1111111111111111,0.1924500897298763,-0.15455950540959051,64.7,0.0,64.66666666666667,0.05773502691384799,-20.34249916741845,0.348442785292446,-310.140722706147,3.804490827428375,81.20347826086957,6.304851102174647,0.0,medium,medium,0.0,0,1,0
2010-05-01,64.6,16.0,0.0,0.0,50.125,0.0,0.0,0.0,0.0,0.0,0.0,0.0,0.0,0.0,0.0,0.0,0.0,1.0,0.0,0.0,0.0,0.0,0.0,0.0,0.0,0.0,0.0,0.0,0.0,0.0,0.0,0.0,0.0,0.0,0.0,0.0,0.0,12.0,0.19583333333333333,-0.016666666666666663,0.08333333333333333,0.25,3.0,4859.583333333333,4859.583333333333,-0.08333333333333333,0.3333333333333333,0.0,0.08333333333333333,0.9166666666666666,2.35,3.0,0.0,1.0,2.0,0.0,0.0,0.0,0.0,2.0,2.0,0.0,0.0,0.0,0.0,0.0,0.0,0.25,-0.06666666666666665,-0.3333333333333333,1.3333333333333333,-0.09148936170212764,-0.36170212765957444,1.4468085106382977,0.0,0.3333333333333333,0.6666666666666666,0.42433952452689266,73.7435,0,0,1,0.0,0.0,0.0,0.0,0.0,0.0,0.0,0.0,0.0,0.0,1.0,1.0,1.0,1.0,0.0,14.0,18.0,15.0,14.666666666666666,3.055050463303903,2.0,1.0,3.0,2.0,0.9999999999999979,0.14285714285714285,0.05555555555555555,0.2,0.14947089947089956,0.09739079436084566,0.09999999999999999,0.016666666666666666,0.15333333333333332,0.10416666666666664,0.08965597829729118,0.03571428571428571,0.011111111111111112,0.08666666666666667,0.010052910052910055,0.026206504635178415,0.25,0.2,0.43333333333333335,0.1277777777777776,0.17023948273382886,0.25,0.2,0.44347826086956527,0.11950354609929065,0.18442750705053126,0.0,0.0,-0.06666666666666667,-0.027777777777777776,0.04811252243246932,0.0,0.0,-0.3333333333333333,-0.1111111111111111,0.19245008972987662,0.0,0.0,-0.3478260869565218,-0.12056737588652496,0.2088288207707139,0.0,0.0,0.13333333333333333,0.11111111111111122,0.19245008972987707,0.0,0.0,0.6666666666666666,0.444444444444444,0.769800358919492,0.0,0.0,0.6956521739130436,0.48226950354609927,0.8353152830828626,0.0,0.0,0.0,0.0,0.0,0.0,0.0,0.0,0.0,0.0,0.0,0.0,0.06666666666666667,0.027777777777777814,0.048112522432469704,0.0,0.0,0.3333333333333333,0.1111111111111111,0.1924500897298763,0.0,64.6,-0.15455950540959051,64.66666666666667,0.05773502691384799,52.881639703158754,0.2775608145954005,-20.34249916741845,-12.515125836793494,84.29285714285714,3.804490827428375,-0.6191950464396134,low,medium,0.0,0,1,0
2010-06-01,64.2,17.0,0.0,0.0,50.76470588235294,0.0,0.0,0.0,0.0,0.0,0.0,0.0,0.0,0.0,0.0,0.0,0.0,1.0,0.0,0.0,0.0,0.0,0.0,0.0,0.0,0.0,0.0,0.0,0.0,0.0,0.0,0.0,0.0,0.0,0.0,0.0,0.0,7.0,0.0,0.0,0.0,0.0,0.0,4569.714285714285,4569.714285714285,0.0,0.0,0.0,0.0,1.0,0.0,0.0,0.0,0.0,0.0,0.0,0.0,0.0,0.0,0.0,0.0,0.0,0.0,0.0,0.0,0.0,0.0,0.0,0.0,0.0,0.0,0.0,0.0,0.0,0.0,0.0,0.0,-0.03778830526175239,75.3359090909091,0,1,0,0.0,0.0,0.0,0.0,0.0,0.0,0.0,0.0,0.3333333333333333,0.5773502691896257,1.0,1.0,1.0,0.6666666666666666,0.5773502691896264,12.0,14.0,18.0,11.0,3.605551275463997,3.0,2.0,1.0,1.6666666666666667,1.5275252316519456,0.25,0.14285714285714285,0.05555555555555555,0.13095238095238104,0.1254244494387225,0.19583333333333333,0.09999999999999999,0.016666666666666666,0.0986111111111111,0.0979240540948457,-0.016666666666666663,0.03571428571428571,0.011111111111111112,0.00634920634920635,0.026761452857282344,-0.06666666666666665,0.25,0.2,0.06111111111111093,0.16694421334796394,-0.09148936170212764,0.25,0.2,0.052836879432623975,0.17676975960289482,-0.08333333333333333,0.0,0.0,-0.027777777777777776,0.04811252243246932,-0.3333333333333333,0.0,0.0,-0.1111111111111111,0.19245008972987662,-0.36170212765957444,0.0,0.0,-0.12056737588652496,0.2088288207707139,0.3333333333333333,0.0,0.0,0.11111111111111122,0.19245008972987707,1.3333333333333333,0.0,0.0,0.444444444444444,0.769800358919492,1.4468085106382977,0.0,0.0,0.48226950354609927,0.8353152830828626,0.0,0.0,0.0,0.0,0.0,0.0,0.0,0.0,0.0,0.0,0.08333333333333333,0.0,0.0,0.027777777777777814,0.048112522432469704,0.3333333333333333,0.0,0.0,0.1111111111111111,0.1924500897298763,-0.6191950464396134,64.6,0.0,64.63333333333334,0.057735026913803895,-108.90520516651934,0.42433952452689266,52.881639703158754,2.1593890863724985,73.7435,-12.515125836793494,0.15576323987538387,high,low,-1.0,1,0,0
2010-07-01,64.3,16.0,0.0,0.0,48.6875,0.0,0.0,0.0,0.0,0.0,0.0,0.0,0.0,0.0,0.0,0.0,0.0,1.0,0.0,0.0,0.0,0.0,0.0,0.0,0.0,0.0,0.0,0.0,0.0,0.0,0.0,0.0,0.0,0.0,0.0,0.0,0.0,8.0,0.2,0.16249999999999998,0.0,0.25,2.0,3957.875,3957.875,-0.25,0.5,0.0,0.25,0.75,1.6,2.0,0.0,2.0,0.0,0.0,0.0,0.0,0.0,2.0,2.0,0.0,0.0,0.0,0.0,0.0,0.0,0.25,0.6499999999999999,-1.0,2.0,0.65,-1.0,2.0,0.0,1.0,0.0,-0.0493066885275916,76.31952380952382,0,0,1,0.0,0.0,0.0,0.0,0.0,1.0,0.0,0.0,0.3333333333333333,0.5773502691896257,0.0,1.0,1.0,0.6666666666666666,0.5773502691896264,7.0,12.0,14.0,9.0,2.6457513110646014,0.0,3.0,2.0,1.6666666666666667,1.5275252316519456,0.0,0.25,0.14285714285714285,0.16666666666666674,0.14433756729740596,0.0,0.19583333333333333,0.09999999999999999,0.13194444444444445,0.11428623098428138,0.0,-0.016666666666666663,0.03571428571428571,0.048611111111111105,0.09898208779220487,0.0,-0.06666666666666665,0.25,0.19444444444444423,0.3959283511688186,0.0,-0.09148936170212764,0.25,0.18617021276595733,0.40428471337703203,0.0,-0.08333333333333333,0.0,-0.1111111111111111,0.12729376930432904,0.0,-0.3333333333333333,0.0,-0.4444444444444444,0.5091750772173159,0.0,-0.36170212765957444,0.0,-0.4539007092198583,0.5063352978326674,0.0,0.3333333333333333,0.0,0.2777777777777779,0.2545875386086588,0.0,1.3333333333333333,0.0,1.1111111111111107,1.0183501544346263,0.0,1.4468085106382977,0.0,1.1489361702127658,1.0327371148520497,0.0,0.0,0.0,0.0,0.0,0.0,0.0,0.0,0.0,0.0,0.0,0.08333333333333333,0.0,0.11111111111111115,0.12729376930432923,0.0,0.3333333333333333,0.0,0.4444444444444444,0.5091750772173158,0.15576323987538387,64.2,-0.6191950464396134,64.46666666666665,0.23094010767450115,30.48134386036516,-0.03778830526175239,-108.90520516651934,1.3056386130918973,75.3359090909091,2.1593890863724985,-0.7776049766718529,low,high,1.0,0,0,1
2010-08-01,63.8,18.0,0.0,0.0,47.0,0.0,0.0,0.0,0.0,0.0,0.0,0.0,0.0,0.0,0.0,0.0,0.0,1.0,0.0,0.0,0.0,0.0,0.0,0.0,0.0,0.0,0.0,0.0,0.0,0.0,0.0,0.0,0.0,0.0,0.0,0.0,0.0,9.0,0.25555555555555554,-0.13333333333333333,0.2222222222222222,0.3333333333333333,3.0,7455.0,5134.111111111111,0.0,0.7777777777777778,0.1111111111111111,0.1111111111111111,0.7777777777777778,2.3,3.0,1.0,1.0,1.0,1.0,1.0,0.0,0.0,0.0,0.0,0.0,0.0,0.0,0.0,1.0,1.0,0.3333333333333333,-0.39999999999999997,0.0,2.3333333333333335,-0.4347826086956522,0.08695652173913047,2.4782608695652173,0.3333333333333333,0.3333333333333333,0.3333333333333333,0.3059692141126942,76.59909090909092,0,0,1,0.0,0.0,0.0,0.0,0.0,0.0,1.0,0.0,0.3333333333333333,0.5773502691896257,1.0,0.0,1.0,0.6666666666666666,0.5773502691896264,8.0,7.0,12.0,8.0,1.0000000000000284,2.0,0.0,3.0,1.6666666666666667,1.5275252316519456,0.25,0.0,0.25,0.1944444444444445,0.17347216662217732,0.2,0.0,0.19583333333333333,0.15185185185185182,0.13440923934536314,0.16249999999999998,0.0,-0.016666666666666663,0.009722222222222215,0.148156105110392,0.6499999999999999,0.0,-0.06666666666666665,0.08333333333333313,0.529937103186155,0.65,0.0,-0.09148936170212764,0.07173913043478246,0.5459379123662237,-0.25,0.0,-0.08333333333333333,-0.08333333333333333,0.1443375672974066,-1.0,0.0,-0.3333333333333333,-0.3333333333333333,0.5773502691896262,-1.0,0.0,-0.36170212765957444,-0.30434782608695665,0.6040193038891215,0.5,0.0,0.3333333333333333,0.42592592592592604,0.3941443824776442,2.0,0.0,1.3333333333333333,1.444444444444444,1.2619796324000576,2.0,0.0,1.4468085106382977,1.4927536231884055,1.3146932720204743,0.0,0.0,0.0,0.037037037037037035,0.06415002990995843,0.0,0.0,0.0,0.1111111111111111,0.19245008972987504,0.25,0.0,0.08333333333333333,0.1203703703703704,0.12525693757841408,1.0,0.0,0.3333333333333333,0.4444444444444444,0.5091750772173158,-0.7776049766718529,64.3,0.15576323987538387,64.36666666666666,0.20816659994508113,-720.5430201248994,-0.0493066885275916,30.48134386036516,0.36631137828484484,76.31952380952382,1.3056386130918973,-0.470219435736674,low,low,-1.0,1,0,0
2010-09-01,63.5,27.0,0.0,0.0,52.44444444444444,0.0,0.0,0.0,0.0,0.0,0.0,0.0,0.0,0.0,0.0,0.0,0.0,1.0,0.0,0.0,0.0,0.0,0.0,0.0,0.0,0.0,0.0,0.0,0.0,0.0,0.0,0.0,0.0,0.0,0.0,0.0,0.0,15.0,0.14,0.04,0.06666666666666667,0.2,3.0,6198.466666666666,5917.933333333333,-0.06666666666666667,0.13333333333333333,0.0,0.06666666666666667,0.9333333333333333,2.1,2.0,0.0,1.0,2.0,0.0,0.0,0.0,0.0,0.0,0.0,0.0,0.0,0.0,0.0,1.0,1.0,0.13333333333333333,0.19999999999999998,-0.3333333333333333,0.6666666666666666,0.24285714285714285,-0.2857142857142857,0.5714285714285714,0.0,0.3333333333333333,0.6666666666666666,0.3617990011416754,75.24190476190476,0,0,1,0.0,0.0,0.0,0.0,0.0,0.0,0.0,1.0,0.0,0.0,1.0,1.0,0.0,1.0,0.0,9.0,8.0,7.0,10.666666666666666,3.7859388972001904,3.0,2.0,0.0,2.6666666666666665,0.5773502691896201,0.3333333333333333,0.25,0.0,0.2611111111111112,0.06735753140545545,0.25555555555555554,0.2,0.0,0.1985185185185185,0.057792021036413205,-0.13333333333333333,0.16249999999999998,0.0,0.02305555555555555,0.14864277959566677,-0.39999999999999997,0.6499999999999999,0.0,0.1499999999999998,0.526782687642637,-0.4347826086956522,0.65,0.0,0.15269151138716341,0.5479833098333576,0.0,-0.25,0.0,-0.10555555555555556,0.1294575577525673,0.0,-1.0,0.0,-0.4444444444444444,0.5091750772173159,0.08695652173913047,-1.0,0.0,-0.3995859213250519,0.5523528601223227,0.7777777777777778,0.5,0.0,0.47037037037037055,0.323242318869017,2.3333333333333335,2.0,0.0,1.6666666666666663,0.8819171036881932,2.4782608695652173,2.0,0.0,1.6832298136645962,0.9920987181311602,0.1111111111111111,0.0,0.0,0.037037037037037035,0.06415002990995843,0.3333333333333333,0.0,0.0,0.1111111111111111,0.19245008972987504,0.1111111111111111,0.25,0.0,0.14259259259259263,0.09563519506426237,0.3333333333333333,1.0,0.0,0.5555555555555555,0.38490017945975064,-0.470219435736674,63.8,-0.7776049766718529,64.10000000000001,0.26457513110518605,18.246864211775925,0.3059692141126942,-720.5430201248994,-1.771804509790964,76.59909090909092,0.36631137828484484,-0.47244094488188004,low,low,-1.0,1,0,0
2010-10-01,63.2,21.0,0.0,0.0,54.23809523809524,0.0,0.0,0.0,0.0,0.0,0.0,0.0,0.0,0.0,0.0,0.0,0.0,1.0,0.0,0.0,0.0,0.0,0.0,0.0,0.0,0.0,0.0,0.0,0.0,0.0,0.0,0.0,0.0,0.0,0.0,0.0,0.0,12.0,0.075,0.03333333333333333,0.0,0.16666666666666666,2.0,4132.25,4031.3333333333335,0.0,0.0,0.0,0.0,1.0,0.8999999999999999,0.0,0.0,0.0,2.0,0.0,0.0,0.0,0.0,0.0,0.0,0.0,0.0,0.0,0.0,0.0,0.0,0.0,0.2,0.0,0.0,0.23333333333333334,0.0,0.0,0.0,0.0,1.0,0.6761663868224044,81.89285714285714,0,0,1,0.0,0.0,0.0,0.0,0.0,0.0,0.0,0.0,0.0,0.0,1.0,1.0,1.0,1.0,0.0,15.0,9.0,8.0,12.0,3.00000000000001,3.0,3.0,2.0,2.6666666666666665,0.5773502691896201,0.2,0.3333333333333333,0.25,0.2333333333333334,0.08819171036881895,0.14,0.25555555555555554,0.2,0.15685185185185183,0.09144979958218245,0.04,-0.13333333333333333,0.16249999999999998,-0.02,0.09820613241770844,0.19999999999999998,-0.39999999999999997,0.6499999999999999,-1.7578531223231644e-16,0.3464101615137756,0.24285714285714285,-0.4347826086956522,0.65,0.01380262249827451,0.3885153896191802,-0.06666666666666667,0.0,-0.25,-0.022222222222222223,0.03849001794597576,-0.3333333333333333,0.0,-1.0,-0.1111111111111111,0.19245008972987693,-0.2857142857142857,0.08695652173913047,-1.0,-0.06625258799171856,0.19496906611997383,0.13333333333333333,0.7777777777777778,0.5,0.30370370370370386,0.415937633818266,0.6666666666666666,2.3333333333333335,2.0,0.9999999999999997,1.201850425154659,0.5714285714285714,2.4782608695652173,2.0,1.0165631469979297,1.29771060995124,0.0,0.1111111111111111,0.0,0.037037037037037035,0.06415002990995843,0.0,0.3333333333333333,0.0,0.1111111111111111,0.19245008972987504,0.06666666666666667,0.1111111111111111,0.25,0.05925925925925929,0.055924699520524895,0.3333333333333333,0.3333333333333333,1.0,0.2222222222222222,0.19245008972987648,-0.47244094488188004,63.5,-0.470219435736674,63.866666666666674,0.40414518843186165,86.8900645631211,0.3617990011416754,18.246864211775925,8.839425851855598,75.24190476190476,-1.771804509790964,-1.5822784810126556,low,low,-1.0,1,0,0
2010-11-01,62.2,21.0,0.0,0.0,61.23809523809524,0.0,0.0,0.0,0.0,0.0,0.0,0.0,0.0,0.0,0.0,0.0,0.0,1.0,0.0,0.0,0.0,0.0,0.0,0.0,0.0,0.0,0.0,0.0,0.0,0.0,0.0,0.0,0.0,0.0,0.0,0.0,0.0,13.0,0.04615384615384615,-0.038461538461538464,0.07692307692307693,0.07692307692307693,1.0,5722.307692307692,5392.692307692308,-0.07692307692307693,0.15384615384615385,0.0,0.07692307692307693,0.9230769230769231,0.6,0.0,0.0,1.0,0.0,0.0,0.0,0.0,0.0,0.0,0.0,0.0,0.0,0.0,0.0,1.0,1.0,0.0,-0.5,-1.0,2.0,-0.5,-1.0,2.0,0.0,1.0,0.0,0.4391064294986924,84.25285714285714,0,0,1,0.0,0.0,0.0,0.0,0.0,0.0,0.0,0.0,0.0,0.0,1.0,1.0,1.0,1.0,0.0,12.0,15.0,9.0,13.333333333333334,1.5275252316519665,2.0,3.0,3.0,2.0,0.999999999999998,0.16666666666666666,0.2,0.3333333333333333,0.14786324786324798,0.06365656814141907,0.075,0.14,0.25555555555555554,0.08705128205128204,0.04806974305359387,0.03333333333333333,0.04,-0.13333333333333333,0.011623931623931624,0.04350318202583627,0.2,0.19999999999999998,-0.39999999999999997,-0.03333333333333351,0.4041451884327382,0.23333333333333334,0.24285714285714285,-0.4347826086956522,-0.007936507936508094,0.42616608957453495,0.0,-0.06666666666666667,0.0,-0.04786324786324786,0.041766809308959964,0.0,-0.3333333333333333,0.0,-0.4444444444444444,0.5091750772173159,0.0,-0.2857142857142857,0.08695652173913047,-0.42857142857142866,0.5150787536377125,0.0,0.13333333333333333,0.7777777777777778,0.09572649572649587,0.08353361861792293,0.0,0.6666666666666666,2.3333333333333335,0.8888888888888885,1.018350154434626,0.0,0.5714285714285714,2.4782608695652173,0.8571428571428571,1.030157507275425,0.0,0.0,0.1111111111111111,0.0,0.0,0.0,0.0,0.3333333333333333,0.0,0.0,0.0,0.06666666666666667,0.1111111111111111,0.047863247863247894,0.041766809308960484,0.0,0.3333333333333333,0.3333333333333333,0.4444444444444444,0.5091750772173158,-1.5822784810126556,63.2,-0.47244094488188004,63.5,0.2999999999987305,-35.059411698614355,0.6761663868224044,86.8900645631211,2.881814217182721,81.89285714285714,8.839425851855598,-0.4823151125401992,low,low,-1.0,1,0,0
2010-12-01,61.9,24.0,0.0,0.0,59.583333333333336,0.0,0.0,0.0,0.0,0.0,0.0,0.0,0.0,0.0,0.0,0.0,0.0,1.0,0.0,0.0,0.0,0.0,0.0,0.0,0.0,0.0,0.0,0.0,0.0,0.0,0.0,0.0,0.0,0.0,0.0,0.0,0.0,9.0,0.08888888888888889,-0.03333333333333333,0.1111111111111111,0.1111111111111111,1.0,4426.333333333333,4426.333333333333,0.1111111111111111,0.3333333333333333,0.1111111111111111,0.0,0.8888888888888888,0.8,1.0,1.0,0.0,0.0,1.0,1.0,0.0,0.0,0.0,0.0,0.0,0.0,0.0,0.0,0.0,0.0,0.1111111111111111,-0.3,1.0,3.0,-0.3,1.0,3.0000000000000004,1.0,0.0,0.0,0.6918534937138612,89.14590909090909,0,0,1,0.0,0.0,0.0,0.0,0.0,0.0,0.0,0.0,0.0,0.0,1.0,1.0,1.0,1.0,0.0,13.0,12.0,15.0,11.333333333333334,2.0816659994661477,1.0,2.0,3.0,1.3333333333333333,0.5773502691896246,0.07692307692307693,0.16666666666666666,0.2,0.11823361823361833,0.04529376950308833,0.04615384615384615,0.075,0.14,0.070014245014245,0.0217994101749297,-0.038461538461538464,0.03333333333333333,0.04,-0.012820512820512822,0.04005256244054744,-0.5,0.2,0.19999999999999998,-0.20000000000000018,0.3605551275463991,-0.5,0.23333333333333334,0.24285714285714285,-0.18888888888888902,0.3790827135384888,-0.07692307692307693,0.0,-0.06666666666666667,0.011396011396011393,0.09453367534494084,-1.0,0.0,-0.3333333333333333,0.0,1.0000000000000004,-1.0,0.0,-0.2857142857142857,-1.8503717077085943e-16,0.9999999999999996,0.15384615384615385,0.0,0.13333333333333333,0.16239316239316257,0.16683095124737912,2.0,0.0,0.6666666666666666,1.6666666666666663,1.5275252316519448,2.0,0.0,0.5714285714285714,1.666666666666667,1.5275252316519454,0.0,0.0,0.0,0.037037037037037035,0.06415002990995843,0.0,0.0,0.0,0.3333333333333333,0.5773502691896257,0.07692307692307693,0.0,0.06666666666666667,0.02564102564102568,0.04441155916843381,1.0,0.0,0.3333333333333333,0.3333333333333333,0.5773502691896261,-0.4823151125401992,62.2,-1.5822784810126556,62.96666666666667,0.6806859285547854,57.55940866174938,0.4391064294986924,-35.059411698614355,5.807579842373056,84.25285714285714,2.881814217182721,0.0,medium,low,-1.0,1,0,0
2011-01-01,61.9,68.0,0.0,0.0,55.838235294117645,0.0,0.0,0.0,0.0,0.0,0.0,0.0,0.0,0.0,0.0,0.0,0.0,1.0,0.0,0.0,0.0,0.0,0.0,0.0,0.0,0.0,0.0,0.0,0.0,0.0,0.0,0.0,0.0,0.0,0.0,0.0,0.0,14.0,0.1142857142857143,0.05714285714285715,0.0,0.14285714285714285,2.0,4317.642857142857,4317.642857142857,0.0,0.0,0.0,0.0,1.0,1.6,2.0,0.0,0.0,2.0,0.0,0.0,0.0,0.0,1.0,1.0,0.0,0.0,0.0,0.0,0.0,0.0,0.14285714285714285,0.4,0.0,0.0,0.39999999999999997,0.0,0.0,0.0,0.0,1.0,0.7550203584910098,89.1705,0,0,1,0.0,0.0,0.0,0.0,0.0,0.0,0.0,0.0,0.0,0.0,1.0,1.0,1.0,1.0,0.0,9.0,13.0,12.0,12.0,2.6457513110646027,1.0,1.0,2.0,1.3333333333333333,0.5773502691896246,0.1111111111111111,0.07692307692307693,0.16666666666666666,0.11029711029711038,0.03297456915022798,0.08888888888888889,0.04615384615384615,0.075,0.0831094831094831,0.034431657121850985,-0.03333333333333333,-0.038461538461538464,0.03333333333333333,-0.0048840048840048805,0.05377800044287452,-0.3,-0.5,0.2,-0.1333333333333335,0.472581562625261,-0.3,-0.5,0.23333333333333334,-0.1333333333333335,0.47258156262526113,0.1111111111111111,-0.07692307692307693,0.0,0.011396011396011393,0.09453367534494084,1.0,-1.0,0.0,1.850371707708594e-17,1.0000000000000004,1.0,-1.0,0.0,-1.4802973661668753e-16,0.9999999999999996,0.3333333333333333,0.15384615384615385,0.0,0.16239316239316257,0.16683095124737912,3.0,2.0,0.0,1.6666666666666663,1.5275252316519448,3.0000000000000004,2.0,0.0,1.666666666666667,1.5275252316519454,0.1111111111111111,0.0,0.0,0.037037037037037035,0.06415002990995843,1.0,0.0,0.0,0.3333333333333333,0.5773502691896257,0.0,0.07692307692307693,0.0,0.02564102564102568,0.04441155916843381,0.0,1.0,0.0,0.3333333333333333,0.5773502691896261,0.0,61.9,-0.4823151125401992,62.43333333333334,0.6806859285547318,9.130092620920305,0.6918534937138612,57.55940866174938,0.02758501129405122,89.14590909090909,5.807579842373056,0.4846526655896577,high,medium,0.0,0,1,0
2011-02-01,62.2,16.0,0.0,0.0,63.6875,0.0,0.0,0.0,0.0,0.0,0.0,0.0,0.0,0.0,0.0,0.0,0.0,1.0,0.0,0.0,0.0,0.0,0.0,0.0,0.0,0.0,0.0,0.0,0.0,0.0,0.0,0.0,0.0,0.0,0.0,0.0,0.0,11.0,0.33636363636363636,0.2545454545454545,0.0,0.45454545454545453,5.0,4737.727272727273,4737.727272727273,0.0,0.7272727272727273,0.18181818181818182,0.18181818181818182,0.6363636363636364,3.7,5.0,2.0,2.0,1.0,0.0,0.0,0.0,0.0,3.0,3.0,1.0,1.0,0.0,0.0,0.0,0.0,0.45454545454545453,0.5599999999999999,0.0,1.6,0.5675675675675674,-0.0540540540540541,1.6216216216216215,0.4,0.4,0.2,0.3535242854994986,88.57842105263158,0,0,1,0.0,0.0,0.0,0.0,0.0,0.0,0.0,0.0,0.0,0.0,1.0,1.0,1.0,1.0,0.0,14.0,9.0,13.0,11.333333333333334,2.5166114784235956,2.0,1.0,1.0,2.6666666666666665,2.0816659994661313,0.14285714285714285,0.1111111111111111,0.07692307692307693,0.23617123617123625,0.18978257841756183,0.1142857142857143,0.08888888888888889,0.04615384615384615,0.17984607984607984,0.13614168652080466,0.05714285714285715,-0.03333333333333333,-0.038461538461538464,0.09278499278499279,0.14721182188428136,0.4,-0.3,-0.5,0.21999999999999983,0.45738386504117107,0.39999999999999997,-0.3,-0.5,0.22252252252252233,0.4602087160545781,0.0,0.1111111111111111,-0.07692307692307693,0.037037037037037035,0.06415002990995895,0.0,1.0,-1.0,0.3333333333333333,0.5773502691896268,0.0,1.0,-1.0,0.31531531531531515,0.5935699607217694,0.0,0.3333333333333333,0.15384615384615385,0.35353535353535365,0.3640569957765683,0.0,3.0,2.0,1.5333333333333332,1.5011106998930246,0.0,3.0000000000000004,2.0,1.540540540540541,1.5016426360096313,0.0,0.1111111111111111,0.0,0.09764309764309764,0.09165425985734817,0.0,1.0,0.0,0.4666666666666666,0.5033222956847165,0.0,0.0,0.07692307692307693,0.06060606060606064,0.10497277621629603,0.0,0.0,1.0,0.13333333333333333,0.23094010767585169,0.4846526655896577,61.9,0.0,62.0,0.17320508075405694,-53.1768539054953,0.7550203584910098,9.130092620920305,-0.6639852275903135,89.1705,0.02758501129405122,-0.1607717041800627,medium,high,1.0,0,0,1
2011-03-01,62.1,27.0,0.0,0.0,55.851851851851855,0.0,0.0,0.0,0.0,0.0,0.0,0.0,0.0,0.0,0.0,0.0,0.0,1.0,0.0,0.0,0.0,0.0,0.0,0.0,0.0,0.0,0.0,0.0,0.0,0.0,0.0,0.0,0.0,0.0,0.0,0.0,0.0,14.0,0.18928571428571428,-0.16428571428571428,0.2857142857142857,0.2857142857142857,4.0,5751.071428571428,4851.214285714285,0.14285714285714285,0.8571428571428571,0.21428571428571427,0.07142857142857142,0.7142857142857143,2.65,2.0,3.0,1.0,0.0,2.0,2.0,0.0,0.0,0.0,0.0,1.0,1.0,0.0,0.0,1.0,1.0,0.14285714285714285,-0.575,0.5,3.0,-0.609433962264151,0.5471698113207548,3.3207547169811327,0.75,0.25,0.0,0.735448644082973,102.85652173913043,0,0,1,0.0,0.0,0.0,0.0,0.0,0.0,0.0,0.0,0.0,0.0,1.0,1.0,1.0,1.0,0.0,11.0,14.0,9.0,13.0,1.7320508075688952,5.0,2.0,1.0,3.6666666666666665,1.5275252316519434,0.45454545454545453,0.14285714285714285,0.1111111111111111,0.29437229437229445,0.15602442676138584,0.33636363636363636,0.1142857142857143,0.08888888888888889,0.21331168831168826,0.1129716178495045,0.2545454545454545,0.05714285714285715,-0.03333333333333333,0.049134199134199134,0.2095304057850448,0.5599999999999999,0.4,-0.3,0.12833333333333316,0.6143356845677561,0.5675675675675674,0.39999999999999997,-0.3,0.119377868434472,0.6367061613097812,0.0,0.0,0.1111111111111111,0.047619047619047616,0.08247860988423268,0.0,0.0,1.0,0.16666666666666666,0.2886751345948147,-0.0540540540540541,0.0,1.0,0.16437191908890011,0.3326125823127884,0.7272727272727273,0.0,0.3333333333333333,0.5281385281385284,0.4619678466477613,1.6,0.0,3.0,1.5333333333333332,1.5011106998930246,1.6216216216216215,0.0,3.0000000000000004,1.6474587795342515,1.6605281213020324,0.18181818181818182,0.0,0.1111111111111111,0.13203463203463203,0.1154919616619403,0.4,0.0,1.0,0.3833333333333333,0.3752776749732566,0.18181818181818182,0.0,0.0,0.08441558441558446,0.0916021816861426,0.4,0.0,0.0,0.21666666666666667,0.2020725942163703,-0.1607717041800627,62.2,0.4846526655896577,62.0,0.17320508075405694,108.03341502942266,0.3535242854994986,-53.1768539054953,16.119163693395567,88.57842105263158,-0.6639852275903135,-0.16103059581320522,medium,medium,0.0,0,1,0
2011-04-01,62.0,36.0,0.0,0.0,58.27777777777778,0.0,0.0,0.0,0.0,0.0,0.0,0.0,0.0,0.0,0.0,0.0,0.0,1.0,0.0,0.0,0.0,0.0,0.0,0.0,0.0,0.0,0.0,0.0,0.0,0.0,0.0,0.0,0.0,0.0,0.0,0.0,0.0,14.0,0.32857142857142857,-0.021428571428571432,0.21428571428571427,0.42857142857142855,6.0,4606.071428571428,3753.3571428571427,0.07142857142857142,0.5714285714285714,0.14285714285714285,0.07142857142857142,0.7857142857142857,4.6,5.0,2.0,1.0,3.0,1.0,1.0,0.0,0.0,1.0,1.0,1.0,1.0,0.0,0.0,0.0,0.0,0.35714285714285715,-0.05000000000000001,0.16666666666666666,1.3333333333333333,-0.013043478260869554,0.14130434782608697,1.3695652173913044,0.3333333333333333,0.16666666666666666,0.5,1.6020279868218446,109.5325,0,0,1,0.0,0.0,0.0,0.0,0.0,0.0,0.0,0.0,0.0,0.0,1.0,1.0,1.0,1.0,0.0,14.0,11.0,14.0,13.0,1.7320508075688952,4.0,5.0,2.0,5.0,0.9999999999999927,0.2857142857142857,0.45454545454545453,0.14285714285714285,0.3896103896103897,0.09090909090909059,0.18928571428571428,0.33636363636363636,0.1142857142857143,0.2847402597402597,0.08275782326475073,-0.16428571428571428,0.2545454545454545,0.05714285714285715,0.022943722943722943,0.21291210011884473,-0.575,0.5599999999999999,0.4,-0.02166666666666688,0.5680302222006621,-0.609433962264151,0.5675675675675674,0.39999999999999997,-0.018303290985817865,0.5885183935349666,0.14285714285714285,0.0,0.0,0.07142857142857142,0.07142857142857195,0.5,0.0,0.0,0.2222222222222222,0.25458753860865996,0.5471698113207548,-0.0540540540540541,0.0,0.21147336836426245,0.30669252135733693,0.8571428571428571,0.7272727272727273,0.0,0.7186147186147188,0.14305378044898995,3.0,1.6,0.0,1.9777777777777776,0.8952549812659392,3.3207547169811327,1.6216216216216215,0.0,2.1039805186646863,1.0612670234181618,0.21428571428571427,0.18181818181818182,0.0,0.17965367965367965,0.035763445112247584,0.75,0.4,0.0,0.49444444444444446,0.22381374531648515,0.07142857142857142,0.18181818181818182,0.0,0.10822510822510827,0.06373347127418018,0.25,0.4,0.0,0.2722222222222222,0.11824331474329498,-0.16103059581320522,62.1,-0.1607717041800627,62.06666666666666,0.1527525231620166,117.83002793069323,0.735448644082973,108.03341502942266,6.490573614574968,102.85652173913043,16.119163693395567,0.0,medium,medium,0.0,0,1,0
2011-05-01,62.0,29.0,0.0,0.0,56.689655172413794,0.0,0.0,0.0,0.0,0.0,0.0,0.0,0.0,0.0,0.0,0.0,0.0,1.0,0.0,0.0,0.0,0.0,0.0,0.0,0.0,0.0,0.0,0.0,0.0,0.0,0.0,0.0,0.0,0.0,0.0,0.0,0.0,11.0,0.07272727272727274,0.02727272727272727,0.0,0.09090909090909091,1.0,6784.181818181818,5788.454545454545,0.0,0.0,0.0,0.0,1.0,0.8,1.0,0.0,0.0,1.0,0.0,0.0,0.0,0.0,0.0,0.0,0.0,0.0,0.0,0.0,0.0,0.0,0.09090909090909091,0.3,0.0,0.0,0.3,0.0,0.0,0.0,0.0,1.0,0.9279741882914135,100.90047619047618,0,0,1,0.0,0.0,0.0,0.0,0.0,0.0,0.0,0.0,0.0,0.0,1.0,1.0,1.0,1.0,0.0,14.0,14.0,11.0,13.0,1.7320508075688952,6.0,4.0,5.0,3.6666666666666665,2.5166114784235813,0.42857142857142855,0.2857142857142857,0.45454545454545453,0.26839826839826847,0.16949586104287323,0.32857142857142857,0.18928571428571428,0.33636363636363636,0.19686147186147185,0.12809021077754984,-0.021428571428571432,-0.16428571428571428,0.2545454545454545,-0.052813852813852806,0.0995612175939995,-0.05000000000000001,-0.575,0.5599999999999999,-0.10833333333333352,0.4404070087241273,-0.013043478260869554,-0.609433962264151,0.5675675675675674,-0.10749248017500702,0.46201514412603517,0.07142857142857142,0.14285714285714285,0.0,0.07142857142857142,0.07142857142857197,0.16666666666666666,0.5,0.0,0.2222222222222222,0.25458753860865996,0.14130434782608697,0.5471698113207548,-0.0540540540540541,0.22949138638228042,0.2840447428349626,0.5714285714285714,0.8571428571428571,0.7272727272727273,0.47619047619047633,0.4364357804719851,1.3333333333333333,3.0,1.6,1.444444444444444,1.5030832509409622,1.3695652173913044,3.3207547169811327,1.6216216216216215,1.563439978124146,1.6688449717469322,0.14285714285714285,0.21428571428571427,0.18181818181818182,0.11904761904761903,0.10910894511799622,0.3333333333333333,0.75,0.4,0.36111111111111116,0.37577081273524104,0.07142857142857142,0.07142857142857142,0.18181818181818182,0.04761904761904765,0.04123930494211725,0.16666666666666666,0.25,0.4,0.13888888888888887,0.12729376930433134,0.0,62.0,-0.16103059581320522,62.1,0.09999999999516841,-42.07503265081161,1.6020279868218446,117.83002793069323,-7.88078772010482,109.5325,6.490573614574968,0.1612903225806539,high,medium,0.0,0,1,0
2011-06-01,62.1,23.0,0.0,0.0,53.47826086956522,0.0,0.0,0.0,0.0,0.0,0.0,0.0,0.0,0.0,0.0,0.0,0.0,1.0,0.0,0.0,0.0,0.0,0.0,0.0,0.0,0.0,0.0,0.0,0.0,0.0,0.0,0.0,0.0,0.0,0.0,0.0,0.0,6.0,0.2583333333333333,-0.049999999999999996,0.16666666666666666,0.3333333333333333,2.0,5229.0,5229.0,0.0,0.8333333333333334,0.16666666666666666,0.16666666666666666,0.6666666666666666,1.5499999999999998,2.0,1.0,1.0,0.0,0.0,0.0,0.0,0.0,0.0,0.0,1.0,1.0,0.0,0.0,1.0,1.0,0.3333333333333333,-0.15,0.0,2.5,-0.19354838709677424,0.09677419354838712,2.5483870967741935,0.5,0.5,0.0,0.20404829001644442,96.26409090909091,0,0,1,0.0,0.0,0.0,0.0,0.0,0.0,0.0,0.0,0.0,0.0,1.0,1.0,1.0,1.0,0.0,11.0,14.0,14.0,10.333333333333334,4.0414518843273886,1.0,6.0,4.0,3.0,2.645751311064589,0.09090909090909091,0.42857142857142855,0.2857142857142857,0.28427128427128434,0.17409559748173908,0.07272727272727274,0.32857142857142857,0.18928571428571428,0.21987734487734487,0.1321862523335824,0.02727272727272727,-0.021428571428571432,-0.16428571428571428,-0.014718614718614709,0.03907091289346182,0.3,-0.05000000000000001,-0.575,0.03333333333333313,0.23629078131263093,0.3,-0.013043478260869554,-0.609433962264151,0.031136044880785235,0.2497225966952633,0.0,0.07142857142857142,0.14285714285714285,0.023809523809523808,0.04123930494211695,0.0,0.16666666666666666,0.5,0.05555555555555555,0.09622504486494264,0.0,0.14130434782608697,0.5471698113207548,0.07935951379149121,0.07224391311324721,0.0,0.5714285714285714,0.8571428571428571,0.4682539682539684,0.42613948440186705,0.0,1.3333333333333333,3.0,1.2777777777777775,1.2509255832441855,0.0,1.3695652173913044,3.3207547169811327,1.3059841047218328,1.2753827336009822,0.0,0.14285714285714285,0.21428571428571427,0.10317460317460318,0.09014140231429008,0.0,0.3333333333333333,0.75,0.27777777777777773,0.2545875386086576,0.0,0.07142857142857142,0.07142857142857142,0.0793650793650794,0.08361629962581593,0.0,0.16666666666666666,0.25,0.2222222222222222,0.2545875386086588,0.1612903225806539,62.0,0.0,62.03333333333333,0.057735026910521604,-78.01142611604982,0.9279741882914135,-42.07503265081161,-4.595008325464067,100.90047619047618,-7.88078772010482,-0.48309178743961567,low,high,1.0,0,0,1
2011-07-01,61.8,29.0,0.0,0.0,55.03448275862069,0.0,0.0,0.0,0.0,0.0,0.0,0.0,0.0,0.0,0.0,0.0,0.0,1.0,0.0,0.0,0.0,0.0,0.0,0.0,0.0,0.0,0.0,0.0,0.0,0.0,0.0,0.0,0.0,0.0,0.0,0.0,0.0,14.0,0.15714285714285717,-0.1142857142857143,0.21428571428571427,0.21428571428571427,3.0,5322.142857142857,5314.142857142857,-0.21428571428571427,0.5714285714285714,0.0,0.21428571428571427,0.7857142857142857,2.2,3.0,0.0,3.0,0.0,0.0,0.0,0.0,0.0,1.0,1.0,0.0,0.0,0.0,0.0,2.0,2.0,0.21428571428571427,-0.5333333333333333,-1.0,2.6666666666666665,-0.5409090909090909,-1.0,2.6818181818181817,0.0,1.0,0.0,0.2829712650129384,97.3035,0,0,1,0.0,0.0,0.0,0.0,0.0,0.0,0.0,0.0,0.0,0.0,1.0,1.0,1.0,1.0,0.0,6.0,11.0,14.0,10.333333333333334,4.0414518843273886,2.0,1.0,6.0,2.0,0.9999999999999978,0.3333333333333333,0.09090909090909091,0.42857142857142855,0.21284271284271294,0.12121856301167415,0.2583333333333333,0.07272727272727274,0.32857142857142857,0.16273448773448773,0.09292928592715027,-0.049999999999999996,0.02727272727272727,-0.021428571428571432,-0.04567099567099567,0.07087844032549047,-0.15,0.3,-0.05000000000000001,-0.12777777777777796,0.4171108743265773,-0.19354838709677424,0.3,-0.013043478260869554,-0.14481915933528855,0.42256706925890675,0.0,0.0,0.07142857142857142,-0.07142857142857142,0.12371791482634859,0.0,0.0,0.16666666666666666,-0.3333333333333333,0.5773502691896263,0.09677419354838712,0.0,0.14130434782608697,-0.3010752688172044,0.6072175442363654,0.8333333333333334,0.0,0.5714285714285714,0.4682539682539684,0.42613948440186705,2.5,0.0,1.3333333333333333,1.722222222222222,1.493814406638748,2.5483870967741935,0.0,1.3695652173913044,1.7434017595307918,1.511303488702813,0.16666666666666666,0.0,0.14285714285714285,0.05555555555555555,0.09622504486493763,0.5,0.0,0.3333333333333333,0.16666666666666666,0.28867513459481275,0.16666666666666666,0.0,0.07142857142857142,0.126984126984127,0.11251941967268156,0.5,0.0,0.16666666666666666,0.5,0.5000000000000001,-0.48309178743961567,62.1,0.1612903225806539,62.03333333333334,0.057735026910521604,38.67857701239912,0.20404829001644442,-78.01142611604982,1.0797474749859592,96.26409090909091,-4.595008325464067,-0.3236245954692518,low,low,-1.0,1,0,0
2011-08-01,61.6,25.0,0.0,0.0,53.72,0.0,0.0,0.0,0.0,0.0,0.0,0.0,0.0,0.0,0.0,0.0,0.0,1.0,0.0,0.0,0.0,0.0,0.0,0.0,0.0,0.0,0.0,0.0,0.0,0.0,0.0,0.0,0.0,0.0,0.0,0.0,0.0,10.0,0.0,0.0,0.0,0.0,0.0,4264.7,4264.7,0.0,0.0,0.0,0.0,1.0,0.0,0.0,0.0,0.0,0.0,0.0,0.0,0.0,0.0,0.0,0.0,0.0,0.0,0.0,0.0,0.0,0.0,0.0,0.0,0.0,0.0,0.0,0.0,0.0,0.0,0.0,0.0,-0.10535316780778568,86.33304347826088,0,1,0,0.0,0.0,0.0,0.0,0.0,0.0,0.0,0.0,0.3333333333333333,0.5773502691896257,1.0,1.0,1.0,0.6666666666666666,0.5773502691896264,14.0,6.0,11.0,10.0,4.000000000000008,3.0,2.0,1.0,1.6666666666666667,1.5275252316519456,0.21428571428571427,0.3333333333333333,0.09090909090909091,0.18253968253968264,0.16891902106184692,0.15714285714285717,0.2583333333333333,0.07272727272727274,0.13849206349206347,0.13017264250076152,-0.1142857142857143,-0.049999999999999996,0.02727272727272727,-0.054761904761904755,0.05729147340721914,-0.5333333333333333,-0.15,0.3,-0.22777777777777797,0.27504208432192406,-0.5409090909090909,-0.19354838709677424,0.3,-0.24481915933528856,0.2740751360876706,-0.21428571428571427,0.0,0.0,-0.07142857142857142,0.12371791482634859,-1.0,0.0,0.0,-0.3333333333333333,0.5773502691896263,-1.0,0.09677419354838712,0.0,-0.3010752688172044,0.6072175442363654,0.5714285714285714,0.8333333333333334,0.0,0.4682539682539684,0.426139484401867,2.6666666666666665,2.5,0.0,1.722222222222222,1.4938144066387478,2.6818181818181817,2.5483870967741935,0.0,1.7434017595307918,1.511303488702813,0.0,0.16666666666666666,0.0,0.05555555555555555,0.09622504486493763,0.0,0.5,0.0,0.16666666666666666,0.28867513459481275,0.21428571428571427,0.16666666666666666,0.0,0.126984126984127,0.11251941967268156,1.0,0.5,0.0,0.5,0.5000000000000001,-0.3236245954692518,61.8,-0.48309178743961567,61.96666666666667,0.1527525231619796,-137.23104810764747,0.2829712650129384,38.67857701239912,-11.27447267748758,97.3035,1.0797474749859592,-1.1363636363636465,low,low,-1.0,1,0,0
2011-09-01,60.9,30.0,0.0,0.0,56.266666666666666,0.0,0.0,0.0,0.0,0.0,0.0,0.0,0.0,0.0,0.0,0.0,0.0,1.0,0.0,0.0,0.0,0.0,0.0,0.0,0.0,0.0,0.0,0.0,0.0,0.0,0.0,0.0,0.0,0.0,0.0,0.0,0.0,16.0,0.15625,-0.0875,0.1875,0.25,4.0,4271.3125,4271.3125,-0.1875,0.5625,0.0,0.1875,0.8125,2.5,3.0,0.0,3.0,1.0,0.0,0.0,0.0,0.0,1.0,1.0,0.0,0.0,0.0,0.0,2.0,2.0,0.1875,-0.35,-0.75,2.25,-0.41600000000000004,-0.8800000000000001,2.6399999999999997,0.0,0.75,0.25,-0.5494853479001379,85.51523809523809,0,0,1,0.0,0.0,0.0,0.0,0.0,1.0,0.0,0.0,0.3333333333333333,0.5773502691896257,0.0,1.0,1.0,0.6666666666666666,0.5773502691896264,10.0,14.0,6.0,13.333333333333334,3.0550504633039037,0.0,3.0,2.0,2.3333333333333335,2.0816659994661313,0.0,0.21428571428571427,0.3333333333333333,0.15476190476190488,0.13521210347143456,0.0,0.15714285714285717,0.2583333333333333,0.10446428571428572,0.0904698266872233,0.0,-0.1142857142857143,-0.049999999999999996,-0.06726190476190476,0.05977032287514153,0.0,-0.5333333333333333,-0.15,-0.2944444444444446,0.2709721866279382,0.0,-0.5409090909090909,-0.19354838709677424,-0.3189696969696972,0.28320808769637784,0.0,-0.21428571428571427,0.0,-0.13392857142857142,0.11675622170198251,0.0,-1.0,0.0,-0.5833333333333334,0.5204164998665335,0.0,-1.0,0.09677419354838712,-0.6266666666666668,0.5460158727851542,0.0,0.5714285714285714,0.8333333333333334,0.3779761904761907,0.32736742396290625,0.0,2.6666666666666665,2.5,1.6388888888888886,1.4345279259639259,0.0,2.6818181818181817,2.5483870967741935,1.7739393939393941,1.5364188621955233,0.0,0.0,0.16666666666666666,0.0,0.0,0.0,0.0,0.5,0.0,0.0,0.0,0.21428571428571427,0.16666666666666666,0.13392857142857148,0.11675622170198272,0.0,1.0,0.5,0.5833333333333334,0.5204164998665333,-1.1363636363636465,61.6,-0.3236245954692518,61.833333333333336,0.2516611478403738,421.5650932325649,-0.10535316780778568,-137.23104810764747,-0.9472681027730911,86.33304347826088,-11.27447267748758,0.3284072249589487,high,low,-1.0,1,0,0
2011-10-01,61.1,44.0,0.0,0.0,50.95454545454545,0.0,0.0,0.0,0.0,0.0,0.0,0.0,0.0,0.0,0.0,0.0,0.0,1.0,0.0,0.0,0.0,0.0,0.0,0.0,0.0,0.0,0.0,0.0,0.0,0.0,0.0,0.0,0.0,0.0,0.0,0.0,0.0,24.0,0.2833333333333333,-0.008333333333333331,0.125,0.375,9.0,5387.583333333333,5370.458333333333,-0.08333333333333333,0.4583333333333333,0.041666666666666664,0.125,0.8333333333333334,6.8,8.0,1.0,3.0,5.0,0.0,0.0,0.0,0.0,1.0,1.0,1.0,1.0,0.0,0.0,2.0,2.0,0.3333333333333333,-0.022222222222222216,-0.2222222222222222,1.2222222222222223,-0.04044117647058824,-0.21323529411764708,1.2941176470588236,0.1111111111111111,0.3333333333333333,0.5555555555555556,-0.3848195774574865,86.32238095238095,0,0,1,0.0,0.0,0.0,0.0,0.0,0.0,1.0,0.0,0.3333333333333333,0.5773502691896257,1.0,0.0,1.0,0.6666666666666666,0.5773502691896264,16.0,10.0,14.0,16.666666666666668,7.023769168568497,4.0,0.0,3.0,4.333333333333333,4.509249752822893,0.25,0.0,0.21428571428571427,0.20833333333333345,0.190940653956493,0.15625,0.0,0.15714285714285717,0.14652777777777778,0.1419166503555805,-0.0875,0.0,-0.1142857142857143,-0.031944444444444435,0.048292607363094,-0.35,0.0,-0.5333333333333333,-0.12407407407407424,0.1959728292244588,-0.41600000000000004,0.0,-0.5409090909090909,-0.15214705882352958,0.22939627964329998,-0.1875,0.0,-0.21428571428571427,-0.09027777777777778,0.09394270318381057,-0.75,0.0,-1.0,-0.32407407407407407,0.38523414930953265,-0.8800000000000001,0.0,-1.0,-0.3644117647058825,0.45906507593655677,0.5625,0.0,0.5714285714285714,0.34027777777777796,0.29925640870021236,2.25,0.0,2.6666666666666665,1.1574074074074072,1.1263994496467933,2.6399999999999997,0.0,2.6818181818181817,1.311372549019608,1.3200845801429746,0.0,0.0,0.0,0.013888888888888888,0.024056261216234363,0.0,0.0,0.0,0.037037037037037035,0.06415002990995816,0.1875,0.0,0.21428571428571427,0.1041666666666667,0.09547032697824716,0.75,0.0,1.0,0.3611111111111111,0.37577081273524165,0.3284072249589487,60.9,-1.1363636363636465,61.43333333333334,0.4725815626241537,-29.96727229796441,-0.5494853479001379,421.5650932325649,0.9438585158868973,85.51523809523809,-0.9472681027730911,-0.6546644844517169,low,high,1.0,0,0,1
2011-11-01,60.7,42.0,0.0,0.0,58.333333333333336,0.0,0.0,0.0,0.0,0.0,0.0,0.0,0.0,0.0,0.0,0.0,0.0,1.0,0.0,0.0,0.0,0.0,0.0,0.0,0.0,0.0,0.0,0.0,0.0,0.0,0.0,0.0,0.0,0.0,0.0,0.0,0.0,16.0,0.04375,-0.0125,0.0625,0.0625,1.0,4883.3125,4883.3125,0.0,0.0,0.0,0.0,1.0,0.7,1.0,0.0,0.0,1.0,0.0,0.0,0.0,0.0,0.0,0.0,0.0,0.0,0.0,0.0,1.0,1.0,0.0625,-0.2,0.0,0.0,-0.19999999999999998,0.0,0.0,0.0,0.0,1.0,0.1406098066349976,97.16047619047619,0,0,1,0.0,0.0,0.0,0.0,0.0,0.0,0.0,1.0,0.0,0.0,1.0,1.0,0.0,1.0,0.0,24.0,16.0,10.0,18.666666666666668,4.618802153517012,9.0,4.0,0.0,4.666666666666667,4.041451884327379,0.375,0.25,0.0,0.22916666666666677,0.15728821740147358,0.2833333333333333,0.15625,0.0,0.16111111111111112,0.11986561727077391,-0.008333333333333331,-0.0875,0.0,-0.0361111111111111,0.04455281925651549,-0.022222222222222216,-0.35,0.0,-0.1907407407407409,0.16408494237058263,-0.04044117647058824,-0.41600000000000004,0.0,-0.2188137254901962,0.1884849455071001,-0.08333333333333333,-0.1875,0.0,-0.09027777777777778,0.09394270318381057,-0.2222222222222222,-0.75,0.0,-0.32407407407407407,0.3852341493095326,-0.21323529411764708,-0.8800000000000001,0.0,-0.3644117647058825,0.45906507593655677,0.4583333333333333,0.5625,0.0,0.34027777777777796,0.29925640870021236,1.2222222222222223,2.25,0.0,1.1574074074074072,1.126399449646793,1.2941176470588236,2.6399999999999997,0.0,1.311372549019608,1.3200845801429746,0.041666666666666664,0.0,0.0,0.013888888888888888,0.024056261216234363,0.1111111111111111,0.0,0.0,0.037037037037037035,0.06415002990995816,0.125,0.1875,0.0,0.1041666666666667,0.09547032697824714,0.3333333333333333,0.75,0.0,0.3611111111111111,0.37577081273524165,-0.6546644844517169,61.1,0.3284072249589487,61.199999999999996,0.36055512754491204,-136.53915103904288,-0.3848195774574865,-29.96727229796441,12.555371061965936,86.32238095238095,0.9438585158868973,-0.8237232289950547,low,low,-1.0,1,0,0
2011-12-01,60.2,25.0,0.0,0.0,54.4,0.0,0.0,0.0,0.0,0.0,0.0,0.0,0.0,0.0,0.0,0.0,0.0,1.0,0.0,0.0,0.0,0.0,0.0,0.0,0.0,0.0,0.0,0.0,0.0,0.0,0.0,0.0,0.0,0.0,0.0,0.0,0.0,14.0,0.10714285714285714,-0.0071428571428571435,0.07142857142857142,0.14285714285714285,2.0,4799.571428571428,4350.214285714285,0.0,0.0,0.0,0.0,1.0,1.5,2.0,0.0,0.0,2.0,0.0,0.0,0.0,0.0,0.0,0.0,1.0,1.0,0.0,0.0,0.0,0.0,0.14285714285714285,-0.05,0.0,0.0,-0.03999999999999998,0.0,0.0,0.0,0.0,1.0,-0.04795576805306915,98.56285714285715,0,0,1,0.0,0.0,0.0,0.0,0.0,0.0,0.0,0.0,0.0,0.0,1.0,1.0,1.0,1.0,0.0,16.0,24.0,16.0,18.0,5.291502622129186,1.0,9.0,4.0,4.0,4.358898943540672,0.0625,0.375,0.25,0.19345238095238107,0.16227745095494706,0.04375,0.2833333333333333,0.15625,0.1447420634920635,0.12413830448876512,-0.0125,-0.008333333333333331,-0.0875,-0.009325396825396815,0.0028129854918241617,-0.2,-0.022222222222222216,-0.35,-0.09074074074074094,0.09563519506426303,-0.19999999999999998,-0.04044117647058824,-0.41600000000000004,-0.09348039215686288,0.09224895013202924,0.0,-0.08333333333333333,-0.1875,-0.027777777777777776,0.04811252243246941,0.0,-0.2222222222222222,-0.75,-0.07407407407407407,0.12830005981991963,0.0,-0.21323529411764708,-0.8800000000000001,-0.07107843137254917,0.12311145445955034,0.0,0.4583333333333333,0.5625,0.15277777777777796,0.2646188733785795,0.0,1.2222222222222223,2.25,0.40740740740740716,0.7056503290095315,0.0,1.2941176470588236,2.6399999999999997,0.43137254901960814,0.7471591718924582,0.0,0.041666666666666664,0.0,0.013888888888888888,0.024056261216234363,0.0,0.1111111111111111,0.0,0.037037037037037035,0.06415002990995816,0.0,0.125,0.1875,0.041666666666666706,0.07216878364870384,0.0,0.3333333333333333,0.75,0.1111111111111111,0.19245008972987712,-0.8237232289950547,60.7,-0.6546644844517169,60.900000000000006,0.19999999999722956,-134.1055643277821,0.1406098066349976,-136.53915103904288,1.4433656640707504,97.16047619047619,12.555371061965936,-0.830564784053156,low,low,-1.0,1,0,0
2012-01-01,59.7,61.0,0.0,0.0,57.73770491803279,0.0,0.0,0.0,0.0,0.0,0.0,0.0,0.0,0.0,0.0,0.0,0.0,1.0,0.0,0.0,0.0,0.0,0.0,0.0,0.0,0.0,0.0,0.0,0.0,0.0,0.0,0.0,0.0,0.0,0.0,0.0,0.0,18.0,0.25277777777777777,0.07222222222222223,0.05555555555555555,0.3333333333333333,6.0,5719.277777777777,5719.277777777777,0.0,0.0,0.0,0.0,1.0,4.55,6.0,0.0,0.0,6.0,0.0,0.0,0.0,0.0,1.0,1.0,0.0,0.0,0.0,0.0,0.0,0.0,0.3333333333333333,0.21666666666666667,0.0,0.0,0.23076923076923078,0.0,0.0,0.0,0.0,1.0,0.37725304557599043,100.2735,0,0,1,0.0,0.0,0.0,0.0,0.0,0.0,0.0,0.0,0.0,0.0,1.0,1.0,1.0,1.0,0.0,14.0,16.0,24.0,16.0,2.0000000000000133,2.0,1.0,9.0,3.0,2.645751311064588,0.14285714285714285,0.0625,0.375,0.17956349206349217,0.1390977737605991,0.10714285714285714,0.04375,0.2833333333333333,0.13455687830687832,0.10717648710405182,-0.0071428571428571435,-0.0125,-0.008333333333333331,0.01752645502645504,0.04744359763706983,-0.05,-0.2,-0.022222222222222216,-0.011111111111111313,0.21103799903580694,-0.03999999999999998,-0.19999999999999998,-0.04044117647058824,-0.0030769230769232083,0.2177453047748208,0.0,0.0,-0.08333333333333333,0.0,0.0,0.0,0.0,-0.2222222222222222,0.0,0.0,0.0,0.0,-0.21323529411764708,0.0,0.0,0.0,0.0,0.4583333333333333,0.0,0.0,0.0,0.0,1.2222222222222223,0.0,0.0,0.0,0.0,1.2941176470588236,0.0,0.0,0.0,0.0,0.041666666666666664,0.0,0.0,0.0,0.0,0.1111111111111111,0.0,0.0,0.0,0.0,0.125,0.0,0.0,0.0,0.0,0.3333333333333333,0.0,0.0,-0.830564784053156,60.2,-0.8237232289950547,60.666666666666664,0.45092497528103365,-886.668759341967,-0.04795576805306915,-134.1055643277821,1.735585703104614,98.56285714285715,1.4433656640707504,0.16750418760467234,high,low,-1.0,1,0,0
2012-02-01,59.8,33.0,0.0,0.0,55.484848484848484,0.0,0.0,0.0,0.0,0.0,0.0,0.0,0.0,0.0,0.0,0.0,0.0,1.0,0.0,0.0,0.0,0.0,0.0,0.0,0.0,0.0,0.0,0.0,0.0,0.0,0.0,0.0,0.0,0.0,0.0,0.0,0.0,9.0,0.17777777777777778,-0.022222222222222216,0.1111111111111111,0.2222222222222222,2.0,4395.555555555556,4395.555555555556,0.1111111111111111,0.4444444444444444,0.1111111111111111,0.0,0.8888888888888888,1.6,2.0,1.0,0.0,1.0,0.0,0.0,0.0,0.0,0.0,0.0,1.0,1.0,0.0,0.0,0.0,0.0,0.2222222222222222,-0.09999999999999998,0.5,2.0,-0.09999999999999995,0.5,2.0,0.5,0.0,0.5,0.004139184809393481,102.204,0,0,1,0.0,0.0,0.0,0.0,0.0,0.0,0.0,0.0,0.0,0.0,1.0,1.0,1.0,1.0,0.0,18.0,14.0,16.0,13.666666666666666,4.5092497528229,6.0,2.0,1.0,3.3333333333333335,2.3094010767585003,0.3333333333333333,0.14285714285714285,0.0625,0.2328042328042329,0.09567799640224875,0.25277777777777777,0.10714285714285714,0.04375,0.17923280423280422,0.07282836228814633,0.07222222222222223,-0.0071428571428571435,-0.0125,0.0142857142857143,0.05073781653468175,0.21666666666666667,-0.05,-0.2,0.022222222222222043,0.17023948273382908,0.23076923076923078,-0.03999999999999998,-0.19999999999999998,0.030256410256410137,0.17622157470782418,0.0,0.0,0.0,0.037037037037037035,0.06415002990995892,0.0,0.0,0.0,0.16666666666666666,0.2886751345948144,0.0,0.0,0.0,0.16666666666666652,0.2886751345948113,0.0,0.0,0.0,0.14814814814814833,0.2566001196398347,0.0,0.0,0.0,0.6666666666666664,1.1547005383792455,0.0,0.0,0.0,0.666666666666667,1.1547005383792517,0.0,0.0,0.0,0.037037037037037035,0.06415002990995841,0.0,0.0,0.0,0.16666666666666666,0.28867513459481275,0.0,0.0,0.0,0.0,0.0,0.0,0.0,0.0,0.0,0.0,0.16750418760467234,59.7,-0.830564784053156,60.20000000000001,0.4999999999988208,-98.90280943840392,0.37725304557599043,-886.668759341967,1.9252344836871105,100.2735,1.735585703104614,-0.16722408026754731,medium,high,1.0,0,0,1
2012-03-01,59.7,21.0,0.0,0.0,51.61904761904762,0.0,0.0,0.0,0.0,0.0,0.0,0.0,0.0,0.0,0.0,0.0,0.0,1.0,0.0,0.0,0.0,0.0,0.0,0.0,0.0,0.0,0.0,0.0,0.0,0.0,0.0,0.0,0.0,0.0,0.0,0.0,0.0,9.0,0.08888888888888889,0.022222222222222223,0.0,0.1111111111111111,1.0,6190.444444444444,6045.333333333333,-0.1111111111111111,0.2222222222222222,0.0,0.1111111111111111,0.8888888888888888,0.8,1.0,0.0,1.0,0.0,0.0,0.0,0.0,0.0,0.0,0.0,0.0,0.0,0.0,0.0,1.0,1.0,0.1111111111111111,0.2,-1.0,2.0,0.20000000000000004,-1.0,2.0,0.0,1.0,0.0,-0.3738068241551226,106.15772727272729,0,0,1,0.0,0.0,0.0,0.0,0.0,0.0,0.0,0.0,0.0,0.0,1.0,1.0,1.0,1.0,0.0,9.0,18.0,14.0,12.0,5.196152422706637,2.0,6.0,2.0,3.0,2.645751311064588,0.2222222222222222,0.3333333333333333,0.14285714285714285,0.22222222222222232,0.11111111111111058,0.17777777777777778,0.25277777777777777,0.10714285714285714,0.17314814814814816,0.08204247118529073,-0.022222222222222216,0.07222222222222223,-0.0071428571428571435,0.02407407407407409,0.04724944748953041,-0.09999999999999998,0.21666666666666667,-0.05,0.10555555555555539,0.17821127702606102,-0.09999999999999995,0.23076923076923078,-0.03999999999999998,0.11025641025641014,0.18273616207791724,0.1111111111111111,0.0,0.0,0.0,0.11111111111111138,0.5,0.0,0.0,-0.16666666666666666,0.7637626158259737,0.5,0.0,0.0,-0.16666666666666682,0.763762615825973,0.4444444444444444,0.0,0.0,0.2222222222222224,0.22222222222222326,2.0,0.0,0.0,1.333333333333333,1.1547005383792475,2.0,0.0,0.0,1.3333333333333337,1.1547005383792501,0.1111111111111111,0.0,0.0,0.037037037037037035,0.06415002990995841,0.5,0.0,0.0,0.16666666666666666,0.28867513459481275,0.0,0.0,0.0,0.03703703703703707,0.06415002990995912,0.0,0.0,0.0,0.3333333333333333,0.5773502691896261,-0.16722408026754731,59.8,0.16750418760467234,59.9,0.26457513110416886,-9130.928585425905,0.004139184809393481,-98.90280943840392,3.8684662760041677,102.204,1.9252344836871105,0.16750418760467234,high,medium,0.0,0,1,0
2012-04-01,59.8,19.0,0.0,0.0,51.73684210526316,0.0,0.0,0.0,0.0,0.0,0.0,0.0,0.0,0.0,0.0,0.0,0.0,1.0,0.0,0.0,0.0,0.0,0.0,0.0,0.0,0.0,0.0,0.0,0.0,0.0,0.0,0.0,0.0,0.0,0.0,0.0,0.0,11.0,0.05454545454545454,-0.02727272727272727,0.09090909090909091,0.09090909090909091,1.0,7323.545454545455,5988.090909090909,0.0,0.0,0.0,0.0,1.0,0.6,0.0,0.0,0.0,1.0,0.0,0.0,0.0,0.0,0.0,0.0,0.0,0.0,0.0,0.0,0.0,0.0,0.0,-0.3,0.0,0.0,-0.3,0.0,0.0,0.0,0.0,1.0,-0.3267565889870631,103.321,0,0,1,0.0,0.0,0.0,0.0,0.0,0.0,0.0,0.0,0.0,0.0,1.0,1.0,1.0,1.0,0.0,9.0,9.0,18.0,9.666666666666666,1.1547005383792748,1.0,2.0,6.0,1.3333333333333333,0.5773502691896134,0.1111111111111111,0.2222222222222222,0.3333333333333333,0.14141414141414152,0.07070707070706964,0.08888888888888889,0.17777777777777778,0.25277777777777777,0.1070707070707071,0.06359626763109898,0.022222222222222223,-0.022222222222222216,0.07222222222222223,-0.009090909090909078,0.027235290429723495,0.2,-0.09999999999999998,0.21666666666666667,-0.06666666666666683,0.25166114784235877,0.20000000000000004,-0.09999999999999995,0.23076923076923078,-0.06666666666666678,0.2516611478423589,-0.1111111111111111,0.1111111111111111,0.0,0.0,0.11111111111111138,-1.0,0.5,0.0,-0.16666666666666666,0.7637626158259737,-1.0,0.5,0.0,-0.16666666666666682,0.763762615825973,0.2222222222222222,0.4444444444444444,0.0,0.2222222222222224,0.22222222222222326,2.0,2.0,0.0,1.333333333333333,1.1547005383792475,2.0,2.0,0.0,1.3333333333333337,1.1547005383792501,0.0,0.1111111111111111,0.0,0.037037037037037035,0.06415002990995841,0.0,0.5,0.0,0.16666666666666666,0.28867513459481275,0.1111111111111111,0.0,0.0,0.03703703703703707,0.06415002990995912,1.0,0.0,0.0,0.3333333333333333,0.5773502691896261,0.16750418760467234,59.7,-0.16722408026754731,59.73333333333334,0.057735026908295684,-12.586778016801148,-0.3738068241551226,-9130.928585425905,-2.672181616548286,106.15772727272729,3.8684662760041677,0.33444816053511683,high,high,1.0,0,0,1
2012-05-01,60.0,29.0,0.0,0.0,56.89655172413793,0.0,0.0,0.0,0.0,0.0,0.0,0.0,0.0,0.0,0.0,0.0,0.0,1.0,0.0,0.0,0.0,0.0,0.0,0.0,0.0,0.0,0.0,0.0,0.0,0.0,0.0,0.0,0.0,0.0,0.0,0.0,0.0,14.0,0.0,0.0,0.0,0.0,0.0,5344.142857142857,5055.642857142857,0.0,0.0,0.0,0.0,1.0,0.0,0.0,0.0,0.0,0.0,0.0,0.0,0.0,0.0,0.0,0.0,0.0,0.0,0.0,0.0,0.0,0.0,0.0,0.0,0.0,0.0,0.0,0.0,0.0,0.0,0.0,0.0,-0.6778416900837932,94.65454545454546,0,1,0,0.0,0.0,0.0,0.0,0.0,0.0,0.0,0.0,0.3333333333333333,0.5773502691896257,1.0,1.0,1.0,0.6666666666666666,0.5773502691896264,11.0,9.0,9.0,11.333333333333334,2.516611478423594,1.0,1.0,2.0,0.6666666666666666,0.5773502691896133,0.09090909090909091,0.1111111111111111,0.2222222222222222,0.06734006734006745,0.05918651795032489,0.05454545454545454,0.08888888888888889,0.17777777777777778,0.04781144781144783,0.04482542556401874,-0.02727272727272727,0.022222222222222223,-0.022222222222222216,-0.0016835016835016735,0.02479038401912538,-0.3,0.2,-0.09999999999999998,-0.03333333333333351,0.25166114784235877,-0.3,0.20000000000000004,-0.09999999999999995,-0.033333333333333465,0.25166114784235893,0.0,-0.1111111111111111,0.1111111111111111,-0.037037037037037035,0.06415002990995886,0.0,-1.0,0.5,-0.3333333333333333,0.5773502691896262,0.0,-1.0,0.5,-0.3333333333333335,0.5773502691896256,0.0,0.2222222222222222,0.4444444444444444,0.07407407407407425,0.12830005981991907,0.0,2.0,2.0,0.6666666666666664,1.1547005383792455,0.0,2.0,2.0,0.666666666666667,1.1547005383792517,0.0,0.0,0.1111111111111111,0.0,0.0,0.0,0.0,0.5,0.0,0.0,0.0,0.1111111111111111,0.0,0.03703703703703707,0.06415002990995912,0.0,1.0,0.0,0.3333333333333333,0.5773502691896261,0.33444816053511683,59.8,0.16750418760467234,59.76666666666666,0.05773502690832748,107.44545417893016,-0.3267565889870631,-12.586778016801148,-8.387892631173276,103.321,-2.672181616548286,-0.5000000000000004,low,high,1.0,0,0,1
2012-06-01,59.7,25.0,0.0,0.0,52.8,0.0,0.0,0.0,0.0,0.0,0.0,0.0,0.0,0.0,0.0,0.0,0.0,1.0,0.0,0.0,0.0,0.0,0.0,0.0,0.0,0.0,0.0,0.0,0.0,0.0,0.0,0.0,0.0,0.0,0.0,0.0,0.0,14.0,0.16428571428571428,-0.028571428571428574,0.14285714285714285,0.21428571428571427,3.0,6514.428571428572,4415.785714285715,-0.14285714285714285,0.42857142857142855,0.0,0.14285714285714285,0.8571428571428571,2.3,3.0,0.0,2.0,1.0,0.0,0.0,0.0,0.0,0.0,0.0,0.0,0.0,0.0,0.0,2.0,2.0,0.21428571428571427,-0.13333333333333333,-0.6666666666666666,2.0,-0.16521739130434784,-0.6956521739130436,2.173913043478261,0.0,0.6666666666666666,0.3333333333333333,-0.7051649616031669,82.30333333333333,0,0,1,0.0,0.0,0.0,0.0,0.0,1.0,0.0,0.0,0.3333333333333333,0.5773502691896257,0.0,1.0,1.0,0.6666666666666666,0.5773502691896264,14.0,11.0,9.0,13.0,1.7320508075688923,0.0,1.0,1.0,1.3333333333333333,1.527525231651942,0.0,0.09090909090909091,0.1111111111111111,0.10173160173160184,0.10755201947017104,0.0,0.05454545454545454,0.08888888888888889,0.07294372294372296,0.08367389789912229,0.0,-0.02727272727272727,0.022222222222222223,-0.018614718614718608,0.016133891907866318,0.0,-0.3,0.2,-0.14444444444444463,0.1503083250940972,0.0,-0.3,0.20000000000000004,-0.1550724637681161,0.1502570785887865,0.0,0.0,-0.1111111111111111,-0.047619047619047616,0.08247860988423258,0.0,0.0,-1.0,-0.2222222222222222,0.3849001794597512,0.0,0.0,-1.0,-0.23188405797101466,0.4016349698710436,0.0,0.0,0.2222222222222222,0.14285714285714304,0.2474358296526978,0.0,0.0,2.0,0.6666666666666664,1.1547005383792455,0.0,0.0,2.0,0.7246376811594207,1.2551092808470128,0.0,0.0,0.0,0.0,0.0,0.0,0.0,0.0,0.0,0.0,0.0,0.0,0.1111111111111111,0.04761904761904765,0.08247860988423279,0.0,0.0,1.0,0.2222222222222222,0.38490017945975114,-0.5000000000000004,60.0,0.33444816053511683,59.833333333333336,0.15275252316120125,4.030922252066849,-0.6778416900837932,107.44545417893016,-13.048725829171481,94.65454545454546,-8.387892631173276,-0.16750418760469454,medium,low,-1.0,1,0,0
2012-07-01,59.6,21.0,0.0,0.0,61.476190476190474,0.0,0.0,0.0,0.0,0.0,0.0,0.0,0.0,0.0,0.0,0.0,0.0,1.0,0.0,0.0,0.0,0.0,0.0,0.0,0.0,0.0,0.0,0.0,0.0,0.0,0.0,0.0,0.0,0.0,0.0,0.0,0.0,12.0,0.25,-0.025000000000000005,0.25,0.3333333333333333,4.0,4701.416666666667,4636.25,-0.08333333333333333,0.16666666666666666,0.0,0.08333333333333333,0.9166666666666666,3.0,4.0,0.0,1.0,3.0,0.0,0.0,0.0,0.0,1.0,1.0,0.0,0.0,0.0,0.0,1.0,1.0,0.3333333333333333,-0.07500000000000001,-0.25,0.5,-0.06666666666666667,-0.26666666666666666,0.5333333333333333,0.0,0.25,0.75,-0.6827498027716755,87.8952380952381,0,0,1,0.0,0.0,0.0,0.0,0.0,0.0,1.0,0.0,0.3333333333333333,0.5773502691896257,1.0,0.0,1.0,0.6666666666666666,0.5773502691896264,14.0,14.0,11.0,13.333333333333334,1.1547005383792743,3.0,0.0,1.0,2.3333333333333335,2.0816659994661295,0.21428571428571427,0.0,0.09090909090909091,0.18253968253968264,0.16891902106184692,0.16428571428571428,0.0,0.05454545454545454,0.13809523809523813,0.127041157828134,-0.028571428571428574,0.0,-0.02727272727272727,-0.01785714285714285,0.015567496226932214,-0.13333333333333333,0.0,-0.3,-0.06944444444444463,0.06684005230842362,-0.16521739130434784,0.0,-0.3,-0.07729468599033833,0.08311986942610063,-0.14285714285714285,0.0,0.0,-0.07539682539682539,0.07175849730168736,-0.6666666666666666,0.0,0.0,-0.3055555555555555,0.33678765702728236,-0.6956521739130436,0.0,0.0,-0.3207729468599036,0.3509680953231325,0.42857142857142855,0.0,0.0,0.1984126984126986,0.21604218394946462,2.0,0.0,0.0,0.833333333333333,1.0408329997330603,2.173913043478261,0.0,0.0,0.9024154589371984,1.1329786810577807,0.0,0.0,0.0,0.0,0.0,0.0,0.0,0.0,0.0,0.0,0.14285714285714285,0.0,0.0,0.07539682539682542,0.07175849730168764,0.6666666666666666,0.0,0.0,0.3055555555555555,0.33678765702728225,-0.16750418760469454,59.7,-0.5000000000000004,59.833333333333336,0.15275252316120125,-3.1787113728015237,-0.7051649616031669,4.030922252066849,6.794262802524931,82.30333333333333,-13.048725829171481,-0.3355704697986628,low,medium,0.0,0,1,0
2012-08-01,59.4,19.0,0.0,0.0,62.473684210526315,0.0,0.0,0.0,0.0,0.0,0.0,0.0,0.0,0.0,0.0,0.0,0.0,1.0,0.0,0.0,0.0,0.0,0.0,0.0,0.0,0.0,0.0,0.0,0.0,0.0,0.0,0.0,0.0,0.0,0.0,0.0,0.0,7.0,0.0,0.0,0.0,0.0,0.0,6038.0,6038.0,0.0,0.0,0.0,0.0,1.0,0.0,0.0,0.0,0.0,0.0,0.0,0.0,0.0,0.0,0.0,0.0,0.0,0.0,0.0,0.0,0.0,0.0,0.0,0.0,0.0,0.0,0.0,0.0,0.0,0.0,0.0,0.0,-0.1428036607029856,94.13130434782609,0,1,0,0.0,0.0,0.0,0.0,0.0,0.0,0.0,1.0,0.3333333333333333,0.5773502691896257,1.0,1.0,0.0,0.6666666666666666,0.5773502691896264,12.0,14.0,14.0,11.0,3.6055512754639967,4.0,3.0,0.0,2.3333333333333335,2.0816659994661295,0.3333333333333333,0.21428571428571427,0.0,0.18253968253968264,0.16891902106184692,0.25,0.16428571428571428,0.0,0.13809523809523813,0.127041157828134,-0.025000000000000005,-0.028571428571428574,0.0,-0.01785714285714285,0.015567496226932214,-0.07500000000000001,-0.13333333333333333,0.0,-0.06944444444444463,0.06684005230842363,-0.06666666666666667,-0.16521739130434784,0.0,-0.07729468599033833,0.08311986942610064,-0.08333333333333333,-0.14285714285714285,0.0,-0.07539682539682539,0.07175849730168736,-0.25,-0.6666666666666666,0.0,-0.3055555555555555,0.33678765702728236,-0.26666666666666666,-0.6956521739130436,0.0,-0.3207729468599036,0.3509680953231325,0.16666666666666666,0.42857142857142855,0.0,0.1984126984126986,0.21604218394946462,0.5,2.0,0.0,0.833333333333333,1.0408329997330603,0.5333333333333333,2.173913043478261,0.0,0.9024154589371984,1.1329786810577807,0.0,0.0,0.0,0.0,0.0,0.0,0.0,0.0,0.0,0.0,0.08333333333333333,0.14285714285714285,0.0,0.07539682539682542,0.07175849730168764,0.25,0.6666666666666666,0.0,0.3055555555555555,0.3367876570272823,-0.3355704697986628,59.6,-0.16750418760469454,59.76666666666667,0.20816659994366124,-79.0840421889156,-0.6827498027716755,-3.1787113728015237,7.094885215318447,87.8952380952381,6.794262802524931,-0.16835016835017313,medium,low,-1.0,1,0,0
2012-09-01,59.3,20.0,0.0,0.0,61.45,0.0,0.0,0.0,0.0,0.0,0.0,0.0,0.0,0.0,0.0,0.0,0.0,1.0,0.0,0.0,0.0,0.0,0.0,0.0,0.0,0.0,0.0,0.0,0.0,0.0,0.0,0.0,0.0,0.0,0.0,0.0,0.0,11.0,0.21363636363636365,-0.018181818181818184,0.18181818181818182,0.2727272727272727,3.0,6001.727272727273,6001.727272727273,0.0,0.45454545454545453,0.09090909090909091,0.09090909090909091,0.8181818181818182,2.35,3.0,1.0,1.0,1.0,0.0,0.0,0.0,0.0,0.0,0.0,2.0,2.0,0.0,0.0,1.0,1.0,0.2727272727272727,-0.06666666666666667,0.0,1.6666666666666667,-0.06595744680851064,-0.06382978723404256,1.680851063829787,0.3333333333333333,0.3333333333333333,0.3333333333333333,-0.2621052775010136,94.51368421052632,0,0,1,0.0,0.0,0.0,0.0,0.0,1.0,0.0,0.0,0.3333333333333333,0.5773502691896257,0.0,1.0,1.0,0.6666666666666666,0.5773502691896264,7.0,12.0,14.0,10.0,2.6457513110646005,0.0,4.0,3.0,2.3333333333333335,2.0816659994661295,0.0,0.3333333333333333,0.21428571428571427,0.20202020202020213,0.17755955385097888,0.0,0.25,0.16428571428571428,0.15454545454545457,0.13506961780094184,0.0,-0.025000000000000005,-0.028571428571428574,-0.014393939393939388,0.012923274325177262,0.0,-0.07500000000000001,-0.13333333333333333,-0.04722222222222241,0.04110735718597133,0.0,-0.06666666666666667,-0.16521739130434784,-0.04420803782505925,0.03828692602519145,0.0,-0.08333333333333333,-0.14285714285714285,-0.027777777777777776,0.04811252243246942,0.0,-0.25,-0.6666666666666666,-0.08333333333333333,0.14433756729740835,0.0,-0.26666666666666666,-0.6956521739130436,-0.1101654846335699,0.13924088989195169,0.0,0.16666666666666666,0.42857142857142855,0.20707070707070727,0.22995055429964167,0.0,0.5,2.0,0.722222222222222,0.8552669065744728,0.0,0.5333333333333333,2.173913043478261,0.7380614657210405,0.8589239086424654,0.0,0.0,0.0,0.030303030303030304,0.05248638810814779,0.0,0.0,0.0,0.1111111111111111,0.19245008972987512,0.0,0.08333333333333333,0.14285714285714285,0.05808080808080812,0.05044187968545086,0.0,0.25,0.6666666666666666,0.19444444444444442,0.17347216662217946,-0.16835016835017313,59.4,-0.3355704697986628,59.56666666666667,0.15275252316108592,83.54240795420571,-0.1428036607029856,-79.0840421889156,0.40621965811427074,94.13130434782609,7.094885215318447,0.0,medium,medium,0.0,0,1,0
2012-10-01,59.3,32.0,0.0,0.0,61.1875,0.0,0.0,0.0,0.0,0.0,0.0,0.0,0.0,0.0,0.0,0.0,0.0,1.0,0.0,0.0,0.0,0.0,0.0,0.0,0.0,0.0,0.0,0.0,0.0,0.0,0.0,0.0,0.0,0.0,0.0,0.0,0.0,19.0,0.06842105263157894,-0.010526315789473684,0.05263157894736842,0.10526315789473684,2.0,5579.368421052632,5434.8421052631575,-0.05263157894736842,0.10526315789473684,0.0,0.05263157894736842,0.9473684210526315,1.2999999999999998,1.0,0.0,1.0,1.0,0.0,0.0,0.0,0.0,0.0,0.0,0.0,0.0,0.0,0.0,1.0,1.0,0.05263157894736842,-0.09999999999999999,-0.5,1.0,-0.11538461538461539,-0.5384615384615385,1.076923076923077,0.0,0.5,0.5,-0.011849327677514322,89.4913043478261,0,0,1,0.0,0.0,0.0,0.0,0.0,0.0,1.0,0.0,0.3333333333333333,0.5773502691896257,1.0,0.0,1.0,0.6666666666666666,0.5773502691896264,11.0,7.0,12.0,12.333333333333334,6.110100926607791,3.0,0.0,4.0,1.6666666666666667,1.5275252316519423,0.2727272727272727,0.0,0.3333333333333333,0.12599681020733663,0.1375407378778328,0.21363636363636365,0.0,0.25,0.09401913875598089,0.1090943191777934,-0.018181818181818184,0.0,-0.025000000000000005,-0.009569377990430615,0.009128604798250492,-0.06666666666666667,0.0,-0.07500000000000001,-0.05555555555555574,0.05091750772173365,-0.06595744680851064,0.0,-0.06666666666666667,-0.06044735406437549,0.057889318603701966,0.0,0.0,-0.08333333333333333,-0.017543859649122806,0.030386856273139178,0.0,0.0,-0.25,-0.16666666666666666,0.28867513459481375,-0.06382978723404256,0.0,-0.26666666666666666,-0.2007637752318605,0.29419108569487823,0.45454545454545453,0.0,0.16666666666666666,0.18660287081339733,0.23793907673026624,1.6666666666666667,0.0,0.5,0.8888888888888887,0.8388704928078538,1.680851063829787,0.0,0.5333333333333333,0.9192580469176218,0.8514451074258378,0.09090909090909091,0.0,0.0,0.030303030303030304,0.05248638810814779,0.3333333333333333,0.0,0.0,0.1111111111111111,0.19245008972987512,0.09090909090909091,0.0,0.08333333333333333,0.047846889952153145,0.04564302399124242,0.3333333333333333,0.0,0.25,0.27777777777777773,0.2545875386086587,0.0,59.3,-0.16835016835017313,59.43333333333333,0.1527525231610247,-95.47917241862156,-0.2621052775010136,83.54240795420571,-5.313918195711242,94.51368421052632,0.40621965811427074,-0.3372681281618828,low,medium,0.0,0,1,0
2012-11-01,59.1,26.0,0.0,0.0,49.11538461538461,0.0,0.0,0.0,0.0,0.0,0.0,0.0,0.0,0.0,0.0,0.0,0.0,1.0,0.0,0.0,0.0,0.0,0.0,0.0,0.0,0.0,0.0,0.0,0.0,0.0,0.0,0.0,0.0,0.0,0.0,0.0,0.0,12.0,0.0,0.0,0.0,0.0,0.0,5819.083333333333,5317.666666666667,0.0,0.0,0.0,0.0,1.0,0.0,0.0,0.0,0.0,0.0,0.0,0.0,0.0,0.0,0.0,0.0,0.0,0.0,0.0,0.0,0.0,0.0,0.0,0.0,0.0,0.0,0.0,0.0,0.0,0.0,0.0,0.0,-0.3594243725495208,86.53142857142858,0,1,0,0.0,0.0,0.0,0.0,0.0,0.0,0.0,1.0,0.3333333333333333,0.5773502691896257,1.0,1.0,0.0,0.6666666666666666,0.5773502691896264,19.0,11.0,7.0,14.0,4.358898943540679,2.0,3.0,0.0,1.6666666666666667,1.5275252316519425,0.10526315789473684,0.2727272727272727,0.0,0.12599681020733663,0.1375407378778328,0.06842105263157894,0.21363636363636365,0.0,0.09401913875598089,0.1090943191777934,-0.010526315789473684,-0.018181818181818184,0.0,-0.009569377990430615,0.009128604798250492,-0.09999999999999999,-0.06666666666666667,0.0,-0.05555555555555574,0.05091750772173365,-0.11538461538461539,-0.06595744680851064,0.0,-0.06044735406437549,0.057889318603701966,-0.05263157894736842,0.0,0.0,-0.017543859649122806,0.030386856273139178,-0.5,0.0,0.0,-0.16666666666666666,0.28867513459481375,-0.5384615384615385,-0.06382978723404256,0.0,-0.2007637752318605,0.29419108569487823,0.10526315789473684,0.45454545454545453,0.0,0.18660287081339733,0.23793907673026624,1.0,1.6666666666666667,0.0,0.8888888888888887,0.8388704928078538,1.076923076923077,1.680851063829787,0.0,0.9192580469176218,0.8514451074258378,0.0,0.09090909090909091,0.0,0.030303030303030304,0.05248638810814779,0.0,0.3333333333333333,0.0,0.1111111111111111,0.19245008972987512,0.05263157894736842,0.09090909090909091,0.0,0.047846889952153145,0.04564302399124242,0.5,0.3333333333333333,0.0,0.27777777777777773,0.2545875386086587,-0.3372681281618828,59.3,0.0,59.333333333333336,0.05773502690780802,2933.2891648492127,-0.011849327677514322,-95.47917241862156,-3.307445117676877,89.4913043478261,-5.313918195711242,-0.5076142131979822,low,low,-1.0,1,0,0
2012-12-01,58.8,18.0,0.0,0.0,58.55555555555556,0.0,0.0,0.0,0.0,0.0,0.0,0.0,0.0,0.0,0.0,0.0,0.0,1.0,0.0,0.0,0.0,0.0,0.0,0.0,0.0,0.0,0.0,0.0,0.0,0.0,0.0,0.0,0.0,0.0,0.0,0.0,0.0,9.0,0.0,0.0,0.0,0.0,0.0,7465.666666666667,6879.777777777777,0.0,0.0,0.0,0.0,1.0,0.0,0.0,0.0,0.0,0.0,0.0,0.0,0.0,0.0,0.0,0.0,0.0,0.0,0.0,0.0,0.0,0.0,0.0,0.0,0.0,0.0,0.0,0.0,0.0,0.0,0.0,0.0,-0.1540999739196837,87.8595,0,1,0,0.0,0.0,0.0,0.0,0.0,1.0,0.0,0.0,0.6666666666666666,0.5773502691896258,0.0,1.0,1.0,0.3333333333333333,0.5773502691896265,12.0,19.0,11.0,13.333333333333334,5.131601439446889,0.0,2.0,3.0,0.6666666666666666,1.154700538379246,0.0,0.10526315789473684,0.2727272727272727,0.035087719298245744,0.060773712546274776,0.0,0.06842105263157894,0.21363636363636365,0.022807017543859682,0.039502913155077306,0.0,-0.010526315789473684,-0.018181818181818184,-0.003508771929824552,0.0060773712546310634,0.0,-0.09999999999999999,-0.06666666666666667,-0.03333333333333351,0.05773502691896443,0.0,-0.11538461538461539,-0.06595744680851064,-0.03846153846153861,0.06661733875265133,0.0,-0.05263157894736842,0.0,-0.017543859649122806,0.030386856273139178,0.0,-0.5,0.0,-0.16666666666666666,0.28867513459481375,0.0,-0.5384615384615385,-0.06382978723404256,-0.17948717948717965,0.3108809141790286,0.0,0.10526315789473684,0.45454545454545453,0.03508771929824578,0.06077371254628149,0.0,1.0,1.6666666666666667,0.33333333333333304,0.5773502691896119,0.0,1.076923076923077,1.680851063829787,0.3589743589743593,0.62176182835806,0.0,0.0,0.09090909090909091,0.0,0.0,0.0,0.0,0.3333333333333333,0.0,0.0,0.0,0.05263157894736842,0.09090909090909091,0.017543859649122844,0.030386856273139674,0.0,0.5,0.3333333333333333,0.16666666666666666,0.28867513459481403,-0.5076142131979822,59.1,-0.3372681281618828,59.23333333333333,0.11547005383228398,-57.12589749365089,-0.3594243725495208,2933.2891648492127,1.53478504919764,86.53142857142858,-3.307445117676877,0.1700680272108901,high,low,-1.0,1,0,0
2013-01-01,58.9,59.0,0.0,0.0,59.152542372881356,0.0,0.0,0.0,0.0,0.0,0.0,0.0,0.0,0.0,0.0,0.0,0.0,1.0,0.0,0.0,0.0,0.0,0.0,0.0,0.0,0.0,0.0,0.0,0.0,0.0,0.0,0.0,0.0,0.0,0.0,0.0,0.0,13.0,0.15384615384615385,0.007692307692307691,0.15384615384615385,0.23076923076923078,3.0,5614.2307692307695,5310.7692307692305,-0.15384615384615385,0.3076923076923077,0.0,0.15384615384615385,0.8461538461538461,2.0,2.0,0.0,2.0,1.0,0.0,0.0,0.0,0.0,3.0,3.0,0.0,0.0,0.0,0.0,0.0,0.0,0.15384615384615385,0.033333333333333326,-0.6666666666666666,1.3333333333333333,0.044999999999999984,-0.6499999999999999,1.2999999999999998,0.0,0.6666666666666666,0.3333333333333333,-0.06199673022365473,94.75666666666667,0,0,1,0.0,0.0,0.0,0.0,0.0,1.0,1.0,0.0,0.6666666666666666,0.5773502691896258,0.0,0.0,1.0,0.3333333333333333,0.5773502691896265,9.0,12.0,19.0,11.333333333333334,2.0816659994661455,0.0,0.0,2.0,1.0,1.7320508075688734,0.0,0.0,0.10526315789473684,0.07692307692307705,0.13323467750529758,0.0,0.0,0.06842105263157894,0.05128205128205132,0.08882311833686463,0.0,0.0,-0.010526315789473684,0.0025641025641025728,0.00444115591684811,0.0,0.0,-0.09999999999999999,0.011111111111110924,0.019245008972993062,0.0,0.0,-0.11538461538461539,0.014999999999999847,0.025980762113539387,0.0,0.0,-0.05263157894736842,-0.05128205128205129,0.08882311833686583,0.0,0.0,-0.5,-0.2222222222222222,0.38490017945975114,0.0,0.0,-0.5384615384615385,-0.21666666666666679,0.37527767497325615,0.0,0.0,0.10526315789473684,0.10256410256410274,0.1776462366737326,0.0,0.0,1.0,0.44444444444444414,0.769800358919491,0.0,0.0,1.076923076923077,0.43333333333333357,0.7505553499465143,0.0,0.0,0.0,0.0,0.0,0.0,0.0,0.0,0.0,0.0,0.0,0.0,0.05263157894736842,0.05128205128205132,0.08882311833686603,0.0,0.0,0.5,0.22222222222222218,0.38490017945975125,0.1700680272108901,58.8,-0.5076142131979822,59.06666666666666,0.25166114783972643,-59.768500508658626,-0.1540999739196837,-57.12589749365089,7.850222988597344,87.8595,1.53478504919764,0.0,medium,high,1.0,0,0,1
2013-02-01,58.9,26.0,0.0,0.0,57.34615384615385,0.0,0.0,0.0,0.0,0.0,0.0,0.0,0.0,0.0,0.0,0.0,0.0,1.0,0.0,0.0,0.0,0.0,0.0,0.0,0.0,0.0,0.0,0.0,0.0,0.0,0.0,0.0,0.0,0.0,0.0,0.0,0.0,14.0,0.19285714285714287,-0.05714285714285715,0.21428571428571427,0.2857142857142857,4.0,9481.285714285714,5402.285714285715,-0.14285714285714285,0.5714285714285714,0.07142857142857142,0.21428571428571427,0.7142857142857143,2.7,2.0,1.0,3.0,0.0,0.0,0.0,0.0,0.0,0.0,0.0,1.0,1.0,0.0,0.0,3.0,3.0,0.14285714285714285,-0.2,-0.5,2.0,-0.2148148148148148,-0.5555555555555555,2.0,0.25,0.75,0.0,-0.38210906657485194,95.30894736842104,0,0,1,0.0,0.0,0.0,0.0,0.0,0.0,1.0,1.0,0.3333333333333333,0.5773502691896257,1.0,0.0,0.0,0.6666666666666666,0.5773502691896265,13.0,9.0,12.0,12.0,2.645751311064601,3.0,0.0,0.0,2.3333333333333335,2.08166599946613,0.23076923076923078,0.0,0.0,0.1721611721611723,0.15160587609212314,0.15384615384615385,0.0,0.0,0.1155677655677656,0.10196762056970977,0.007692307692307691,0.0,0.0,-0.016483516483516477,0.035421453761069116,0.033333333333333326,0.0,0.0,-0.05555555555555575,0.12619796324000693,0.044999999999999984,0.0,0.0,-0.056604938271605086,0.13884892429134466,-0.15384615384615385,0.0,0.0,-0.0989010989010989,0.08582691951545803,-0.6666666666666666,0.0,0.0,-0.38888888888888884,0.34694433324435603,-0.6499999999999999,0.0,0.0,-0.4018518518518519,0.35120310562290985,0.3076923076923077,0.0,0.0,0.29304029304029316,0.28599591642407596,1.3333333333333333,0.0,0.0,1.1111111111111107,1.0183501544346258,1.2999999999999998,0.0,0.0,1.1000000000000003,1.0148891565092208,0.0,0.0,0.0,0.023809523809523808,0.04123930494211611,0.0,0.0,0.0,0.08333333333333333,0.1443375672974063,0.15384615384615385,0.0,0.0,0.12271062271062276,0.11048374455571963,0.6666666666666666,0.0,0.0,0.47222222222222215,0.41107357185968746,0.0,58.9,0.1700680272108901,58.93333333333333,0.1527525231608014,516.3374506951965,-0.06199673022365473,-59.768500508658626,0.5828409980874305,94.75666666666667,7.850222988597344,-0.3395585738539819,low,medium,0.0,0,1,0
2013-03-01,58.7,32.0,0.0,0.0,56.6875,0.0,0.0,0.0,0.0,0.0,0.0,0.0,0.0,0.0,0.0,0.0,0.0,1.0,0.0,0.0,0.0,0.0,0.0,0.0,0.0,0.0,0.0,0.0,0.0,0.0,0.0,0.0,0.0,0.0,0.0,0.0,0.0,17.0,0.08823529411764706,-0.00588235294117647,0.058823529411764705,0.11764705882352941,2.0,6154.35294117647,3896.294117647059,0.0,0.0,0.0,0.0,1.0,1.5,2.0,0.0,0.0,2.0,0.0,0.0,0.0,0.0,0.0,0.0,1.0,1.0,0.0,0.0,0.0,0.0,0.11764705882352941,-0.04999999999999999,0.0,0.0,-0.06666666666666667,0.0,0.0,0.0,0.0,1.0,-0.5510137650051598,92.9385,0,0,1,0.0,0.0,0.0,0.0,0.0,0.0,0.0,1.0,0.0,0.0,1.0,1.0,0.0,1.0,0.0,14.0,13.0,9.0,14.666666666666666,2.081665999466146,4.0,3.0,0.0,3.0,0.9999999999999943,0.2857142857142857,0.23076923076923078,0.0,0.2113768584356821,0.08569536899523418,0.19285714285714287,0.15384615384615385,0.0,0.14497953027364796,0.05287150053289399,-0.05714285714285715,0.007692307692307691,0.0,-0.018444300797241967,0.034194320438556296,-0.2,0.033333333333333326,0.0,-0.07222222222222241,0.11824331474329404,-0.2148148148148148,0.044999999999999984,0.0,-0.0788271604938273,0.13033358242181753,-0.14285714285714285,-0.15384615384615385,0.0,-0.0989010989010989,0.08582691951545804,-0.5,-0.6666666666666666,0.0,-0.38888888888888884,0.34694433324435603,-0.5555555555555555,-0.6499999999999999,0.0,-0.4018518518518519,0.3512031056229099,0.5714285714285714,0.3076923076923077,0.0,0.29304029304029316,0.28599591642407596,2.0,1.3333333333333333,0.0,1.1111111111111107,1.0183501544346256,2.0,1.2999999999999998,0.0,1.1000000000000003,1.0148891565092208,0.07142857142857142,0.0,0.0,0.023809523809523808,0.04123930494211611,0.25,0.0,0.0,0.08333333333333333,0.1443375672974063,0.21428571428571427,0.15384615384615385,0.0,0.12271062271062276,0.11048374455571962,0.75,0.6666666666666666,0.0,0.47222222222222215,0.41107357185968746,-0.3395585738539819,58.9,0.0,58.86666666666667,0.05773502690725674,44.203268963056864,-0.38210906657485194,516.3374506951965,-2.4871194508716665,95.30894736842104,0.5828409980874305,0.6814310051107331,high,low,-1.0,1,0,0
2013-04-01,59.1,19.0,0.0,0.0,55.68421052631579,0.0,0.0,0.0,0.0,0.0,0.0,0.0,0.0,0.0,0.0,0.0,0.0,1.0,0.0,0.0,0.0,0.0,0.0,0.0,0.0,0.0,0.0,0.0,0.0,0.0,0.0,0.0,0.0,0.0,0.0,0.0,0.0,7.0,0.31428571428571433,-0.07142857142857142,0.2857142857142857,0.42857142857142855,3.0,5261.857142857143,5261.857142857143,0.14285714285714285,1.0,0.2857142857142857,0.14285714285714285,0.5714285714285714,2.2,2.0,2.0,1.0,0.0,1.0,1.0,0.0,0.0,1.0,1.0,1.0,1.0,0.0,0.0,0.0,0.0,0.2857142857142857,-0.16666666666666666,0.3333333333333333,2.3333333333333335,-0.13636363636363635,0.2727272727272727,2.3636363636363633,0.6666666666666666,0.3333333333333333,0.0,-0.7364778934154711,92.02136363636363,0,0,1,0.0,0.0,0.0,0.0,0.0,0.0,0.0,0.0,0.0,0.0,1.0,1.0,1.0,1.0,0.0,17.0,14.0,13.0,12.666666666666666,5.131601439446889,2.0,4.0,3.0,3.0,0.9999999999999943,0.11764705882352941,0.2857142857142857,0.23076923076923078,0.277310924369748,0.15563243006262256,0.08823529411764706,0.19285714285714287,0.15384615384615385,0.19845938375350144,0.11312929303162624,-0.00588235294117647,-0.05714285714285715,0.007692307692307691,-0.044817927170868334,0.03446744280636703,-0.04999999999999999,-0.2,0.033333333333333326,-0.13888888888888906,0.07876359377087819,-0.06666666666666667,-0.2148148148148148,0.044999999999999984,-0.13928170594837275,0.07411716938407503,0.0,-0.14285714285714285,-0.15384615384615385,0.0,0.14285714285714307,0.0,-0.5,-0.6666666666666666,-0.05555555555555556,0.4194352464039311,0.0,-0.5555555555555555,-0.6499999999999999,-0.0942760942760944,0.4221126595720815,0.0,0.5714285714285714,0.3076923076923077,0.523809523809524,0.5016977977548925,0.0,2.0,1.3333333333333333,1.4444444444444444,1.2619796324000574,0.0,2.0,1.2999999999999998,1.4545454545454548,1.272727272727271,0.0,0.07142857142857142,0.0,0.11904761904761903,0.1486904285332952,0.0,0.25,0.0,0.3055555555555555,0.33678765702728153,0.0,0.21428571428571427,0.15384615384615385,0.11904761904761907,0.1091089451179966,0.0,0.75,0.6666666666666666,0.3611111111111111,0.3757708127352416,0.6814310051107331,58.7,-0.3395585738539819,58.833333333333336,0.11547005383204885,33.65871057841443,-0.5510137650051598,44.203268963056864,-0.9868207079266167,92.9385,-2.4871194508716665,0.50761421319796,high,high,1.0,0,0,1
2013-05-01,59.4,29.0,0.0,0.0,60.44827586206897,0.0,0.0,0.0,0.0,0.0,0.0,0.0,0.0,0.0,0.0,0.0,0.0,1.0,0.0,0.0,0.0,0.0,0.0,0.0,0.0,0.0,0.0,0.0,0.0,0.0,0.0,0.0,0.0,0.0,0.0,0.0,0.0,12.0,0.06666666666666667,-0.049999999999999996,0.08333333333333333,0.08333333333333333,1.0,7360.583333333333,7058.833333333333,0.08333333333333333,0.3333333333333333,0.08333333333333333,0.0,0.9166666666666666,0.8,1.0,1.0,0.0,0.0,1.0,1.0,0.0,0.0,0.0,0.0,0.0,0.0,0.0,0.0,0.0,0.0,0.08333333333333333,-0.6,1.0,4.0,-0.6,1.0,4.0,1.0,0.0,0.0,-0.8693261227000599,94.50954545454546,0,0,1,0.0,0.0,0.0,0.0,0.0,0.0,0.0,0.0,0.0,0.0,1.0,1.0,1.0,1.0,0.0,7.0,17.0,14.0,12.0,5.000000000000005,3.0,2.0,4.0,2.0,0.9999999999999934,0.42857142857142855,0.11764705882352941,0.2857142857142857,0.20985060690943055,0.19019320784567648,0.31428571428571433,0.08823529411764706,0.19285714285714287,0.1563958916900094,0.13716121347526472,-0.07142857142857142,-0.00588235294117647,-0.05714285714285715,-0.042436974789915954,0.03342119390814214,-0.16666666666666666,-0.04999999999999999,-0.2,-0.27222222222222237,0.28979558568322206,-0.13636363636363635,-0.06666666666666667,-0.2148148148148148,-0.2676767676767678,0.2899025093933407,0.14285714285714285,0.0,-0.14285714285714285,0.07539682539682539,0.07175849730168755,0.3333333333333333,0.0,-0.5,0.4444444444444444,0.5091750772173161,0.2727272727272727,0.0,-0.5555555555555555,0.4242424242424241,0.5169309730070286,1.0,0.0,0.5714285714285714,0.4444444444444446,0.5091750772173158,2.3333333333333335,0.0,2.0,2.111111111111111,2.0092379244472354,2.3636363636363633,0.0,2.0,2.1212121212121215,2.0109890937014594,0.2857142857142857,0.0,0.07142857142857142,0.12301587301587301,0.14693260779026682,0.6666666666666666,0.0,0.25,0.5555555555555555,0.5091750772173154,0.14285714285714285,0.0,0.21428571428571427,0.04761904761904765,0.08247860988423276,0.3333333333333333,0.0,0.75,0.1111111111111111,0.19245008972987718,0.50761421319796,59.1,0.6814310051107331,58.9,0.19999999999663406,18.038318661337584,-0.7364778934154711,33.65871057841443,2.7039175685488193,92.02136363636363,-0.9868207079266167,0.0,medium,high,1.0,0,0,1
2013-06-01,59.4,31.0,0.0,0.0,60.774193548387096,0.0,0.0,0.0,0.0,0.0,0.0,0.0,0.0,0.0,0.0,0.0,0.0,1.0,0.0,0.0,0.0,0.0,0.0,0.0,0.0,0.0,0.0,0.0,0.0,0.0,0.0,0.0,0.0,0.0,0.0,0.0,0.0,20.0,0.06499999999999999,-0.06499999999999999,0.1,0.1,2.0,6782.9,6203.4,0.0,0.3,0.05,0.05,0.9,1.2999999999999998,1.0,1.0,1.0,0.0,0.0,0.0,0.0,0.0,1.0,1.0,1.0,1.0,0.0,0.0,0.0,0.0,0.05,-0.6499999999999999,0.0,3.0,-0.6461538461538462,-0.07692307692307691,3.0,0.5,0.5,0.0,-0.6753196893014602,95.77250000000001,0,0,1,0.0,0.0,0.0,0.0,0.0,0.0,0.0,0.0,0.0,0.0,1.0,1.0,1.0,1.0,0.0,12.0,7.0,17.0,13.0,6.557438524302005,1.0,3.0,2.0,2.0,0.9999999999999934,0.08333333333333333,0.42857142857142855,0.11764705882352941,0.20396825396825405,0.19469048249930557,0.06666666666666667,0.31428571428571433,0.08823529411764706,0.1486507936507937,0.1434464696140924,-0.049999999999999996,-0.07142857142857142,-0.00588235294117647,-0.06214285714285713,0.010996288798816077,-0.6,-0.16666666666666666,-0.04999999999999999,-0.4722222222222223,0.26579719364234883,-0.6,-0.13636363636363635,-0.06666666666666667,-0.46083916083916093,0.2819500290236699,0.08333333333333333,0.14285714285714285,0.0,0.07539682539682539,0.07175849730168755,1.0,0.3333333333333333,0.0,0.4444444444444444,0.5091750772173161,1.0,0.2727272727272727,0.0,0.3986013986013985,0.549385156402862,0.3333333333333333,1.0,0.0,0.5444444444444446,0.39487456986481934,4.0,2.3333333333333335,0.0,3.1111111111111107,0.8388704928078639,4.0,2.3636363636363633,0.0,3.121212121212121,0.8248883387161251,0.08333333333333333,0.2857142857142857,0.0,0.13968253968253966,0.12756069502236206,1.0,0.6666666666666666,0.0,0.7222222222222222,0.2545875386086573,0.0,0.14285714285714285,0.0,0.06428571428571432,0.07249208260780216,0.0,0.3333333333333333,0.0,0.27777777777777773,0.2545875386086587,0.0,59.4,0.50761421319796,59.06666666666666,0.35118845842654484,-22.316876064419954,-0.8693261227000599,18.038318661337584,1.3363248541513384,94.50954545454546,2.7039175685488193,0.16835016835017313,high,medium,0.0,0,1,0
2013-07-01,59.5,31.0,0.0,0.0,59.41935483870968,0.0,0.0,0.0,0.0,0.0,0.0,0.0,0.0,0.0,0.0,0.0,0.0,1.0,0.0,0.0,0.0,0.0,0.0,0.0,0.0,0.0,0.0,0.0,0.0,0.0,0.0,0.0,0.0,0.0,0.0,0.0,0.0,17.0,0.07647058823529411,-0.058823529411764705,0.11764705882352941,0.11764705882352941,2.0,4919.058823529412,4919.058823529412,0.0,0.23529411764705882,0.058823529411764705,0.058823529411764705,0.8823529411764706,1.2999999999999998,1.0,1.0,1.0,0.0,0.0,0.0,0.0,0.0,1.0,1.0,1.0,1.0,0.0,0.0,0.0,0.0,0.058823529411764705,-0.5,0.0,2.0,-0.5,-0.07692307692307691,2.0,0.5,0.5,0.0,-0.6621012392442007,104.67090909090908,0,0,1,0.0,0.0,0.0,0.0,0.0,0.0,0.0,0.0,0.0,0.0,1.0,1.0,1.0,1.0,0.0,20.0,12.0,7.0,16.333333333333332,4.041451884327387,2.0,1.0,3.0,1.6666666666666667,0.577350269189614,0.1,0.08333333333333333,0.42857142857142855,0.10032679738562104,0.0171591968533614,0.06499999999999999,0.06666666666666667,0.31428571428571433,0.0693790849673203,0.006197701863922072,-0.06499999999999999,-0.049999999999999996,-0.07142857142857142,-0.05794117647058822,0.007538826834105691,-0.6499999999999999,-0.6,-0.16666666666666666,-0.5833333333333335,0.07637626158259822,-0.6461538461538462,-0.6,-0.13636363636363635,-0.5820512820512822,0.07471180658632534,0.0,0.08333333333333333,0.14285714285714285,0.027777777777777776,0.04811252243246953,0.0,1.0,0.3333333333333333,0.3333333333333333,0.5773502691896263,-0.07692307692307691,1.0,0.2727272727272727,0.2820512820512819,0.6217618283580576,0.3,0.3333333333333333,1.0,0.28954248366013086,0.04984918945273171,3.0,4.0,2.3333333333333335,3.0,1.000000000000002,3.0,4.0,2.3636363636363633,3.0,0.9999999999999934,0.05,0.08333333333333333,0.2857142857142857,0.06405228758169933,0.017270863087220593,0.5,1.0,0.6666666666666666,0.6666666666666666,0.28867513459481253,0.05,0.0,0.14285714285714285,0.036274509803921606,0.03172292095561591,0.5,0.0,0.3333333333333333,0.3333333333333333,0.2886751345948135,0.16835016835017313,59.4,0.0,59.300000000000004,0.1732050807531924,-1.957361863820739,-0.6753196893014602,-22.316876064419954,9.29119433126322,95.77250000000001,1.3363248541513384,-0.1680672268907557,medium,high,1.0,0,0,1
2013-08-01,59.4,25.0,0.0,0.0,56.76,0.0,0.0,0.0,0.0,0.0,0.0,0.0,0.0,0.0,0.0,0.0,0.0,1.0,0.0,0.0,0.0,0.0,0.0,0.0,0.0,0.0,0.0,0.0,0.0,0.0,0.0,0.0,0.0,0.0,0.0,0.0,0.0,11.0,0.12727272727272726,0.03636363636363637,0.0,0.18181818181818182,2.0,5567.545454545455,5567.545454545455,0.0,0.0,0.0,0.0,1.0,1.4,2.0,0.0,0.0,2.0,0.0,0.0,0.0,0.0,1.0,1.0,0.0,0.0,0.0,0.0,0.0,0.0,0.18181818181818182,0.2,0.0,0.0,0.19999999999999998,0.0,0.0,0.0,0.0,1.0,-0.5803426404065385,106.57272727272726,0,0,1,0.0,0.0,0.0,0.0,0.0,0.0,0.0,0.0,0.0,0.0,1.0,1.0,1.0,1.0,0.0,17.0,20.0,12.0,16.0,4.582575694955846,2.0,2.0,1.0,2.0,0.0,0.11764705882352941,0.1,0.08333333333333333,0.13315508021390388,0.043057261461817806,0.07647058823529411,0.06499999999999999,0.06666666666666667,0.0895811051693405,0.033141927843808094,-0.058823529411764705,-0.06499999999999999,-0.049999999999999996,-0.02915329768270944,0.05682331108230838,-0.5,-0.6499999999999999,-0.6,-0.3166666666666668,0.45368858629387354,-0.5,-0.6461538461538462,-0.6,-0.31538461538461554,0.4522789106488956,0.0,0.0,0.08333333333333333,0.0,0.0,0.0,0.0,1.0,0.0,0.0,-0.07692307692307691,-0.07692307692307691,1.0,-0.051282051282051426,0.04441155916842431,0.23529411764705882,0.3,0.3333333333333333,0.17843137254901978,0.1578766253600068,2.0,3.0,4.0,1.6666666666666663,1.5275252316519443,2.0,3.0,4.0,1.666666666666667,1.5275252316519448,0.058823529411764705,0.05,0.08333333333333333,0.03627450980392155,0.03172292095561448,0.5,0.5,1.0,0.3333333333333333,0.28867513459481275,0.058823529411764705,0.05,0.0,0.036274509803921606,0.03172292095561591,0.5,0.5,0.0,0.3333333333333333,0.2886751345948135,-0.1680672268907557,59.5,0.16835016835017313,59.43333333333334,0.05773502690809156,-12.348353090381014,-0.6621012392442007,-1.957361863820739,1.816950094669001,104.67090909090908,9.29119433126322,-0.33670033670032407,low,medium,0.0,0,1,0
2013-09-01,59.2,26.0,0.0,0.0,63.42307692307692,0.0,0.0,0.0,0.0,0.0,0.0,0.0,0.0,0.0,0.0,0.0,0.0,1.0,0.0,0.0,0.0,0.0,0.0,0.0,0.0,0.0,0.0,0.0,0.0,0.0,0.0,0.0,0.0,0.0,0.0,0.0,0.0,12.0,0.19166666666666665,-0.06666666666666667,0.16666666666666666,0.25,3.0,4866.416666666667,4866.416666666667,0.0,0.5,0.08333333333333333,0.08333333333333333,0.8333333333333334,2.3,2.0,1.0,1.0,1.0,1.0,1.0,0.0,0.0,0.0,0.0,0.0,0.0,0.0,0.0,1.0,1.0,0.16666666666666666,-0.26666666666666666,0.0,2.0,-0.2869565217391305,0.13043478260869568,2.0869565217391304,0.3333333333333333,0.3333333333333333,0.3333333333333333,-0.29063121108358514,106.2895,0,0,1,0.0,0.0,0.0,0.0,0.0,0.0,0.0,0.0,0.0,0.0,1.0,1.0,1.0,1.0,0.0,11.0,17.0,20.0,13.333333333333334,3.2145502536643273,2.0,2.0,2.0,2.3333333333333335,0.5773502691896151,0.18181818181818182,0.11764705882352941,0.1,0.18315508021390384,0.06618659783147786,0.12727272727272726,0.07647058823529411,0.06499999999999999,0.13180332739156272,0.05773152409705854,0.03636363636363637,-0.058823529411764705,-0.06499999999999999,-0.029708853238264988,0.05735467820627073,0.2,-0.5,-0.6499999999999999,-0.18888888888888908,0.35642255405212125,0.19999999999999998,-0.5,-0.6461538461538462,-0.19565217391304365,0.3588207950341794,0.0,0.0,0.0,0.0,0.0,0.0,0.0,0.0,0.0,0.0,0.0,-0.07692307692307691,-0.07692307692307691,0.01783723522853944,0.10482340243403405,0.0,0.23529411764705882,0.3,0.24509803921568643,0.25014413376810035,0.0,2.0,3.0,1.3333333333333333,1.1547005383792472,0.0,2.0,3.0,1.3623188405797102,1.180603585763262,0.0,0.058823529411764705,0.05,0.04738562091503266,0.04282791641202987,0.0,0.5,0.5,0.27777777777777785,0.25458753860865774,0.0,0.058823529411764705,0.05,0.04738562091503271,0.04282791641203091,0.0,0.5,0.5,0.27777777777777773,0.2545875386086587,-0.33670033670032407,59.4,-0.1680672268907557,59.43333333333334,0.05773502690809156,-49.920755283466036,-0.5803426404065385,-12.348353090381014,-0.2657596178452515,106.57272727272726,1.816950094669001,0.16891891891890332,high,low,-1.0,1,0,0
2013-10-01,59.3,44.0,0.0,0.0,63.75,0.0,0.0,0.0,0.0,0.0,0.0,0.0,0.0,0.0,0.0,0.0,0.0,1.0,0.0,0.0,0.0,0.0,0.0,0.0,0.0,0.0,0.0,0.0,0.0,0.0,0.0,0.0,0.0,0.0,0.0,0.0,0.0,21.0,0.06666666666666667,-0.028571428571428574,0.09523809523809523,0.09523809523809523,2.0,7942.190476190476,7219.714285714285,-0.047619047619047616,0.09523809523809523,0.0,0.047619047619047616,0.9523809523809523,1.4,2.0,0.0,1.0,1.0,0.0,0.0,0.0,0.0,1.0,1.0,0.0,0.0,0.0,0.0,0.0,0.0,0.09523809523809523,-0.30000000000000004,-0.5,1.0,-0.3,-0.5,1.0,0.0,0.5,0.5,-0.19672623740252163,100.53826086956522,0,0,1,0.0,0.0,0.0,0.0,0.0,0.0,0.0,0.0,0.0,0.0,1.0,1.0,1.0,1.0,0.0,12.0,11.0,17.0,14.666666666666666,5.507570547286107,3.0,2.0,2.0,2.3333333333333335,0.5773502691896151,0.25,0.18181818181818182,0.11764705882352941,0.1756854256854258,0.0775630054518323,0.19166666666666665,0.12727272727272726,0.07647058823529411,0.12853535353535356,0.06250956461861837,-0.06666666666666667,0.03636363636363637,-0.058823529411764705,-0.01962481962481961,0.05209455052461546,-0.26666666666666666,0.2,-0.5,-0.12222222222222241,0.27954990278687,-0.2869565217391305,0.19999999999999998,-0.5,-0.12898550724637697,0.284984440039983,0.0,0.0,0.0,-0.015873015873015872,0.027492869961411853,0.0,0.0,0.0,-0.16666666666666666,0.288675134594814,0.13043478260869568,0.0,-0.07692307692307691,-0.1231884057971016,0.33278152183202897,0.5,0.0,0.23529411764705882,0.1984126984126985,0.2654877568837744,2.0,0.0,2.0,0.9999999999999999,0.9999999999999936,2.0869565217391304,0.0,2.0,1.0289855072463772,1.0437801495670038,0.08333333333333333,0.0,0.058823529411764705,0.02777777777777776,0.04811252243246874,0.3333333333333333,0.0,0.5,0.11111111111111115,0.19245008972987535,0.08333333333333333,0.0,0.058823529411764705,0.04365079365079368,0.0418081498129087,0.3333333333333333,0.0,0.5,0.27777777777777773,0.2545875386086587,0.16891891891890332,59.2,-0.33670033670032407,59.36666666666667,0.15275252316104598,-32.3106982663526,-0.29063121108358514,-49.920755283466036,-5.410919357448085,106.2895,-0.2657596178452515,0.1686340640809414,high,high,1.0,0,0,1
2013-11-01,59.4,25.0,0.0,0.0,58.8,0.0,0.0,0.0,0.0,0.0,0.0,0.0,0.0,0.0,0.0,0.0,0.0,1.0,0.0,0.0,0.0,0.0,0.0,0.0,0.0,0.0,0.0,0.0,0.0,0.0,0.0,0.0,0.0,0.0,0.0,0.0,0.0,12.0,0.0,0.0,0.0,0.0,0.0,5447.25,5447.25,0.0,0.0,0.0,0.0,1.0,0.0,0.0,0.0,0.0,0.0,0.0,0.0,0.0,0.0,0.0,0.0,0.0,0.0,0.0,0.0,0.0,0.0,0.0,0.0,0.0,0.0,0.0,0.0,0.0,0.0,0.0,0.0,-0.7033930461747626,93.864,0,1,0,0.0,0.0,0.0,0.0,0.0,0.0,0.0,0.0,0.3333333333333333,0.5773502691896257,1.0,1.0,1.0,0.6666666666666666,0.5773502691896265,21.0,12.0,11.0,15.0,5.196152422706638,2.0,3.0,2.0,1.6666666666666667,1.5275252316519423,0.09523809523809523,0.25,0.18181818181818182,0.11507936507936521,0.12617550075860767,0.06666666666666667,0.19166666666666665,0.12727272727272726,0.08611111111111114,0.09730155493409376,-0.028571428571428574,-0.06666666666666667,0.03636363636363637,-0.03174603174603174,0.03344651985032668,-0.30000000000000004,-0.26666666666666666,0.2,-0.1888888888888891,0.16442942874387576,-0.3,-0.2869565217391305,0.19999999999999998,-0.19565217391304365,0.16956521739130515,-0.047619047619047616,0.0,0.0,-0.015873015873015872,0.027492869961411853,-0.5,0.0,0.0,-0.16666666666666666,0.288675134594814,-0.5,0.13043478260869568,0.0,-0.1231884057971016,0.33278152183202897,0.09523809523809523,0.5,0.0,0.1984126984126985,0.2654877568837744,1.0,2.0,0.0,0.9999999999999999,0.9999999999999936,1.0,2.0869565217391304,0.0,1.0289855072463772,1.0437801495670036,0.0,0.08333333333333333,0.0,0.02777777777777776,0.04811252243246874,0.0,0.3333333333333333,0.0,0.11111111111111115,0.19245008972987535,0.047619047619047616,0.08333333333333333,0.0,0.04365079365079368,0.0418081498129087,0.5,0.3333333333333333,0.0,0.27777777777777773,0.2545875386086587,0.1686340640809414,59.3,0.16891891891890332,59.29999999999999,0.09999999999360525,257.5491787277718,-0.19672623740252163,-32.3106982663526,-6.6385282695750725,100.53826086956522,-5.410919357448085,0.0,medium,high,1.0,0,0,1
2013-12-01,59.4,32.0,0.0,0.0,59.71875,0.0,0.0,0.0,0.0,0.0,0.0,0.0,0.0,0.0,0.0,0.0,0.0,1.0,0.0,0.0,0.0,0.0,0.0,0.0,0.0,0.0,0.0,0.0,0.0,0.0,0.0,0.0,0.0,0.0,0.0,0.0,0.0,13.0,0.11538461538461539,-0.03846153846153846,0.07692307692307693,0.15384615384615385,2.0,8331.0,5991.076923076923,-0.07692307692307693,0.23076923076923078,0.0,0.07692307692307693,0.9230769230769231,1.5,2.0,0.0,1.0,1.0,0.0,0.0,0.0,0.0,1.0,1.0,0.0,0.0,0.0,0.0,0.0,0.0,0.15384615384615385,-0.24999999999999997,-0.5,1.5,-0.27999999999999997,-0.5333333333333333,1.6000000000000003,0.0,0.5,0.5,-0.5034720025765219,97.6252380952381,0,0,1,0.0,0.0,0.0,0.0,0.0,1.0,0.0,0.0,0.3333333333333333,0.5773502691896257,0.0,1.0,1.0,0.6666666666666666,0.5773502691896265,12.0,21.0,12.0,15.333333333333334,4.932882862316254,0.0,2.0,3.0,1.3333333333333333,1.1547005383792452,0.0,0.09523809523809523,0.25,0.08302808302808316,0.07764646200529635,0.0,0.06666666666666667,0.19166666666666665,0.060683760683760725,0.057924508973870234,0.0,-0.028571428571428574,-0.06666666666666667,-0.02234432234432233,0.019972609348302146,0.0,-0.30000000000000004,-0.26666666666666666,-0.18333333333333354,0.16072751268321678,0.0,-0.3,-0.2869565217391305,-0.19333333333333344,0.16772994167212246,0.0,-0.047619047619047616,0.0,-0.04151404151404151,0.038823231002649415,0.0,-0.5,0.0,-0.3333333333333333,0.28867513459481403,0.0,-0.5,0.13043478260869568,-0.34444444444444455,0.2987628813277493,0.0,0.09523809523809523,0.5,0.10866910866910882,0.11596940785739247,0.0,1.0,2.0,0.8333333333333331,0.7637626158259639,0.0,1.0,2.0869565217391304,0.8666666666666671,0.8082903768654747,0.0,0.0,0.08333333333333333,0.0,0.0,0.0,0.0,0.3333333333333333,0.0,0.0,0.0,0.047619047619047616,0.08333333333333333,0.041514041514041554,0.0388232310026498,0.0,0.5,0.3333333333333333,0.3333333333333333,0.2886751345948135,0.0,59.4,0.1686340640809414,59.300000000000004,0.09999999999360525,-28.422379875016425,-0.7033930461747626,257.5491787277718,4.007114650172694,93.864,-6.6385282695750725,-0.8417508417508435,low,medium,0.0,0,1,0
2014-01-01,58.9,66.0,0.0,0.0,58.27272727272727,0.0,0.0,0.0,0.0,0.0,0.0,0.0,0.0,0.0,0.0,0.0,0.0,1.0,0.0,0.0,0.0,0.0,0.0,0.0,0.0,0.0,0.0,0.0,0.0,0.0,0.0,0.0,0.0,0.0,0.0,0.0,0.0,10.0,0.06999999999999999,-0.02,0.1,0.1,1.0,4359.1,4359.1,0.0,0.0,0.0,0.0,1.0,0.7,1.0,0.0,0.0,1.0,0.0,0.0,0.0,0.0,0.0,0.0,0.0,0.0,0.0,0.0,0.0,0.0,0.1,-0.2,0.0,0.0,-0.19999999999999998,0.0,0.0,0.0,0.0,1.0,-0.6480432643621534,94.61714285714285,0,0,1,0.0,0.0,0.0,0.0,0.0,0.0,1.0,0.0,0.3333333333333333,0.5773502691896257,1.0,0.0,1.0,0.6666666666666666,0.5773502691896265,13.0,12.0,21.0,11.666666666666666,1.527525231651969,2.0,0.0,2.0,1.0,0.9999999999999926,0.15384615384615385,0.0,0.09523809523809523,0.08461538461538476,0.07806839665455448,0.11538461538461539,0.0,0.06666666666666667,0.06179487179487183,0.05812826733621688,-0.03846153846153846,0.0,-0.028571428571428574,-0.019487179487179474,0.01923589675232,-0.24999999999999997,0.0,-0.30000000000000004,-0.15000000000000016,0.13228756555323057,-0.27999999999999997,0.0,-0.3,-0.16000000000000011,0.1442220510185606,-0.07692307692307693,0.0,-0.047619047619047616,-0.025641025641025644,0.04441155916843341,-0.5,0.0,-0.5,-0.16666666666666666,0.288675134594814,-0.5333333333333333,0.0,-0.5,-0.17777777777777792,0.3079201435677994,0.23076923076923078,0.0,0.09523809523809523,0.07692307692307708,0.13323467750530055,1.5,0.0,1.0,0.49999999999999983,0.8660254037844287,1.6000000000000003,0.0,1.0,0.5333333333333338,0.9237604307034009,0.0,0.0,0.0,0.0,0.0,0.0,0.0,0.0,0.0,0.0,0.07692307692307693,0.0,0.047619047619047616,0.02564102564102568,0.0444115591684337,0.5,0.0,0.5,0.16666666666666666,0.28867513459481403,-0.8417508417508435,59.4,0.0,59.36666666666667,0.05773502690799412,28.71485624737562,-0.5034720025765219,-28.422379875016425,-3.0812680171501405,97.6252380952381,4.007114650172694,-0.1697792869269965,medium,low,-1.0,1,0,0
2014-02-01,58.8,28.0,0.0,0.0,57.035714285714285,0.0,0.0,0.0,0.0,0.0,0.0,0.0,0.0,0.0,0.0,0.0,0.0,1.0,0.0,0.0,0.0,0.0,0.0,0.0,0.0,0.0,0.0,0.0,0.0,0.0,0.0,0.0,0.0,0.0,0.0,0.0,0.0,17.0,0.09411764705882353,0.0,0.058823529411764705,0.11764705882352941,2.0,6341.823529411765,5021.764705882353,-0.058823529411764705,0.17647058823529413,0.0,0.058823529411764705,0.9411764705882353,1.6,2.0,0.0,1.0,1.0,0.0,0.0,0.0,0.0,2.0,2.0,0.0,0.0,0.0,0.0,0.0,0.0,0.11764705882352941,0.0,-0.5,1.5,0.0,-0.5,1.5000000000000002,0.0,0.5,0.5,-0.28696228621756187,100.81736842105263,0,0,1,0.0,0.0,0.0,0.0,0.0,0.0,0.0,1.0,0.0,0.0,1.0,1.0,0.0,1.0,0.0,10.0,13.0,12.0,13.333333333333334,3.511884584284256,1.0,2.0,0.0,1.6666666666666667,0.5773502691896139,0.1,0.15384615384615385,0.0,0.12383107088989455,0.027450566022096355,0.06999999999999999,0.11538461538461539,0.0,0.09316742081447967,0.02270722408923711,-0.02,-0.03846153846153846,0.0,-0.019487179487179474,0.01923589675232,-0.2,-0.24999999999999997,0.0,-0.15000000000000016,0.13228756555323057,-0.19999999999999998,-0.27999999999999997,0.0,-0.16000000000000011,0.1442220510185606,0.0,-0.07692307692307693,0.0,-0.04524886877828055,0.04021807428649655,0.0,-0.5,0.0,-0.3333333333333333,0.28867513459481403,0.0,-0.5333333333333333,0.0,-0.34444444444444455,0.2987628813277493,0.0,0.23076923076923078,0.0,0.13574660633484179,0.1206542228594899,0.0,1.5,0.0,0.9999999999999999,0.8660254037844312,0.0,1.6000000000000003,0.0,1.0333333333333339,0.8962886439832484,0.0,0.0,0.0,0.0,0.0,0.0,0.0,0.0,0.0,0.0,0.0,0.07692307692307693,0.0,0.04524886877828058,0.04021807428649693,0.0,0.5,0.0,0.3333333333333333,0.2886751345948135,-0.1697792869269965,58.9,-0.8417508417508435,59.23333333333333,0.2886751345925764,-55.718653059374226,-0.6480432643621534,28.71485624737562,6.552962155358211,94.61714285714285,-3.0812680171501405,0.0,medium,medium,0.0,0,1,0
2014-03-01,58.8,31.0,0.0,0.0,61.16129032258065,0.0,0.0,0.0,0.0,0.0,0.0,0.0,0.0,0.0,0.0,0.0,0.0,1.0,0.0,0.0,0.0,0.0,0.0,0.0,0.0,0.0,0.0,0.0,0.0,0.0,0.0,0.0,0.0,0.0,0.0,0.0,0.0,15.0,0.0,0.0,0.0,0.0,0.0,4891.733333333334,4891.733333333334,0.0,0.0,0.0,0.0,1.0,0.0,0.0,0.0,0.0,0.0,0.0,0.0,0.0,0.0,0.0,0.0,0.0,0.0,0.0,0.0,0.0,0.0,0.0,0.0,0.0,0.0,0.0,0.0,0.0,0.0,0.0,0.0,-0.6296170134806915,100.80380952380953,0,1,0,0.0,0.0,0.0,0.0,0.0,0.0,0.0,0.0,0.3333333333333333,0.5773502691896257,1.0,1.0,1.0,0.6666666666666666,0.5773502691896265,17.0,10.0,13.0,14.0,3.6055512754639985,2.0,1.0,2.0,1.0,0.9999999999999925,0.11764705882352941,0.1,0.15384615384615385,0.07254901960784327,0.06344584191122783,0.09411764705882353,0.06999999999999999,0.11538461538461539,0.054705882352941215,0.048887272351029326,0.0,-0.02,-0.03846153846153846,-0.006666666666666655,0.01154700538379425,0.0,-0.2,-0.24999999999999997,-0.06666666666666686,0.11547005383792645,0.0,-0.19999999999999998,-0.27999999999999997,-0.06666666666666679,0.11547005383792668,-0.058823529411764705,0.0,-0.07692307692307693,-0.0196078431372549,0.0339617805405671,-0.5,0.0,-0.5,-0.16666666666666666,0.288675134594814,-0.5,0.0,-0.5333333333333333,-0.16666666666666682,0.2886751345948118,0.17647058823529413,0.0,0.23076923076923078,0.05882352941176486,0.10188534162170178,1.5,0.0,1.5,0.49999999999999983,0.8660254037844286,1.5000000000000002,0.0,1.6000000000000003,0.5000000000000003,0.8660254037844382,0.0,0.0,0.0,0.0,0.0,0.0,0.0,0.0,0.0,0.0,0.058823529411764705,0.0,0.07692307692307693,0.01960784313725494,0.033961780540567456,0.5,0.0,0.5,0.16666666666666666,0.28867513459481403,0.0,58.8,-0.1697792869269965,59.03333333333333,0.3214550253643658,119.40758201352786,-0.28696228621756187,-55.718653059374226,-0.013448969612528394,100.81736842105263,6.552962155358211,-0.170068027210879,medium,medium,0.0,0,1,0
2014-04-01,58.7,31.0,0.0,0.0,61.25806451612903,0.0,0.0,0.0,0.0,0.0,0.0,0.0,0.0,0.0,0.0,0.0,0.0,1.0,0.0,0.0,0.0,0.0,0.0,0.0,0.0,0.0,0.0,0.0,0.0,0.0,0.0,0.0,0.0,0.0,0.0,0.0,0.0,12.0,0.18333333333333335,-0.06666666666666667,0.16666666666666666,0.25,3.0,6238.5,6138.25,0.0,0.4166666666666667,0.08333333333333333,0.08333333333333333,0.8333333333333334,2.2,2.0,1.0,1.0,1.0,1.0,1.0,0.0,0.0,1.0,1.0,1.0,1.0,0.0,0.0,0.0,0.0,0.16666666666666666,-0.26666666666666666,0.0,1.6666666666666667,-0.2545454545454545,-0.09090909090909093,1.6363636363636365,0.3333333333333333,0.3333333333333333,0.3333333333333333,-0.8239137764661949,102.06904761904761,0,0,1,0.0,0.0,0.0,0.0,0.0,1.0,0.0,0.0,0.3333333333333333,0.5773502691896257,0.0,1.0,1.0,0.6666666666666666,0.5773502691896265,15.0,17.0,10.0,14.666666666666666,2.516611478423596,0.0,2.0,1.0,1.6666666666666667,1.5275252316519423,0.0,0.11764705882352941,0.1,0.12254901960784326,0.1250720668840491,0.0,0.09411764705882353,0.06999999999999999,0.092483660130719,0.09167758838854005,0.0,0.0,-0.02,-0.02222222222222221,0.03849001794597553,0.0,0.0,-0.2,-0.08888888888888907,0.15396007178390117,0.0,0.0,-0.19999999999999998,-0.08484848484848496,0.146961886702815,0.0,-0.058823529411764705,0.0,-0.0196078431372549,0.0339617805405671,0.0,-0.5,0.0,-0.16666666666666666,0.288675134594814,0.0,-0.5,0.0,-0.19696969696969713,0.26633933077646776,0.0,0.17647058823529413,0.0,0.19771241830065375,0.20914394393855268,0.0,1.5,0.0,1.0555555555555554,0.9179284245476769,0.0,1.5000000000000002,0.0,1.0454545454545459,0.9079538343380973,0.0,0.0,0.0,0.02777777777777776,0.04811252243246874,0.0,0.0,0.0,0.11111111111111115,0.19245008972987535,0.0,0.058823529411764705,0.0,0.04738562091503271,0.04282791641203091,0.0,0.5,0.0,0.27777777777777773,0.2545875386086587,-0.170068027210879,58.8,0.0,58.833333333333336,0.05773502690712456,30.859515995506335,-0.6296170134806915,119.40758201352786,1.2551490873360605,100.80380952380953,-0.013448969612528394,0.0,medium,medium,0.0,0,1,0
2014-05-01,58.7,27.0,0.0,0.0,60.888888888888886,0.0,0.0,0.0,0.0,0.0,0.0,0.0,0.0,0.0,0.0,0.0,0.0,1.0,0.0,0.0,0.0,0.0,0.0,0.0,0.0,0.0,0.0,0.0,0.0,0.0,0.0,0.0,0.0,0.0,0.0,0.0,0.0,11.0,0.19090909090909092,0.07272727272727274,0.09090909090909091,0.2727272727272727,3.0,4164.545454545455,4164.545454545455,-0.09090909090909091,0.18181818181818182,0.0,0.09090909090909091,0.9090909090909091,2.1,2.0,0.0,1.0,2.0,0.0,0.0,0.0,0.0,1.0,1.0,0.0,0.0,0.0,0.0,1.0,1.0,0.18181818181818182,0.26666666666666666,-0.3333333333333333,0.6666666666666666,0.3095238095238095,-0.2857142857142857,0.5714285714285714,0.0,0.3333333333333333,0.6666666666666666,-0.841459249894546,102.17714285714285,0,0,1,0.0,0.0,0.0,0.0,0.0,0.0,1.0,0.0,0.3333333333333333,0.5773502691896257,1.0,0.0,1.0,0.6666666666666666,0.5773502691896265,12.0,15.0,17.0,12.666666666666666,2.0816659994661477,3.0,0.0,2.0,2.0,1.7320508075688736,0.25,0.0,0.11764705882352941,0.17424242424242434,0.15132563905634933,0.18333333333333335,0.0,0.09411764705882353,0.12474747474747479,0.10810086663674565,-0.06666666666666667,0.0,0.0,0.002020202020202033,0.06971892495651504,-0.26666666666666666,0.0,0.0,-1.8503717077085943e-16,0.2666666666666673,-0.2545454545454545,0.0,0.0,0.01832611832611819,0.2824808287770833,0.0,0.0,-0.058823529411764705,-0.030303030303030304,0.05248638810814834,0.0,0.0,-0.5,-0.1111111111111111,0.1924500897298769,-0.09090909090909093,0.0,-0.5,-0.1255411255411257,0.14597156103971515,0.4166666666666667,0.0,0.17647058823529413,0.19949494949494964,0.20889501876397645,1.6666666666666667,0.0,1.5,0.7777777777777777,0.8388704928078522,1.6363636363636365,0.0,1.5000000000000002,0.7359307359307362,0.8304921487875288,0.08333333333333333,0.0,0.0,0.02777777777777776,0.04811252243246873,0.3333333333333333,0.0,0.0,0.11111111111111115,0.19245008972987535,0.08333333333333333,0.0,0.058823529411764705,0.05808080808080812,0.05044187968545078,0.3333333333333333,0.0,0.5,0.2222222222222222,0.19245008972987668,0.0,58.7,-0.170068027210879,58.76666666666666,0.05773502690700662,2.12952786195717,-0.8239137764661949,30.859515995506335,0.10590403321748543,102.06904761904761,1.2551490873360605,0.0,medium,medium,0.0,0,1,0
2014-06-01,58.7,29.0,0.0,0.0,59.241379310344826,0.0,0.0,0.0,0.0,0.0,0.0,0.0,0.0,0.0,0.0,0.0,0.0,1.0,0.0,0.0,0.0,0.0,0.0,0.0,0.0,0.0,0.0,0.0,0.0,0.0,0.0,0.0,0.0,0.0,0.0,0.0,0.0,10.0,0.08,-0.06,0.1,0.1,1.0,5341.7,5159.9,-0.1,0.3,0.0,0.1,0.9,0.8,1.0,0.0,1.0,0.0,0.0,0.0,0.0,0.0,1.0,1.0,0.0,0.0,0.0,0.0,0.0,0.0,0.1,-0.6,-1.0,3.0,-0.6,-1.0,3.0000000000000004,0.0,1.0,0.0,-0.7022628012657349,105.7942857142857,0,0,1,0.0,0.0,0.0,0.0,0.0,0.0,0.0,1.0,0.0,0.0,1.0,1.0,0.0,1.0,0.0,11.0,12.0,15.0,11.0,1.0000000000000309,3.0,3.0,0.0,2.3333333333333335,1.154700538379246,0.2727272727272727,0.25,0.0,0.20757575757575766,0.09385382221786939,0.19090909090909092,0.18333333333333335,0.0,0.15141414141414147,0.06196234922233704,0.07272727272727274,-0.06666666666666667,0.0,-0.017979797979797967,0.07862531792180107,0.26666666666666666,-0.26666666666666666,0.0,-0.20000000000000018,0.43716256828680033,0.3095238095238095,-0.2545454545454545,0.0,-0.1816738816738818,0.4591199076736476,-0.09090909090909091,0.0,0.0,-0.06363636363636364,0.055297841184529725,-0.3333333333333333,0.0,0.0,-0.4444444444444444,0.5091750772173161,-0.2857142857142857,-0.09090909090909093,0.0,-0.45887445887445905,0.47864381791116806,0.18181818181818182,0.4166666666666667,0.0,0.29949494949494965,0.1174250570190073,0.6666666666666666,1.6666666666666667,0.0,1.7777777777777777,1.1706281947614128,0.5714285714285714,1.6363636363636365,0.0,1.7359307359307365,1.2173434196665769,0.0,0.08333333333333333,0.0,0.02777777777777776,0.04811252243246873,0.0,0.3333333333333333,0.0,0.11111111111111115,0.19245008972987535,0.09090909090909091,0.08333333333333333,0.0,0.09141414141414145,0.008344803859529439,0.3333333333333333,0.3333333333333333,0.0,0.5555555555555555,0.3849001794597505,0.0,58.7,0.0,58.73333333333334,0.057735026906950204,-16.542268522956473,-0.841459249894546,2.12952786195717,3.540070465857603,102.17714285714285,0.10590403321748543,0.17035775127767216,high,medium,0.0,0,1,0
2014-07-01,58.8,28.0,0.0,0.0,64.10714285714286,0.0,0.0,0.0,0.0,0.0,0.0,0.0,0.0,0.0,0.0,0.0,0.0,1.0,0.0,0.0,0.0,0.0,0.0,0.0,0.0,0.0,0.0,0.0,0.0,0.0,0.0,0.0,0.0,0.0,0.0,0.0,0.0,10.0,0.08,0.03,0.0,0.1,1.0,6297.1,6297.1,0.0,0.0,0.0,0.0,1.0,0.8,1.0,0.0,0.0,1.0,0.0,0.0,0.0,0.0,1.0,1.0,0.0,0.0,0.0,0.0,0.0,0.0,0.1,0.3,0.0,0.0,0.3,0.0,0.0,0.0,0.0,1.0,-0.8245479012774046,103.58863636363638,0,0,1,0.0,0.0,0.0,0.0,0.0,0.0,0.0,0.0,0.0,0.0,1.0,1.0,1.0,1.0,0.0,10.0,11.0,12.0,10.333333333333334,0.5773502691896794,1.0,3.0,3.0,1.6666666666666667,1.1547005383792452,0.1,0.2727272727272727,0.25,0.15757575757575767,0.09972413740548,0.08,0.19090909090909092,0.18333333333333335,0.11696969696969702,0.06403339349193962,-0.06,0.07272727272727274,-0.06666666666666667,0.014242424242424256,0.06775218171189623,-0.6,0.26666666666666666,-0.26666666666666666,-0.011111111111111294,0.5102650001424462,-0.6,0.3095238095238095,-0.2545454545454545,0.0031746031746030337,0.5223862337132286,-0.1,-0.09090909090909091,0.0,-0.06363636363636364,0.055297841184529725,-1.0,-0.3333333333333333,0.0,-0.4444444444444444,0.5091750772173161,-1.0,-0.2857142857142857,-0.09090909090909093,-0.42857142857142877,0.5150787536377124,0.3,0.18181818181818182,0.4166666666666667,0.16060606060606078,0.15112069866414335,3.0,0.6666666666666666,1.6666666666666667,1.222222222222222,1.5752718754175326,3.0000000000000004,0.5714285714285714,1.6363636363636365,1.190476190476191,1.59292654130264,0.0,0.0,0.08333333333333333,0.0,0.0,0.0,0.0,0.3333333333333333,0.0,0.0,0.1,0.09090909090909091,0.08333333333333333,0.06363636363636367,0.05529784118453003,1.0,0.3333333333333333,0.3333333333333333,0.4444444444444445,0.5091750772173157,0.17035775127767216,58.7,0.0,58.7,0.0,17.41301116779461,-0.7022628012657349,-16.542268522956473,-2.0848473391143596,105.7942857142857,3.540070465857603,-0.170068027210879,medium,high,1.0,0,0,1
2014-08-01,58.7,17.0,0.0,0.0,58.705882352941174,0.0,0.0,0.0,0.0,0.0,0.0,0.0,0.0,0.0,0.0,0.0,0.0,1.0,0.0,0.0,0.0,0.0,0.0,0.0,0.0,0.0,0.0,0.0,0.0,0.0,0.0,0.0,0.0,0.0,0.0,0.0,0.0,10.0,0.15,0.009999999999999998,0.1,0.2,2.0,6023.4,5829.3,0.0,0.0,0.0,0.0,1.0,1.5,2.0,0.0,0.0,2.0,0.0,0.0,0.0,0.0,0.0,0.0,0.0,0.0,0.0,0.0,0.0,0.0,0.2,0.04999999999999999,0.0,0.0,0.06666666666666667,0.0,0.0,0.0,0.0,1.0,-0.6399228136509622,96.53619047619047,0,0,1,0.0,0.0,0.0,0.0,0.0,0.0,0.0,0.0,0.0,0.0,1.0,1.0,1.0,1.0,0.0,10.0,10.0,11.0,10.0,0.0,1.0,1.0,3.0,1.3333333333333333,0.5773502691896126,0.1,0.1,0.2727272727272727,0.13333333333333344,0.05773502691896115,0.08,0.08,0.19090909090909092,0.10333333333333337,0.040414518843272504,0.03,-0.06,0.07272727272727274,-0.0066666666666666576,0.0472581562625265,0.3,-0.6,0.26666666666666666,-0.08333333333333352,0.4645786621588788,0.3,-0.6,0.3095238095238095,-0.0777777777777779,0.467063323488527,0.0,-0.1,-0.09090909090909091,-0.03333333333333333,0.05773502691896307,0.0,-1.0,-0.3333333333333333,-0.3333333333333333,0.5773502691896264,0.0,-1.0,-0.2857142857142857,-0.3333333333333335,0.5773502691896254,0.0,0.3,0.18181818181818182,0.10000000000000016,0.17320508075688945,0.0,3.0,0.6666666666666666,0.9999999999999999,1.7320508075688734,0.0,3.0000000000000004,0.5714285714285714,1.0000000000000004,1.7320508075688767,0.0,0.0,0.0,0.0,0.0,0.0,0.0,0.0,0.0,0.0,0.0,0.1,0.09090909090909091,0.033333333333333375,0.057735026918963296,0.0,1.0,0.3333333333333333,0.3333333333333333,0.5773502691896261,-0.170068027210879,58.8,0.17035775127767216,58.73333333333334,0.057735026906950204,-22.39106877119181,-0.8245479012774046,17.41301116779461,-6.808126967410876,103.58863636363638,-2.0848473391143596,0.17035775127767216,high,medium,0.0,0,1,0
2014-09-01,58.8,34.0,0.0,0.0,62.94117647058823,0.0,0.0,0.0,0.0,0.0,0.0,0.0,0.0,0.0,0.0,0.0,0.0,1.0,0.0,0.0,0.0,0.0,0.0,0.0,0.0,0.0,0.0,0.0,0.0,0.0,0.0,0.0,0.0,0.0,0.0,0.0,0.0,16.0,0.13124999999999998,-0.03125,0.125,0.1875,3.0,4859.75,4814.6875,0.0,0.3125,0.0625,0.0625,0.875,2.0999999999999996,3.0,1.0,1.0,1.0,0.0,0.0,0.0,0.0,0.0,0.0,1.0,1.0,0.0,0.0,1.0,1.0,0.1875,-0.16666666666666666,0.0,1.6666666666666667,-0.16666666666666669,0.0,1.6666666666666667,0.3333333333333333,0.3333333333333333,0.3333333333333333,-0.821060828487359,93.21190476190476,0,0,1,0.0,0.0,0.0,0.0,0.0,0.0,0.0,0.0,0.0,0.0,1.0,1.0,1.0,1.0,0.0,10.0,10.0,10.0,12.0,3.4641016151377637,2.0,1.0,1.0,2.0,0.9999999999999932,0.2,0.1,0.1,0.16250000000000012,0.054486236794256994,0.15,0.08,0.08,0.12041666666666669,0.03623562933541029,0.009999999999999998,0.03,-0.06,0.0029166666666666737,0.031233328886517593,0.04999999999999999,0.3,-0.6,0.06111111111111092,0.23353166174426412,0.06666666666666667,0.3,-0.6,0.06666666666666653,0.23333333333333425,0.0,0.0,-0.1,0.0,0.0,0.0,0.0,-1.0,0.0,0.0,0.0,0.0,-1.0,0.0,0.0,0.0,0.0,0.3,0.10416666666666684,0.18042195912175968,0.0,0.0,3.0,0.5555555555555555,0.9622504486493674,0.0,0.0,3.0000000000000004,0.5555555555555559,0.9622504486493755,0.0,0.0,0.0,0.020833333333333315,0.03608439182435149,0.0,0.0,0.0,0.11111111111111115,0.19245008972987535,0.0,0.0,0.1,0.02083333333333337,0.03608439182435275,0.0,0.0,1.0,0.1111111111111111,0.19245008972987684,0.17035775127767216,58.7,-0.170068027210879,58.73333333333333,0.057735026906950204,28.30622865325696,-0.6399228136509622,-22.39106877119181,-3.4435642196856797,96.53619047619047,-6.808126967410876,0.0,medium,high,1.0,0,0,1
2014-10-01,58.8,34.0,0.0,0.0,67.82352941176471,0.0,0.0,0.0,0.0,0.0,0.0,0.0,0.0,0.0,0.0,0.0,0.0,1.0,0.0,0.0,0.0,0.0,0.0,0.0,0.0,0.0,0.0,0.0,0.0,0.0,0.0,0.0,0.0,0.0,0.0,0.0,0.0,23.0,0.09130434782608694,-0.07826086956521738,0.13043478260869565,0.13043478260869565,3.0,6100.173913043478,5661.260869565217,-0.13043478260869565,0.391304347826087,0.0,0.13043478260869565,0.8695652173913043,2.0999999999999996,3.0,0.0,3.0,0.0,0.0,0.0,0.0,0.0,1.0,1.0,0.0,0.0,0.0,0.0,2.0,2.0,0.13043478260869565,-0.6,-1.0,3.0,-0.6000000000000001,-1.0,3.0,0.0,1.0,0.0,-0.6034696080653352,84.39695652173914,0,0,1,0.0,0.0,0.0,0.0,0.0,0.0,0.0,0.0,0.0,0.0,1.0,1.0,1.0,1.0,0.0,16.0,10.0,10.0,16.333333333333332,6.506407098647717,3.0,2.0,1.0,2.6666666666666665,0.5773502691896156,0.1875,0.2,0.1,0.17264492753623198,0.03708550594373168,0.13124999999999998,0.15,0.08,0.12418478260869568,0.02997887370499359,-0.03125,0.009999999999999998,0.03,-0.033170289855072456,0.04416175844492306,-0.16666666666666666,0.04999999999999999,0.3,-0.23888888888888907,0.33096380019125554,-0.16666666666666669,0.06666666666666667,0.3,-0.2333333333333335,0.3382963855030744,0.0,0.0,0.0,-0.043478260869565216,0.0753065568508211,0.0,0.0,0.0,-0.3333333333333333,0.5773502691896264,0.0,0.0,0.0,-0.3333333333333335,0.5773502691896254,0.3125,0.0,0.0,0.2346014492753625,0.2069563029014808,1.6666666666666667,0.0,0.0,1.5555555555555554,1.5030832509409617,1.6666666666666667,0.0,0.0,1.555555555555556,1.503083250940963,0.0625,0.0,0.0,0.020833333333333315,0.03608439182435149,0.3333333333333333,0.0,0.0,0.11111111111111115,0.19245008972987535,0.0625,0.0,0.0,0.06431159420289859,0.06523625934793847,0.3333333333333333,0.0,0.0,0.4444444444444444,0.5091750772173157,0.0,58.8,0.17035775127767216,58.76666666666667,0.05773502690700662,-26.501230222234838,-0.821060828487359,28.30622865325696,-9.456891008377122,93.21190476190476,-3.4435642196856797,-0.170068027210879,medium,medium,0.0,0,1,0
2014-11-01,58.7,18.0,0.0,0.0,60.333333333333336,0.0,0.0,0.0,0.0,0.0,0.0,0.0,0.0,0.0,0.0,0.0,0.0,1.0,0.0,0.0,0.0,0.0,0.0,0.0,0.0,0.0,0.0,0.0,0.0,0.0,0.0,0.0,0.0,0.0,0.0,0.0,0.0,12.0,0.0,0.0,0.0,0.0,0.0,3048.1666666666665,3048.1666666666665,0.0,0.0,0.0,0.0,1.0,0.0,0.0,0.0,0.0,0.0,0.0,0.0,0.0,0.0,0.0,0.0,0.0,0.0,0.0,0.0,0.0,0.0,0.0,0.0,0.0,0.0,0.0,0.0,0.0,0.0,0.0,0.0,-0.9797119925435434,75.78947368421052,0,1,0,0.0,0.0,0.0,0.0,0.0,0.0,0.0,0.0,0.3333333333333333,0.5773502691896257,1.0,1.0,1.0,0.6666666666666666,0.5773502691896265,23.0,16.0,10.0,17.0,5.567764362830029,3.0,3.0,2.0,2.0,1.7320508075688732,0.13043478260869565,0.1875,0.2,0.10597826086956534,0.09611271295558277,0.09130434782608694,0.13124999999999998,0.15,0.07418478260869567,0.06727889906890755,-0.07826086956521738,-0.03125,0.009999999999999998,-0.03650362318840578,0.0393940521364627,-0.6,-0.16666666666666666,0.04999999999999999,-0.25555555555555576,0.3097191081059194,-0.6000000000000001,-0.16666666666666669,0.06666666666666667,-0.2555555555555557,0.3097191081059194,-0.13043478260869565,0.0,0.0,-0.043478260869565216,0.0753065568508211,-1.0,0.0,0.0,-0.3333333333333333,0.5773502691896264,-1.0,0.0,0.0,-0.3333333333333335,0.5773502691896254,0.391304347826087,0.3125,0.0,0.2346014492753625,0.2069563029014808,3.0,1.6666666666666667,0.0,1.5555555555555554,1.5030832509409617,3.0,1.6666666666666667,0.0,1.555555555555556,1.503083250940963,0.0,0.0625,0.0,0.020833333333333315,0.03608439182435149,0.0,0.3333333333333333,0.0,0.11111111111111115,0.19245008972987535,0.13043478260869565,0.0625,0.0,0.06431159420289859,0.06523625934793847,1.0,0.3333333333333333,0.0,0.4444444444444444,0.5091750772173157,-0.170068027210879,58.8,0.0,58.76666666666666,0.05773502690700662,62.34653401757952,-0.6034696080653352,-26.501230222234838,-10.198807151667244,84.39695652173914,-9.456891008377122,0.0,medium,medium,0.0,0,1,0
2014-12-01,58.7,19.0,0.0,0.0,53.89473684210526,0.0,0.0,0.0,0.0,0.0,0.0,0.0,0.0,0.0,0.0,0.0,0.0,1.0,0.0,0.0,0.0,0.0,0.0,0.0,0.0,0.0,0.0,0.0,0.0,0.0,0.0,0.0,0.0,0.0,0.0,0.0,0.0,11.0,0.06363636363636363,-0.018181818181818184,0.09090909090909091,0.09090909090909091,1.0,5325.727272727273,5325.727272727273,-0.09090909090909091,0.2727272727272727,0.0,0.09090909090909091,0.9090909090909091,0.7,1.0,0.0,1.0,0.0,0.0,0.0,0.0,0.0,0.0,0.0,0.0,0.0,0.0,0.0,1.0,1.0,0.09090909090909091,-0.2,-1.0,3.0,-0.19999999999999998,-1.0,2.9999999999999996,0.0,1.0,0.0,-0.40827623452432554,59.29045454545455,0,0,1,0.0,0.0,0.0,0.0,0.0,1.0,0.0,0.0,0.3333333333333333,0.5773502691896257,0.0,1.0,1.0,0.6666666666666666,0.5773502691896265,12.0,23.0,16.0,15.333333333333334,6.658328118479399,0.0,3.0,3.0,1.3333333333333333,1.527525231651941,0.0,0.13043478260869565,0.1875,0.07378129117259563,0.06688295202369852,0.0,0.09130434782608694,0.13124999999999998,0.0516469038208169,0.04681806641658823,0.0,-0.07826086956521738,-0.03125,-0.032147562582345184,0.04095695836816578,0.0,-0.6,-0.16666666666666666,-0.26666666666666683,0.3055050463303898,0.0,-0.6000000000000001,-0.16666666666666669,-0.26666666666666683,0.3055050463303898,0.0,-0.13043478260869565,0.0,-0.07378129117259552,0.06688295202370025,0.0,-1.0,0.0,-0.6666666666666666,0.5773502691896264,0.0,-1.0,0.0,-0.6666666666666669,0.5773502691896256,0.0,0.391304347826087,0.3125,0.22134387351778673,0.20064885607110083,0.0,3.0,1.6666666666666667,1.9999999999999998,1.7320508075688759,0.0,3.0,1.6666666666666667,2.0,1.7320508075688752,0.0,0.0,0.0625,0.0,0.0,0.0,0.0,0.3333333333333333,0.0,0.0,0.0,0.13043478260869565,0.0625,0.07378129117259556,0.06688295202370054,0.0,1.0,0.3333333333333333,0.6666666666666666,0.5773502691896256,0.0,58.7,-0.170068027210879,58.76666666666667,0.05773502690700662,-58.32691264048402,-0.9797119925435434,62.34653401757952,-21.76953914141413,75.78947368421052,-10.198807151667244,0.0,medium,medium,0.0,0,1,0
2015-01-01,58.7,32.0,0.0,0.0,58.40625,0.0,0.0,0.0,0.0,0.0,0.0,0.0,0.0,0.0,0.0,0.0,0.0,1.0,0.0,0.0,0.0,0.0,0.0,0.0,0.0,0.0,0.0,0.0,0.0,0.0,0.0,0.0,0.0,0.0,0.0,0.0,0.0,12.0,0.0,0.0,0.0,0.0,0.0,4572.583333333333,4559.666666666667,0.0,0.0,0.0,0.0,1.0,0.0,0.0,0.0,0.0,0.0,0.0,0.0,0.0,0.0,0.0,0.0,0.0,0.0,0.0,0.0,0.0,0.0,0.0,0.0,0.0,0.0,0.0,0.0,0.0,0.0,0.0,0.0,-0.5214374759941036,47.219,0,1,0,0.0,0.0,0.0,0.0,0.0,0.0,1.0,0.0,0.6666666666666666,0.5773502691896258,1.0,0.0,1.0,0.3333333333333333,0.5773502691896266,11.0,12.0,23.0,11.666666666666666,0.5773502691896925,1.0,0.0,3.0,0.3333333333333333,0.5773502691896072,0.09090909090909091,0.0,0.13043478260869565,0.030303030303030415,0.052486388108145904,0.06363636363636363,0.0,0.09130434782608694,0.021212121212121248,0.036740471675700874,-0.018181818181818184,0.0,-0.07826086956521738,-0.006060606060606052,0.010497277621631426,-0.2,0.0,-0.6,-0.06666666666666686,0.1154700538379266,-0.19999999999999998,0.0,-0.6000000000000001,-0.0666666666666668,0.11547005383792647,-0.09090909090909091,0.0,-0.13043478260869565,-0.030303030303030304,0.05248638810814833,-1.0,0.0,-1.0,-0.3333333333333333,0.5773502691896263,-1.0,0.0,-1.0,-0.3333333333333335,0.5773502691896254,0.2727272727272727,0.0,0.391304347826087,0.09090909090909106,0.1574591643244453,3.0,0.0,3.0,0.9999999999999997,1.732050807568873,2.9999999999999996,0.0,3.0,1.0000000000000002,1.732050807568876,0.0,0.0,0.0,0.0,0.0,0.0,0.0,0.0,0.0,0.0,0.09090909090909091,0.0,0.13043478260869565,0.030303030303030342,0.052486388108148596,1.0,0.0,1.0,0.3333333333333333,0.5773502691896261,0.0,58.7,0.0,58.73333333333333,0.057735026906950204,27.716832845198546,-0.40827623452432554,-58.32691264048402,-20.359861697805115,59.29045454545455,-21.76953914141413,0.0,medium,medium,0.0,0,1,0
2015-02-01,58.7,13.0,0.0,0.0,58.15384615384615,0.0,0.0,0.0,0.0,0.0,0.0,0.0,0.0,0.0,0.0,0.0,0.0,1.0,0.0,0.0,0.0,0.0,0.0,0.0,0.0,0.0,0.0,0.0,0.0,0.0,0.0,0.0,0.0,0.0,0.0,0.0,0.0,10.0,0.08,0.06,0.0,0.1,1.0,8917.7,6392.4,0.0,0.0,0.0,0.0,1.0,0.8,1.0,0.0,0.0,1.0,0.0,0.0,0.0,0.0,0.0,0.0,0.0,0.0,0.0,0.0,0.0,0.0,0.1,0.6,0.0,0.0,0.6,0.0,0.0,0.0,0.0,1.0,-0.3278960699118255,50.58421052631579,0,0,1,0.0,0.0,0.0,0.0,0.0,1.0,0.0,1.0,0.3333333333333333,0.5773502691896257,0.0,1.0,0.0,0.6666666666666666,0.5773502691896266,12.0,11.0,12.0,11.0,1.0000000000000384,0.0,1.0,0.0,0.6666666666666666,0.5773502691896083,0.0,0.09090909090909091,0.0,0.06363636363636375,0.055297841184527574,0.0,0.06363636363636363,0.0,0.04787878787878791,0.042263765749358424,0.0,-0.018181818181818184,0.0,0.013939393939393946,0.04091245777391003,0.0,-0.2,0.0,0.13333333333333314,0.41633319989322704,0.0,-0.19999999999999998,0.0,0.1333333333333332,0.416333199893227,0.0,-0.09090909090909091,0.0,-0.030303030303030304,0.05248638810814833,0.0,-1.0,0.0,-0.3333333333333333,0.5773502691896263,0.0,-1.0,0.0,-0.3333333333333335,0.5773502691896254,0.0,0.2727272727272727,0.0,0.09090909090909106,0.1574591643244453,0.0,3.0,0.0,0.9999999999999997,1.732050807568873,0.0,2.9999999999999996,0.0,1.0000000000000002,1.732050807568876,0.0,0.0,0.0,0.0,0.0,0.0,0.0,0.0,0.0,0.0,0.0,0.09090909090909091,0.0,0.030303030303030342,0.052486388108148596,0.0,1.0,0.0,0.3333333333333333,0.5773502691896261,0.0,58.7,0.0,58.7,0.0,-37.116896079112394,-0.5214374759941036,27.716832845198546,7.126814473656351,47.219,-20.359861697805115,-0.17035775127768327,medium,medium,0.0,0,1,0
2015-03-01,58.6,28.0,0.0,0.0,62.82142857142857,0.0,0.0,0.0,0.0,0.0,0.0,0.0,0.0,0.0,0.0,0.0,0.0,1.0,0.0,0.0,0.0,0.0,0.0,0.0,0.0,0.0,0.0,0.0,0.0,0.0,0.0,0.0,0.0,0.0,0.0,0.0,0.0,12.0,0.05833333333333333,-0.049999999999999996,0.08333333333333333,0.08333333333333333,1.0,8003.583333333333,7134.583333333333,-0.08333333333333333,0.25,0.0,0.08333333333333333,0.9166666666666666,0.7,1.0,0.0,1.0,0.0,0.0,0.0,0.0,0.0,0.0,0.0,0.0,0.0,0.0,0.0,1.0,1.0,0.08333333333333333,-0.6,-1.0,3.0,-0.6,-1.0,2.9999999999999996,0.0,1.0,0.0,-0.3963046814448671,47.82363636363636,0,0,1,0.0,0.0,0.0,0.0,0.0,0.0,1.0,0.0,0.3333333333333333,0.5773502691896257,1.0,0.0,1.0,0.6666666666666666,0.5773502691896266,10.0,12.0,11.0,11.333333333333334,1.1547005383792848,1.0,0.0,1.0,0.6666666666666666,0.5773502691896083,0.1,0.0,0.09090909090909091,0.06111111111111123,0.05357583756107021,0.08,0.0,0.06363636363636363,0.04611111111111115,0.041376769291921196,0.06,0.0,-0.018181818181818184,0.003333333333333343,0.05507570547286139,0.6,0.0,-0.2,-1.8503717077085943e-16,0.6000000000000003,0.6,0.0,-0.19999999999999998,-1.4802973661668753e-16,0.6000000000000003,0.0,0.0,-0.09090909090909091,-0.027777777777777776,0.048112522432469405,0.0,0.0,-1.0,-0.3333333333333333,0.5773502691896263,0.0,0.0,-1.0,-0.3333333333333335,0.5773502691896254,0.0,0.0,0.2727272727272727,0.0833333333333335,0.14433756729740854,0.0,0.0,3.0,0.9999999999999997,1.732050807568873,0.0,0.0,2.9999999999999996,1.0000000000000002,1.732050807568876,0.0,0.0,0.0,0.0,0.0,0.0,0.0,0.0,0.0,0.0,0.0,0.0,0.09090909090909091,0.027777777777777814,0.048112522432469676,0.0,0.0,1.0,0.3333333333333333,0.5773502691896261,-0.17035775127768327,58.7,0.0,58.7,0.0,20.862894621285744,-0.3278960699118255,-37.116896079112394,-5.4573831121537015,50.58421052631579,7.126814473656351,0.0,medium,medium,0.0,0,1,0
2015-04-01,58.6,11.0,0.0,0.0,57.54545454545455,0.0,0.0,0.0,0.0,0.0,0.0,0.0,0.0,0.0,0.0,0.0,0.0,1.0,0.0,0.0,0.0,0.0,0.0,0.0,0.0,0.0,0.0,0.0,0.0,0.0,0.0,0.0,0.0,0.0,0.0,0.0,0.0,8.0,0.075,-0.0875,0.125,0.125,1.0,5413.875,5413.875,-0.125,0.375,0.0,0.125,0.875,0.6,0.0,0.0,1.0,0.0,0.0,0.0,0.0,0.0,0.0,0.0,0.0,0.0,0.0,0.0,1.0,1.0,0.0,-0.7,-1.0,3.0,-0.7,-1.0,3.0,0.0,1.0,0.0,-0.36543924871435096,54.45285714285714,0,0,1,0.0,0.0,0.0,0.0,0.0,0.0,0.0,1.0,0.0,0.0,1.0,1.0,0.0,1.0,0.0,12.0,10.0,12.0,10.0,2.000000000000019,1.0,1.0,0.0,1.0,0.0,0.08333333333333333,0.1,0.0,0.1027777777777779,0.020971762320192353,0.05833333333333333,0.08,0.0,0.07111111111111114,0.011344765475917307,-0.049999999999999996,0.06,0.0,-0.025833333333333323,0.07666213754737973,-0.6,0.6,0.0,-0.2333333333333335,0.7234178138070236,-0.6,0.6,0.0,-0.23333333333333348,0.7234178138070236,-0.08333333333333333,0.0,0.0,-0.06944444444444443,0.06364688465216484,-1.0,0.0,0.0,-0.6666666666666666,0.5773502691896264,-1.0,0.0,0.0,-0.6666666666666669,0.5773502691896256,0.25,0.0,0.0,0.20833333333333348,0.19094065395649457,3.0,0.0,0.0,1.9999999999999998,1.7320508075688759,2.9999999999999996,0.0,0.0,2.0,1.7320508075688754,0.0,0.0,0.0,0.0,0.0,0.0,0.0,0.0,0.0,0.0,0.08333333333333333,0.0,0.0,0.06944444444444448,0.06364688465216511,1.0,0.0,0.0,0.6666666666666666,0.5773502691896256,0.0,58.6,-0.17035775127768327,58.666666666666664,0.057735026906839446,-7.788308888500994,-0.3963046814448671,20.862894621285744,13.861808267389385,47.82363636363636,-5.4573831121537015,0.17064846416381396,high,medium,0.0,0,1,0
2015-05-01,58.7,16.0,0.0,0.0,65.125,0.0,0.0,0.0,0.0,0.0,0.0,0.0,0.0,0.0,0.0,0.0,0.0,1.0,0.0,0.0,0.0,0.0,0.0,0.0,0.0,0.0,0.0,0.0,0.0,0.0,0.0,0.0,0.0,0.0,0.0,0.0,0.0,12.0,0.14166666666666666,-0.06666666666666667,0.16666666666666666,0.25,3.0,5693.666666666667,5505.333333333333,-0.08333333333333333,0.16666666666666666,0.0,0.08333333333333333,0.9166666666666666,1.7,2.0,0.0,1.0,2.0,0.0,0.0,0.0,0.0,0.0,0.0,0.0,0.0,0.0,0.0,1.0,1.0,0.16666666666666666,-0.26666666666666666,-0.3333333333333333,0.6666666666666666,-0.35294117647058826,-0.4117647058823529,0.8235294117647058,0.0,0.3333333333333333,0.6666666666666666,-0.5608535777616632,59.265,0,0,1,0.0,0.0,0.0,0.0,0.0,0.0,0.0,0.0,0.0,0.0,1.0,1.0,1.0,1.0,0.0,8.0,12.0,10.0,10.666666666666666,2.30940107675852,1.0,1.0,1.0,1.6666666666666667,1.1547005383792446,0.125,0.08333333333333333,0.1,0.1527777777777779,0.08673608331108794,0.075,0.05833333333333333,0.08,0.09166666666666669,0.044095855184408506,-0.0875,-0.049999999999999996,0.06,-0.06805555555555554,0.018788540636762815,-0.7,-0.6,0.6,-0.5222222222222224,0.2268953095184687,-0.7,-0.6,0.6,-0.5509803921568629,0.17864671341008823,-0.125,-0.08333333333333333,0.0,-0.09722222222222221,0.02405626121623533,-1.0,-1.0,0.0,-0.7777777777777778,0.3849001794597515,-1.0,-1.0,0.0,-0.8039215686274511,0.3396178054056621,0.375,0.25,0.0,0.26388888888888906,0.10485881160098458,3.0,3.0,0.0,2.222222222222222,1.3471506281091257,3.0,2.9999999999999996,0.0,2.274509803921569,1.256585880000947,0.0,0.0,0.0,0.0,0.0,0.0,0.0,0.0,0.0,0.0,0.125,0.08333333333333333,0.0,0.09722222222222225,0.024056261216236212,1.0,1.0,0.0,0.7777777777777778,0.3849001794597502,0.17064846416381396,58.6,0.0,58.63333333333333,0.05773502690678047,53.473820815579586,-0.36543924871435096,-7.788308888500994,8.837264212818429,54.45285714285714,13.861808267389385,-0.6814310051107442,low,high,1.0,0,0,1
2015-06-01,58.3,21.0,0.0,0.0,64.19047619047619,0.0,0.0,0.0,0.0,0.0,0.0,0.0,0.0,0.0,0.0,0.0,0.0,1.0,0.0,0.0,0.0,0.0,0.0,0.0,0.0,0.0,0.0,0.0,0.0,0.0,0.0,0.0,0.0,0.0,0.0,0.0,0.0,8.0,0.1,0.0625,0.0,0.125,1.0,6052.375,5683.375,0.0,0.0,0.0,0.0,1.0,0.8,1.0,0.0,0.0,1.0,0.0,0.0,0.0,0.0,0.0,0.0,0.0,0.0,0.0,0.0,0.0,0.0,0.125,0.5,0.0,0.0,0.5,0.0,0.0,0.0,0.0,1.0,-0.8736564775531798,59.819545454545455,0,0,1,0.0,0.0,0.0,0.0,0.0,0.0,0.0,0.0,0.0,0.0,1.0,1.0,1.0,1.0,0.0,12.0,8.0,12.0,9.333333333333334,2.30940107675852,3.0,1.0,1.0,1.6666666666666667,1.1547005383792446,0.25,0.125,0.08333333333333333,0.16666666666666682,0.07216878364870213,0.14166666666666666,0.075,0.05833333333333333,0.10555555555555558,0.033678765702726626,-0.06666666666666667,-0.0875,-0.049999999999999996,-0.030555555555555544,0.08125890264616731,-0.26666666666666666,-0.7,-0.6,-0.15555555555555572,0.6076670628389034,-0.35294117647058826,-0.7,-0.6,-0.18431372549019623,0.6175163260336592,-0.08333333333333333,-0.125,-0.08333333333333333,-0.06944444444444445,0.06364688465216484,-0.3333333333333333,-1.0,-1.0,-0.4444444444444444,0.5091750772173161,-0.4117647058823529,-1.0,-1.0,-0.47058823529411775,0.5025884556069132,0.16666666666666666,0.375,0.25,0.18055555555555572,0.18788540636762197,0.6666666666666666,3.0,3.0,1.2222222222222219,1.5752718754175326,0.8235294117647058,3.0,2.9999999999999996,1.2745098039215688,1.5500120920762082,0.0,0.0,0.0,0.0,0.0,0.0,0.0,0.0,0.0,0.0,0.08333333333333333,0.125,0.08333333333333333,0.06944444444444449,0.06364688465216511,0.3333333333333333,1.0,1.0,0.4444444444444444,0.5091750772173158,-0.6814310051107442,58.7,0.17064846416381396,58.63333333333333,0.05773502690678047,55.77264943907396,-0.5608535777616632,53.473820815579586,0.9357048081421571,59.265,8.837264212818429,0.17152658662091813,high,low,-1.0,1,0,0
2015-07-01,58.4,23.0,0.0,0.0,62.21739130434783,0.0,0.0,0.0,0.0,0.0,0.0,0.0,0.0,0.0,0.0,0.0,0.0,1.0,0.0,0.0,0.0,0.0,0.0,0.0,0.0,0.0,0.0,0.0,0.0,0.0,0.0,0.0,0.0,0.0,0.0,0.0,0.0,13.0,0.12692307692307692,-0.007692307692307691,0.07692307692307693,0.15384615384615385,2.0,4999.846153846154,4999.846153846154,0.07692307692307693,0.23076923076923078,0.07692307692307693,0.0,0.9230769230769231,1.65,2.0,1.0,0.0,1.0,0.0,0.0,0.0,0.0,0.0,0.0,1.0,1.0,0.0,0.0,0.0,0.0,0.15384615384615385,-0.04999999999999999,0.5,1.5,-0.06666666666666667,0.5151515151515151,1.5454545454545454,0.5,0.0,0.5,-0.424207519367686,50.90090909090909,0,0,1,0.0,0.0,0.0,0.0,0.0,0.0,0.0,0.0,0.0,0.0,1.0,1.0,1.0,1.0,0.0,8.0,12.0,8.0,11.0,2.645751311064605,1.0,3.0,1.0,2.0,0.9999999999999927,0.125,0.25,0.125,0.1762820512820514,0.0654505700534031,0.1,0.14166666666666666,0.075,0.12286324786324791,0.021127930252960548,0.0625,-0.06666666666666667,-0.0875,-0.003952991452991443,0.06466447099372032,0.5,-0.26666666666666666,-0.7,0.06111111111111093,0.39522614248516535,0.5,-0.35294117647058826,-0.7,0.026797385620914858,0.434083873729801,0.0,-0.08333333333333333,-0.125,-0.0021367521367521383,0.08014956980132966,0.0,-0.3333333333333333,-1.0,0.05555555555555556,0.41943524640393076,0.0,-0.4117647058823529,-1.0,0.034462269756387255,0.46441808344582924,0.0,0.16666666666666666,0.375,0.13247863247863265,0.1191227338868943,0.0,0.6666666666666666,3.0,0.7222222222222219,0.7515416254704715,0.0,0.8235294117647058,3.0,0.7896613190730841,0.7732837278731858,0.0,0.0,0.0,0.025641025641025623,0.04441155916843266,0.0,0.0,0.0,0.1666666666666667,0.2886751345948129,0.0,0.08333333333333333,0.125,0.027777777777777818,0.04811252243246966,0.0,0.3333333333333333,1.0,0.1111111111111111,0.1924500897298773,0.17152658662091813,58.3,-0.6814310051107442,58.53333333333333,0.20816659994319037,-51.4445860281664,-0.8736564775531798,55.77264943907396,-14.909234591916597,59.819545454545455,0.9357048081421571,-0.3424657534246478,low,high,1.0,0,0,1
2015-08-01,58.2,17.0,0.0,0.0,69.52941176470588,0.0,0.0,0.0,0.0,0.0,0.0,0.0,0.0,0.0,0.0,0.0,0.0,1.0,0.0,0.0,0.0,0.0,0.0,0.0,0.0,0.0,0.0,0.0,0.0,0.0,0.0,0.0,0.0,0.0,0.0,0.0,0.0,7.0,0.0,0.0,0.0,0.0,0.0,7103.285714285715,7103.285714285715,0.0,0.0,0.0,0.0,1.0,0.0,0.0,0.0,0.0,0.0,0.0,0.0,0.0,0.0,0.0,0.0,0.0,0.0,0.0,0.0,0.0,0.0,0.0,0.0,0.0,0.0,0.0,0.0,0.0,0.0,0.0,0.0,-0.6913952209929503,42.86761904761905,0,1,0,0.0,0.0,0.0,0.0,0.0,0.0,0.0,0.0,0.3333333333333333,0.5773502691896257,1.0,1.0,1.0,0.6666666666666666,0.5773502691896266,13.0,8.0,12.0,9.333333333333334,3.2145502536643304,2.0,1.0,3.0,1.0,0.9999999999999905,0.15384615384615385,0.125,0.25,0.09294871794871808,0.08177788988572372,0.12692307692307692,0.1,0.14166666666666666,0.07564102564102568,0.06687590438843476,-0.007692307692307691,0.0625,-0.06666666666666667,0.018269230769230777,0.03849757926763061,-0.04999999999999999,0.5,-0.26666666666666666,0.14999999999999983,0.3041381265149119,-0.06666666666666667,0.5,-0.35294117647058826,0.1444444444444443,0.30971910810591924,0.07692307692307693,0.0,-0.08333333333333333,0.025641025641025637,0.0444115591684335,0.5,0.0,-0.3333333333333333,0.16666666666666666,0.28867513459481303,0.5151515151515151,0.0,-0.4117647058823529,0.17171717171717157,0.29742286594616907,0.23076923076923078,0.0,0.16666666666666666,0.0769230769230771,0.13323467750530066,1.5,0.0,0.6666666666666666,0.4999999999999997,0.8660254037844282,1.5454545454545454,0.0,0.8235294117647058,0.5151515151515155,0.8922685978385108,0.07692307692307693,0.0,0.0,0.025641025641025623,0.04441155916843266,0.5,0.0,0.0,0.1666666666666667,0.2886751345948129,0.0,0.0,0.08333333333333333,0.0,0.0,0.0,0.0,0.3333333333333333,0.0,0.0,-0.3424657534246478,58.4,0.17152658662091813,58.46666666666667,0.20816659994315823,62.98514039155365,-0.424207519367686,-51.4445860281664,-15.78221329788545,50.90090909090909,-14.909234591916597,-0.1718213058419238,medium,low,-1.0,1,0,0
2015-09-01,58.1,23.0,0.0,0.0,67.34782608695652,0.0,0.0,0.0,0.0,0.0,0.0,0.0,0.0,0.0,0.0,0.0,0.0,1.0,0.0,0.0,0.0,0.0,0.0,0.0,0.0,0.0,0.0,0.0,0.0,0.0,0.0,0.0,0.0,0.0,0.0,0.0,0.0,15.0,0.24666666666666667,-0.03333333333333333,0.13333333333333333,0.3333333333333333,5.0,5024.2,5024.2,-0.06666666666666667,0.5333333333333333,0.06666666666666667,0.13333333333333333,0.8,3.7,4.0,1.0,2.0,2.0,0.0,0.0,0.0,0.0,1.0,1.0,0.0,0.0,0.0,0.0,3.0,3.0,0.26666666666666666,-0.09999999999999999,-0.2,1.6,-0.1243243243243243,-0.24324324324324326,1.6756756756756759,0.2,0.4,0.4,-0.40481603166112035,45.47952380952381,0,0,1,0.0,0.0,0.0,0.0,0.0,1.0,0.0,0.0,0.3333333333333333,0.5773502691896257,0.0,1.0,1.0,0.6666666666666666,0.5773502691896266,7.0,13.0,8.0,11.666666666666666,4.163331998932275,0.0,2.0,1.0,2.3333333333333335,2.516611478423581,0.0,0.15384615384615385,0.125,0.1623931623931625,0.16683095124737676,0.0,0.12692307692307692,0.1,0.12452991452991458,0.12335074596771219,0.0,-0.007692307692307691,0.0625,-0.013675213675213667,0.01745348534757561,0.0,-0.04999999999999999,0.5,-0.050000000000000176,0.050000000000004756,0.0,-0.06666666666666667,0.5,-0.06366366366366381,0.062216540605791834,0.0,0.07692307692307693,0.0,0.0034188034188034158,0.07185589592131224,0.0,0.5,0.0,0.09999999999999999,0.36055512754639907,0.0,0.5151515151515151,0.0,0.09063609063609047,0.3872361399514581,0.0,0.23076923076923078,0.0,0.25470085470085485,0.26747084528807064,0.0,1.5,0.0,1.033333333333333,0.8962886439832427,0.0,1.5454545454545454,0.0,1.073710073710074,0.9321369950167634,0.0,0.07692307692307693,0.0,0.04786324786324784,0.041766809308959305,0.0,0.5,0.0,0.2333333333333334,0.25166114784235827,0.0,0.0,0.0,0.04444444444444449,0.07698003589195064,0.0,0.0,0.0,0.13333333333333333,0.23094010767585196,-0.1718213058419238,58.2,-0.3424657534246478,58.29999999999999,0.09999999999262862,-41.44940269044064,-0.6913952209929503,62.98514039155365,6.092955055430882,42.86761904761905,-15.78221329788545,0.0,medium,medium,0.0,0,1,0
2015-10-01,58.1,15.0,0.0,0.0,56.4,0.0,0.0,0.0,0.0,0.0,0.0,0.0,0.0,0.0,0.0,0.0,0.0,1.0,0.0,0.0,0.0,0.0,0.0,0.0,0.0,0.0,0.0,0.0,0.0,0.0,0.0,0.0,0.0,0.0,0.0,0.0,0.0,7.0,0.0,0.0,0.0,0.0,0.0,4338.857142857143,4338.857142857143,0.0,0.0,0.0,0.0,1.0,0.0,0.0,0.0,0.0,0.0,0.0,0.0,0.0,0.0,0.0,0.0,0.0,0.0,0.0,0.0,0.0,0.0,0.0,0.0,0.0,0.0,0.0,0.0,0.0,0.0,0.0,0.0,-0.25303811521537234,46.22363636363636,0,1,0,0.0,0.0,0.0,0.0,0.0,0.0,1.0,0.0,0.6666666666666666,0.5773502691896258,1.0,0.0,1.0,0.3333333333333333,0.5773502691896266,15.0,7.0,13.0,9.666666666666666,4.618802153517015,5.0,0.0,2.0,1.6666666666666667,2.886751345948126,0.3333333333333333,0.0,0.15384615384615385,0.11111111111111123,0.1924500897298748,0.24666666666666667,0.0,0.12692307692307692,0.08222222222222227,0.14241306640010726,-0.03333333333333333,0.0,-0.007692307692307691,-0.011111111111111101,0.019245008972988566,-0.09999999999999999,0.0,-0.04999999999999999,-0.03333333333333351,0.05773502691896676,-0.1243243243243243,0.0,-0.06666666666666667,-0.041441441441441594,0.07177868211546813,-0.06666666666666667,0.0,0.07692307692307693,-0.022222222222222227,0.03849001794597582,-0.2,0.0,0.5,-0.06666666666666667,0.11547005383792604,-0.24324324324324326,0.0,0.5151515151515151,-0.08108108108108124,0.14043655196504137,0.5333333333333333,0.0,0.23076923076923078,0.17777777777777795,0.30792014356780123,1.6,0.0,1.5,0.5333333333333331,0.9237604307033915,1.6756756756756759,0.0,1.5454545454545454,0.558558558558559,0.9674518024258578,0.06666666666666667,0.0,0.07692307692307693,0.022222222222222202,0.03849001794597493,0.2,0.0,0.5,0.06666666666666671,0.11547005383792538,0.13333333333333333,0.0,0.0,0.04444444444444448,0.07698003589195064,0.4,0.0,0.0,0.13333333333333333,0.23094010767585196,0.0,58.1,-0.1718213058419238,58.23333333333334,0.15275252316032292,-37.49305970490921,-0.40481603166112035,-41.44940269044064,1.6361485164818834,45.47952380952381,6.092955055430882,0.0,medium,medium,0.0,0,1,0
2015-11-01,58.1,19.0,0.0,0.0,60.73684210526316,0.0,0.0,0.0,0.0,0.0,0.0,0.0,0.0,0.0,0.0,0.0,0.0,1.0,0.0,0.0,0.0,0.0,0.0,0.0,0.0,0.0,0.0,0.0,0.0,0.0,0.0,0.0,0.0,0.0,0.0,0.0,0.0,13.0,0.0,0.0,0.0,0.0,0.0,5501.846153846154,4985.615384615385,0.0,0.0,0.0,0.0,1.0,0.0,0.0,0.0,0.0,0.0,0.0,0.0,0.0,0.0,0.0,0.0,0.0,0.0,0.0,0.0,0.0,0.0,0.0,0.0,0.0,0.0,0.0,0.0,0.0,0.0,0.0,0.0,-0.6518364436031716,42.4435,0,1,0,0.0,0.0,0.0,0.0,0.0,1.0,0.0,1.0,0.6666666666666666,0.5773502691896258,0.0,1.0,0.0,0.3333333333333333,0.5773502691896266,7.0,15.0,7.0,11.666666666666666,4.163331998932275,0.0,5.0,0.0,1.6666666666666667,2.886751345948126,0.0,0.3333333333333333,0.0,0.11111111111111123,0.1924500897298748,0.0,0.24666666666666667,0.0,0.08222222222222227,0.14241306640010726,0.0,-0.03333333333333333,0.0,-0.011111111111111101,0.019245008972988566,0.0,-0.09999999999999999,0.0,-0.03333333333333351,0.05773502691896676,0.0,-0.1243243243243243,0.0,-0.041441441441441594,0.07177868211546813,0.0,-0.06666666666666667,0.0,-0.022222222222222227,0.03849001794597582,0.0,-0.2,0.0,-0.06666666666666667,0.11547005383792604,0.0,-0.24324324324324326,0.0,-0.08108108108108124,0.14043655196504137,0.0,0.5333333333333333,0.0,0.17777777777777795,0.30792014356780123,0.0,1.6,0.0,0.5333333333333331,0.9237604307033915,0.0,1.6756756756756759,0.0,0.558558558558559,0.9674518024258578,0.0,0.06666666666666667,0.0,0.022222222222222202,0.03849001794597493,0.0,0.2,0.0,0.06666666666666671,0.11547005383792538,0.0,0.13333333333333333,0.0,0.04444444444444448,0.07698003589195064,0.0,0.4,0.0,0.13333333333333333,0.23094010767585196,0.0,58.1,0.0,58.13333333333333,0.05773502690589029,157.60405425418372,-0.25303811521537234,-37.49305970490921,-8.177929433977093,46.22363636363636,1.6361485164818834,-0.1721170395869165,medium,medium,0.0,0,1,0
2015-12-01,58.0,19.0,0.0,0.0,62.31578947368421,0.0,0.0,0.0,0.0,0.0,0.0,0.0,0.0,0.0,0.0,0.0,0.0,1.0,0.0,0.0,0.0,0.0,0.0,0.0,0.0,0.0,0.0,0.0,0.0,0.0,0.0,0.0,0.0,0.0,0.0,0.0,0.0,14.0,0.09999999999999999,-0.07857142857142858,0.14285714285714285,0.14285714285714285,2.0,5148.142857142857,5148.142857142857,-0.14285714285714285,0.35714285714285715,0.0,0.14285714285714285,0.8571428571428571,1.4,2.0,0.0,2.0,0.0,0.0,0.0,0.0,0.0,2.0,2.0,0.0,0.0,0.0,0.0,0.0,0.0,0.14285714285714285,-0.55,-1.0,2.5,-0.55,-1.0,2.5,0.0,1.0,0.0,-0.6146864526512206,37.18863636363636,0,0,1,0.0,0.0,0.0,0.0,0.0,1.0,1.0,0.0,0.6666666666666666,0.5773502691896258,0.0,0.0,1.0,0.3333333333333333,0.5773502691896266,13.0,7.0,15.0,11.333333333333334,3.7859388972001926,0.0,0.0,5.0,0.6666666666666666,1.1547005383792424,0.0,0.0,0.3333333333333333,0.04761904761904775,0.082478609884231,0.0,0.0,0.24666666666666667,0.03333333333333337,0.05773502691896104,0.0,0.0,-0.03333333333333333,-0.026190476190476184,0.04536323543632815,0.0,0.0,-0.09999999999999999,-0.18333333333333354,0.3175426480542949,0.0,0.0,-0.1243243243243243,-0.1833333333333335,0.31754264805429444,0.0,0.0,-0.06666666666666667,-0.047619047619047616,0.08247860988423258,0.0,0.0,-0.2,-0.3333333333333333,0.5773502691896261,0.0,0.0,-0.24324324324324326,-0.3333333333333335,0.5773502691896254,0.0,0.0,0.5333333333333333,0.1190476190476192,0.20619652471058209,0.0,0.0,1.6,0.833333333333333,1.443375672974059,0.0,0.0,1.6756756756756759,0.8333333333333336,1.443375672974063,0.0,0.0,0.06666666666666667,0.0,0.0,0.0,0.0,0.2,0.0,0.0,0.0,0.0,0.13333333333333333,0.04761904761904765,0.08247860988423275,0.0,0.0,0.4,0.3333333333333333,0.5773502691896261,-0.1721170395869165,58.1,0.0,58.1,0.0,-5.699281056854721,-0.6518364436031716,157.60405425418372,-12.380844266763201,42.4435,-8.177929433977093,-0.5172413793103403,low,medium,0.0,0,1,0
2016-01-01,57.7,37.0,0.0,0.0,63.21621621621622,0.0,0.0,0.0,0.0,0.0,0.0,0.0,0.0,0.0,0.0,0.0,0.0,1.0,0.0,0.0,0.0,0.0,0.0,0.0,0.0,0.0,0.0,0.0,0.0,0.0,0.0,0.0,0.0,0.0,0.0,0.0,0.0,5.0,0.16999999999999998,-0.13999999999999999,0.2,0.2,1.0,5593.8,5593.8,-0.2,0.8,0.0,0.2,0.8,0.85,1.0,0.0,1.0,0.0,0.0,0.0,0.0,0.0,1.0,1.0,0.0,0.0,0.0,0.0,0.0,0.0,0.2,-0.7,-1.0,4.0,-0.7,-1.0,4.0,0.0,1.0,0.0,-0.8062421685869569,31.683157894736844,0,0,1,0.0,0.0,0.0,0.0,0.0,0.0,1.0,1.0,0.3333333333333333,0.5773502691896257,1.0,0.0,0.0,0.6666666666666666,0.5773502691896266,14.0,13.0,7.0,10.666666666666666,4.932882862316255,2.0,0.0,0.0,1.0,0.9999999999999906,0.14285714285714285,0.0,0.0,0.11428571428571442,0.10301575072754168,0.09999999999999999,0.0,0.0,0.09000000000000002,0.08544003745317459,-0.07857142857142858,0.0,0.0,-0.07285714285714284,0.07017470909037239,-0.55,0.0,0.0,-0.4166666666666668,0.3685557397916001,-0.55,0.0,0.0,-0.4166666666666668,0.3685557397915999,-0.14285714285714285,0.0,0.0,-0.11428571428571428,0.10301575072754277,-1.0,0.0,0.0,-0.6666666666666666,0.5773502691896262,-1.0,0.0,0.0,-0.6666666666666669,0.5773502691896257,0.35714285714285715,0.0,0.0,0.3857142857142859,0.40076457540301574,2.5,0.0,0.0,2.1666666666666665,2.0207259421636894,2.5,0.0,0.0,2.166666666666667,2.0207259421636885,0.0,0.0,0.0,0.0,0.0,0.0,0.0,0.0,0.0,0.0,0.14285714285714285,0.0,0.0,0.11428571428571432,0.10301575072754299,1.0,0.0,0.0,0.6666666666666666,0.5773502691896255,-0.5172413793103403,58.0,-0.1721170395869165,58.06666666666667,0.05773502690576721,31.16315889337273,-0.6146864526512206,-5.699281056854721,-14.804195601758774,37.18863636363636,-12.380844266763201,-0.17331022530329143,medium,low,-1.0,1,0,0
2016-02-01,57.6,28.0,0.0,0.0,65.39285714285714,0.0,0.0,0.0,0.0,0.0,0.0,0.0,0.0,0.0,0.0,0.0,0.0,1.0,0.0,0.0,0.0,0.0,0.0,0.0,0.0,0.0,0.0,0.0,0.0,0.0,0.0,0.0,0.0,0.0,0.0,0.0,0.0,13.0,0.20769230769230768,-0.06923076923076922,0.23076923076923078,0.3076923076923077,4.0,4033.846153846154,4033.846153846154,-0.07692307692307693,0.23076923076923078,0.0,0.07692307692307693,0.9230769230769231,2.6999999999999997,3.0,0.0,1.0,3.0,0.0,0.0,0.0,0.0,1.0,1.0,0.0,0.0,0.0,0.0,0.0,0.0,0.23076923076923078,-0.22499999999999998,-0.25,0.75,-0.22592592592592595,-0.25925925925925924,0.7777777777777777,0.0,0.25,0.75,-0.7585451665036511,30.323,0,0,1,0.0,0.0,0.0,0.0,0.0,0.0,0.0,1.0,0.0,0.0,1.0,1.0,0.0,1.0,0.0,5.0,14.0,13.0,10.666666666666666,4.932882862316255,1.0,2.0,0.0,2.3333333333333335,1.5275252316519432,0.2,0.14285714285714285,0.0,0.21684981684981697,0.08369943331626045,0.16999999999999998,0.09999999999999999,0.0,0.15923076923076926,0.054647877658188376,-0.13999999999999999,-0.07857142857142858,0.0,-0.09593406593406593,0.038446936003497335,-0.7,-0.55,0.0,-0.49166666666666686,0.2428133714055583,-0.7,-0.55,0.0,-0.4919753086419754,0.24230498453951244,-0.2,-0.14285714285714285,0.0,-0.13992673992673993,0.06159076793255329,-1.0,-1.0,0.0,-0.75,0.4330127018922199,-1.0,-1.0,0.0,-0.7530864197530865,0.42766686606638954,0.8,0.35714285714285715,0.0,0.4626373626373628,0.2989192786972951,4.0,2.5,0.0,2.4166666666666665,1.626601774661928,4.0,2.5,0.0,2.425925925925926,1.612387744521497,0.0,0.0,0.0,0.0,0.0,0.0,0.0,0.0,0.0,0.0,0.2,0.14285714285714285,0.0,0.13992673992673996,0.0615907679325537,1.0,1.0,0.0,0.75,0.43301270189221885,-0.17331022530329143,57.7,-0.5172413793103403,57.93333333333334,0.20816659994288628,-5.9159646991549515,-0.8062421685869569,31.16315889337273,-4.292999767434136,31.683157894736844,-14.804195601758774,0.0,medium,medium,0.0,0,1,0
2016-03-01,57.6,16.0,0.0,0.0,72.1875,0.0,0.0,0.0,0.0,0.0,0.0,0.0,0.0,0.0,0.0,0.0,0.0,1.0,0.0,0.0,0.0,0.0,0.0,0.0,0.0,0.0,0.0,0.0,0.0,0.0,0.0,0.0,0.0,0.0,0.0,0.0,0.0,9.0,0.0,0.0,0.0,0.0,0.0,4201.888888888889,4201.888888888889,0.0,0.0,0.0,0.0,1.0,0.0,0.0,0.0,0.0,0.0,0.0,0.0,0.0,0.0,0.0,0.0,0.0,0.0,0.0,0.0,0.0,0.0,0.0,0.0,0.0,0.0,0.0,0.0,0.0,0.0,0.0,0.0,-0.6637793397380366,37.54636363636364,0,1,0,0.0,0.0,0.0,0.0,0.0,0.0,0.0,0.0,0.3333333333333333,0.5773502691896257,1.0,1.0,1.0,0.6666666666666666,0.5773502691896267,13.0,5.0,14.0,9.0,4.000000000000009,4.0,1.0,2.0,1.6666666666666667,2.081665999466129,0.3076923076923077,0.2,0.14285714285714285,0.16923076923076938,0.1561367933091106,0.20769230769230768,0.16999999999999998,0.09999999999999999,0.12589743589743593,0.11064719060579237,-0.06923076923076922,-0.13999999999999999,-0.07857142857142858,-0.06974358974358974,0.07000140883338567,-0.22499999999999998,-0.7,-0.55,-0.3083333333333335,0.35736302737319325,-0.22592592592592595,-0.7,-0.55,-0.3086419753086421,0.35725545288926397,-0.07692307692307693,-0.2,-0.14285714285714285,-0.09230769230769231,0.10088366960464643,-0.25,-1.0,-1.0,-0.4166666666666667,0.5204164998665335,-0.25925925925925924,-1.0,-1.0,-0.41975308641975323,0.5189592483205849,0.23076923076923078,0.8,0.35714285714285715,0.34358974358974376,0.41176006494658146,0.75,4.0,2.5,1.583333333333333,2.1262251370288436,0.7777777777777777,4.0,2.5,1.5925925925925928,2.1208353040326515,0.0,0.0,0.0,0.0,0.0,0.0,0.0,0.0,0.0,0.0,0.07692307692307693,0.2,0.14285714285714285,0.09230769230769235,0.10088366960464659,0.25,1.0,1.0,0.4166666666666667,0.5204164998665334,0.0,57.6,-0.17331022530329143,57.76666666666667,0.20816659994280096,-12.4931027116575,-0.7585451665036511,-5.9159646991549515,23.82140169628215,30.323,-4.292999767434136,-0.17361111111111605,medium,medium,0.0,0,1,0
2016-04-01,57.5,18.0,0.0,0.0,68.44444444444444,0.0,0.0,0.0,0.0,0.0,0.0,0.0,0.0,0.0,0.0,0.0,0.0,1.0,0.0,0.0,0.0,0.0,0.0,0.0,0.0,0.0,0.0,0.0,0.0,0.0,0.0,0.0,0.0,0.0,0.0,0.0,0.0,7.0,0.3,0.05714285714285714,0.14285714285714285,0.42857142857142855,3.0,3760.0,3760.0,-0.14285714285714285,0.2857142857142857,0.0,0.14285714285714285,0.8571428571428571,2.1,2.0,0.0,1.0,2.0,0.0,0.0,0.0,0.0,0.0,0.0,0.0,0.0,0.0,0.0,1.0,1.0,0.2857142857142857,0.13333333333333333,-0.3333333333333333,0.6666666666666666,0.1571428571428571,-0.38095238095238093,0.7619047619047619,0.0,0.3333333333333333,0.6666666666666666,-0.278259358644854,40.7552380952381,0,0,1,0.0,0.0,0.0,0.0,0.0,1.0,0.0,0.0,0.3333333333333333,0.5773502691896257,0.0,1.0,1.0,0.6666666666666666,0.5773502691896267,9.0,13.0,5.0,9.666666666666666,3.0550504633039046,0.0,4.0,1.0,2.3333333333333335,2.0816659994661304,0.0,0.3076923076923077,0.2,0.24542124542124555,0.22096748911143813,0.0,0.20769230769230768,0.16999999999999998,0.16923076923076927,0.15365372581106276,0.0,-0.06923076923076922,-0.13999999999999999,-0.004029304029304018,0.06328309275727363,0.0,-0.22499999999999998,-0.7,-0.030555555555555735,0.1811102590300351,0.0,-0.22592592592592595,-0.7,-0.022927689594356426,0.19256085363606798,0.0,-0.07692307692307693,-0.2,-0.07326007326007326,0.0714989791060192,0.0,-0.25,-1.0,-0.19444444444444442,0.1734721666221785,0.0,-0.25925925925925924,-1.0,-0.2134038800705469,0.19457187872024811,0.0,0.23076923076923078,0.8,0.1721611721611723,0.1516058760921255,0.0,0.75,4.0,0.4722222222222219,0.411073571859662,0.0,0.7777777777777777,4.0,0.5132275132275135,0.4445389166411574,0.0,0.0,0.0,0.0,0.0,0.0,0.0,0.0,0.0,0.0,0.0,0.07692307692307693,0.2,0.07326007326007329,0.0714989791060194,0.0,0.25,1.0,0.19444444444444442,0.17347216662217962,-0.17361111111111605,57.6,0.0,57.63333333333333,0.05773502690496724,-58.079539089802005,-0.6637793397380366,-12.4931027116575,8.546432059179931,37.54636363636364,23.82140169628215,0.0,medium,medium,0.0,0,1,0
2016-05-01,57.5,15.0,0.0,0.0,58.46666666666667,0.0,0.0,0.0,0.0,0.0,0.0,0.0,0.0,0.0,0.0,0.0,0.0,1.0,0.0,0.0,0.0,0.0,0.0,0.0,0.0,0.0,0.0,0.0,0.0,0.0,0.0,0.0,0.0,0.0,0.0,0.0,0.0,9.0,0.07777777777777778,0.022222222222222223,0.0,0.1111111111111111,1.0,4286.666666666667,4286.666666666667,0.0,0.0,0.0,0.0,1.0,0.7,1.0,0.0,0.0,1.0,0.0,0.0,0.0,0.0,0.0,0.0,0.0,0.0,0.0,0.0,0.0,0.0,0.1111111111111111,0.2,0.0,0.0,0.19999999999999998,0.0,0.0,0.0,0.0,1.0,-0.7214056719103343,46.712380952380954,0,0,1,0.0,0.0,0.0,0.0,0.0,0.0,1.0,0.0,0.3333333333333333,0.5773502691896257,1.0,0.0,1.0,0.6666666666666666,0.5773502691896267,7.0,9.0,13.0,8.333333333333334,1.1547005383792808,3.0,0.0,4.0,1.3333333333333333,1.5275252316519414,0.42857142857142855,0.0,0.3076923076923077,0.17989417989418,0.22241110642310763,0.3,0.0,0.20769230769230768,0.12592592592592597,0.1556877744961753,0.05714285714285714,0.0,-0.06923076923076922,0.026455026455026464,0.02880562452659606,0.13333333333333333,0.0,-0.22499999999999998,0.11111111111111094,0.10183501544346585,0.1571428571428571,0.0,-0.22592592592592595,0.11904761904761889,0.10530163994045824,-0.14285714285714285,0.0,-0.07692307692307693,-0.047619047619047616,0.08247860988423263,-0.3333333333333333,0.0,-0.25,-0.1111111111111111,0.19245008972987587,-0.38095238095238093,0.0,-0.25925925925925924,-0.12698412698412712,0.2199429596912846,0.2857142857142857,0.0,0.23076923076923078,0.09523809523809539,0.1649572197684665,0.6666666666666666,0.0,0.75,0.2222222222222219,0.38490017945972016,0.7619047619047619,0.0,0.7777777777777777,0.25396825396825423,0.4398859193825664,0.0,0.0,0.0,0.0,0.0,0.0,0.0,0.0,0.0,0.0,0.14285714285714285,0.0,0.07692307692307693,0.04761904761904765,0.08247860988423275,0.3333333333333333,0.0,0.25,0.1111111111111111,0.19245008972987737,0.0,57.5,-0.17361111111111605,57.56666666666666,0.057735026904844174,159.25657107226846,-0.278259358644854,-58.079539089802005,14.616876591965976,40.7552380952381,8.546432059179931,0.0,medium,medium,0.0,0,1,0
2016-06-01,57.5,14.0,0.0,0.0,57.42857142857143,0.0,0.0,0.0,0.0,0.0,0.0,0.0,0.0,0.0,0.0,0.0,0.0,1.0,0.0,0.0,0.0,0.0,0.0,0.0,0.0,0.0,0.0,0.0,0.0,0.0,0.0,0.0,0.0,0.0,0.0,0.0,0.0,8.0,0.0,0.0,0.0,0.0,0.0,5951.875,5951.875,0.0,0.0,0.0,0.0,1.0,0.0,0.0,0.0,0.0,0.0,0.0,0.0,0.0,0.0,0.0,0.0,0.0,0.0,0.0,0.0,0.0,0.0,0.0,0.0,0.0,0.0,0.0,0.0,0.0,0.0,0.0,0.0,-0.2945871024408138,48.75727272727273,0,1,0,0.0,0.0,0.0,0.0,0.0,0.0,0.0,1.0,0.3333333333333333,0.5773502691896257,1.0,1.0,0.0,0.6666666666666666,0.5773502691896267,9.0,7.0,9.0,8.0,1.000000000000033,1.0,3.0,0.0,1.3333333333333333,1.5275252316519414,0.1111111111111111,0.42857142857142855,0.0,0.17989417989418,0.22241110642310763,0.07777777777777778,0.3,0.0,0.12592592592592597,0.1556877744961753,0.022222222222222223,0.05714285714285714,0.0,0.026455026455026464,0.02880562452659606,0.2,0.13333333333333333,0.0,0.11111111111111094,0.10183501544346585,0.19999999999999998,0.1571428571428571,0.0,0.11904761904761889,0.10530163994045824,0.0,-0.14285714285714285,0.0,-0.047619047619047616,0.08247860988423263,0.0,-0.3333333333333333,0.0,-0.1111111111111111,0.19245008972987587,0.0,-0.38095238095238093,0.0,-0.12698412698412712,0.2199429596912846,0.0,0.2857142857142857,0.0,0.09523809523809539,0.1649572197684665,0.0,0.6666666666666666,0.0,0.2222222222222219,0.38490017945972016,0.0,0.7619047619047619,0.0,0.25396825396825423,0.4398859193825664,0.0,0.0,0.0,0.0,0.0,0.0,0.0,0.0,0.0,0.0,0.0,0.14285714285714285,0.0,0.04761904761904765,0.08247860988423275,0.0,0.3333333333333333,0.0,0.1111111111111111,0.19245008972987737,0.0,57.5,0.0,57.53333333333333,0.0577350269047852,-59.164848030550424,-0.7214056719103343,159.25657107226846,4.377622662771907,46.712380952380954,14.616876591965976,-0.17391304347826875,medium,medium,0.0,0,1,0
2016-07-01,57.4,22.0,0.0,0.0,64.45454545454545,0.0,0.0,0.0,0.0,0.0,0.0,0.0,0.0,0.0,0.0,0.0,0.0,1.0,0.0,0.0,0.0,0.0,0.0,0.0,0.0,0.0,0.0,0.0,0.0,0.0,0.0,0.0,0.0,0.0,0.0,0.0,0.0,15.0,0.13999999999999999,-0.06666666666666667,0.2,0.2,3.0,5960.333333333333,5256.133333333333,0.0,0.0,0.0,0.0,1.0,2.0999999999999996,3.0,0.0,0.0,3.0,0.0,0.0,0.0,0.0,0.0,0.0,0.0,0.0,0.0,0.0,0.0,0.0,0.2,-0.3333333333333333,0.0,0.0,-0.33333333333333337,0.0,0.0,0.0,0.0,1.0,-0.1752591360876275,44.6515,0,0,1,0.0,0.0,0.0,0.0,0.0,1.0,0.0,0.0,0.3333333333333333,0.5773502691896257,0.0,1.0,1.0,0.6666666666666666,0.5773502691896267,8.0,9.0,7.0,10.666666666666666,3.785938897200192,0.0,1.0,3.0,1.3333333333333333,1.5275252316519414,0.0,0.1111111111111111,0.42857142857142855,0.10370370370370384,0.10020555006273019,0.0,0.07777777777777778,0.3,0.07259259259259263,0.07014388504391073,0.0,0.022222222222222223,0.05714285714285714,-0.014814814814814807,0.0462592444325812,0.0,0.2,0.13333333333333333,-0.04444444444444463,0.2694301256218263,0.0,0.19999999999999998,0.1571428571428571,-0.04444444444444461,0.2694301256218258,0.0,0.0,-0.14285714285714285,0.0,0.0,0.0,0.0,-0.3333333333333333,0.0,0.0,0.0,0.0,-0.38095238095238093,0.0,0.0,0.0,0.0,0.2857142857142857,0.0,0.0,0.0,0.0,0.6666666666666666,0.0,0.0,0.0,0.0,0.7619047619047619,0.0,0.0,0.0,0.0,0.0,0.0,0.0,0.0,0.0,0.0,0.0,0.0,0.0,0.0,0.14285714285714285,0.0,0.0,0.0,0.0,0.3333333333333333,0.0,0.0,-0.17391304347826875,57.5,0.0,57.5,0.0,-40.506853614598,-0.2945871024408138,-59.164848030550424,-8.42084164600153,48.75727272727273,4.377622662771907,0.0,medium,medium,0.0,0,1,0
2016-08-01,57.4,23.0,0.0,0.0,64.52173913043478,0.0,0.0,0.0,0.0,0.0,0.0,0.0,0.0,0.0,0.0,0.0,0.0,1.0,0.0,0.0,0.0,0.0,0.0,0.0,0.0,0.0,0.0,0.0,0.0,0.0,0.0,0.0,0.0,0.0,0.0,0.0,0.0,16.0,0.0875,-0.05,0.125,0.125,2.0,5869.125,5526.875,0.0,0.0,0.0,0.0,1.0,1.4,2.0,0.0,0.0,2.0,0.0,0.0,0.0,0.0,0.0,0.0,0.0,0.0,0.0,0.0,0.0,0.0,0.125,-0.4,0.0,0.0,-0.39999999999999997,0.0,0.0,0.0,0.0,1.0,0.08568612223489515,44.72434782608696,0,0,1,0.0,0.0,0.0,0.0,0.0,0.0,1.0,0.0,0.3333333333333333,0.5773502691896257,1.0,0.0,1.0,0.6666666666666666,0.5773502691896267,15.0,8.0,9.0,13.0,4.358898943540682,3.0,0.0,1.0,1.6666666666666667,1.527525231651942,0.2,0.0,0.1111111111111111,0.10833333333333346,0.10103629710818372,0.13999999999999999,0.0,0.07777777777777778,0.07583333333333336,0.07072540797572821,-0.06666666666666667,0.0,0.022222222222222223,-0.03888888888888888,0.034694433324436086,-0.3333333333333333,0.0,0.2,-0.24444444444444466,0.21430335024428884,-0.33333333333333337,0.0,0.19999999999999998,-0.2444444444444446,0.2143033502442884,0.0,0.0,0.0,0.0,0.0,0.0,0.0,0.0,0.0,0.0,0.0,0.0,0.0,0.0,0.0,0.0,0.0,0.0,0.0,0.0,0.0,0.0,0.0,0.0,0.0,0.0,0.0,0.0,0.0,0.0,0.0,0.0,0.0,0.0,0.0,0.0,0.0,0.0,0.0,0.0,0.0,0.0,0.0,0.0,0.0,0.0,0.0,0.0,0.0,0.0,0.0,57.4,-0.17391304347826875,57.46666666666667,0.05773502690466931,-148.8911015697653,-0.1752591360876275,-40.506853614598,0.16314754507007478,44.6515,-8.42084164600153,-0.5226480836236891,low,medium,0.0,0,1,0
2016-09-01,57.1,11.0,0.0,0.0,62.36363636363637,0.0,0.0,0.0,0.0,0.0,0.0,0.0,0.0,0.0,0.0,0.0,0.0,1.0,0.0,0.0,0.0,0.0,0.0,0.0,0.0,0.0,0.0,0.0,0.0,0.0,0.0,0.0,0.0,0.0,0.0,0.0,0.0,7.0,0.0,0.0,0.0,0.0,0.0,9479.714285714286,5928.428571428572,0.0,0.0,0.0,0.0,1.0,0.0,0.0,0.0,0.0,0.0,0.0,0.0,0.0,0.0,0.0,0.0,0.0,0.0,0.0,0.0,0.0,0.0,0.0,0.0,0.0,0.0,0.0,0.0,0.0,0.0,0.0,0.0,-0.29785511089497096,45.18238095238095,0,1,0,0.0,0.0,0.0,0.0,0.0,0.0,0.0,1.0,0.3333333333333333,0.5773502691896257,1.0,1.0,0.0,0.6666666666666666,0.5773502691896267,16.0,15.0,8.0,12.666666666666666,4.932882862316255,2.0,3.0,0.0,1.6666666666666667,1.5275252316519423,0.125,0.2,0.0,0.10833333333333346,0.10103629710818374,0.0875,0.13999999999999999,0.0,0.07583333333333336,0.07072540797572821,-0.05,-0.06666666666666667,0.0,-0.03888888888888888,0.034694433324436086,-0.4,-0.3333333333333333,0.0,-0.24444444444444466,0.21430335024428884,-0.39999999999999997,-0.33333333333333337,0.0,-0.2444444444444446,0.2143033502442884,0.0,0.0,0.0,0.0,0.0,0.0,0.0,0.0,0.0,0.0,0.0,0.0,0.0,0.0,0.0,0.0,0.0,0.0,0.0,0.0,0.0,0.0,0.0,0.0,0.0,0.0,0.0,0.0,0.0,0.0,0.0,0.0,0.0,0.0,0.0,0.0,0.0,0.0,0.0,0.0,0.0,0.0,0.0,0.0,0.0,0.0,0.0,0.0,0.0,0.0,-0.5226480836236891,57.4,0.0,57.43333333333334,0.05773502690461034,-447.61184556636556,0.08568612223489515,-148.8911015697653,1.0241247744407156,44.72434782608696,0.16314754507007478,-0.350262697022774,low,low,-1.0,1,0,0
2016-10-01,56.9,21.0,0.0,0.0,62.904761904761905,0.0,0.0,0.0,0.0,0.0,0.0,0.0,0.0,0.0,0.0,0.0,0.0,1.0,0.0,0.0,0.0,0.0,0.0,0.0,0.0,0.0,0.0,0.0,0.0,0.0,0.0,0.0,0.0,0.0,0.0,0.0,0.0,11.0,0.0,0.0,0.0,0.0,0.0,5143.727272727273,5143.727272727273,0.0,0.0,0.0,0.0,1.0,0.0,0.0,0.0,0.0,0.0,0.0,0.0,0.0,0.0,0.0,0.0,0.0,0.0,0.0,0.0,0.0,0.0,0.0,0.0,0.0,0.0,0.0,0.0,0.0,0.0,0.0,0.0,-0.06566746101718687,49.775238095238095,0,1,0,0.0,0.0,0.0,0.0,0.0,1.0,0.0,0.0,0.6666666666666666,0.5773502691896258,0.0,1.0,1.0,0.3333333333333333,0.5773502691896267,7.0,16.0,15.0,11.333333333333334,4.509249752822902,0.0,2.0,3.0,0.6666666666666666,1.1547005383792432,0.0,0.125,0.2,0.041666666666666796,0.07216878364870209,0.0,0.0875,0.13999999999999999,0.029166666666666702,0.0505181485540905,0.0,-0.05,-0.06666666666666667,-0.01666666666666666,0.028867513459482033,0.0,-0.4,-0.3333333333333333,-0.13333333333333353,0.2309401076758513,0.0,-0.39999999999999997,-0.33333333333333337,-0.13333333333333347,0.23094010767585077,0.0,0.0,0.0,0.0,0.0,0.0,0.0,0.0,0.0,0.0,0.0,0.0,0.0,0.0,0.0,0.0,0.0,0.0,0.0,0.0,0.0,0.0,0.0,0.0,0.0,0.0,0.0,0.0,0.0,0.0,0.0,0.0,0.0,0.0,0.0,0.0,0.0,0.0,0.0,0.0,0.0,0.0,0.0,0.0,0.0,0.0,0.0,0.0,0.0,0.0,-0.350262697022774,57.1,-0.5226480836236891,57.300000000000004,0.17320508075202515,-77.95322000019587,-0.29785511089497096,-447.61184556636556,10.165150764625896,45.18238095238095,1.0241247744407156,0.0,medium,low,-1.0,1,0,0
2016-11-01,56.9,24.0,0.0,0.0,63.708333333333336,0.0,0.0,0.0,0.0,0.0,0.0,0.0,0.0,0.0,0.0,0.0,0.0,1.0,0.0,0.0,0.0,0.0,0.0,0.0,0.0,0.0,0.0,0.0,0.0,0.0,0.0,0.0,0.0,0.0,0.0,0.0,0.0,15.0,0.04666666666666666,-0.03333333333333333,0.06666666666666667,0.06666666666666667,1.0,6003.666666666667,6003.666666666667,0.06666666666666667,0.2,0.06666666666666667,0.0,0.9333333333333333,0.7,1.0,1.0,0.0,0.0,0.0,0.0,1.0,1.0,0.0,0.0,0.0,0.0,0.0,0.0,0.0,0.0,0.06666666666666667,-0.5,1.0,3.0,-0.5,1.0,2.9999999999999996,1.0,0.0,0.0,-0.3178411809007641,45.66095238095238,0,0,1,0.0,0.0,0.0,0.0,0.0,1.0,1.0,0.0,0.6666666666666666,0.5773502691896258,0.0,0.0,1.0,0.3333333333333333,0.5773502691896267,11.0,7.0,16.0,11.0,4.000000000000009,0.0,0.0,2.0,0.3333333333333333,0.5773502691896075,0.0,0.0,0.125,0.02222222222222235,0.03849001794597292,0.0,0.0,0.0875,0.015555555555555592,0.026943012562179,0.0,0.0,-0.05,-0.011111111111111101,0.019245008972988673,0.0,0.0,-0.4,-0.16666666666666685,0.28867513459481364,0.0,0.0,-0.39999999999999997,-0.16666666666666682,0.28867513459481325,0.0,0.0,0.0,0.022222222222222223,0.03849001794597605,0.0,0.0,0.0,0.3333333333333333,0.5773502691896258,0.0,0.0,0.0,0.3333333333333332,0.5773502691896247,0.0,0.0,0.0,0.06666666666666682,0.11547005383792817,0.0,0.0,0.0,0.9999999999999997,1.7320508075688728,0.0,0.0,0.0,1.0000000000000002,1.7320508075688754,0.0,0.0,0.0,0.022222222222222202,0.03849001794597493,0.0,0.0,0.0,0.3333333333333333,0.5773502691896257,0.0,0.0,0.0,0.0,0.0,0.0,0.0,0.0,0.0,0.0,0.0,56.9,-0.350262697022774,57.13333333333333,0.25166114783894755,384.0162478911386,-0.06566746101718687,-77.95322000019587,-8.26572784325731,49.775238095238095,10.165150764625896,0.0,medium,medium,0.0,0,1,0
2016-12-01,56.9,20.0,0.0,0.0,61.2,0.0,0.0,0.0,0.0,0.0,0.0,0.0,0.0,0.0,0.0,0.0,0.0,1.0,0.0,0.0,0.0,0.0,0.0,0.0,0.0,0.0,0.0,0.0,0.0,0.0,0.0,0.0,0.0,0.0,0.0,0.0,0.0,15.0,0.0,0.0,0.0,0.0,0.0,7254.8,6979.266666666666,0.0,0.0,0.0,0.0,1.0,0.0,0.0,0.0,0.0,0.0,0.0,0.0,0.0,0.0,0.0,0.0,0.0,0.0,0.0,0.0,0.0,0.0,0.0,0.0,0.0,0.0,0.0,0.0,0.0,0.0,0.0,0.0,-0.23198829891039227,51.9704761904762,0,1,0,0.0,0.0,0.0,0.0,0.0,0.0,1.0,1.0,0.6666666666666666,0.5773502691896258,1.0,0.0,0.0,0.3333333333333333,0.5773502691896267,15.0,11.0,7.0,13.666666666666666,2.3094010767585185,1.0,0.0,0.0,0.3333333333333333,0.5773502691896075,0.06666666666666667,0.0,0.0,0.02222222222222235,0.03849001794597291,0.04666666666666666,0.0,0.0,0.015555555555555592,0.026943012562179,-0.03333333333333333,0.0,0.0,-0.011111111111111101,0.019245008972988677,-0.5,0.0,0.0,-0.16666666666666685,0.28867513459481364,-0.5,0.0,0.0,-0.16666666666666682,0.28867513459481325,0.06666666666666667,0.0,0.0,0.022222222222222223,0.038490017945976056,1.0,0.0,0.0,0.3333333333333333,0.5773502691896258,1.0,0.0,0.0,0.3333333333333332,0.5773502691896247,0.2,0.0,0.0,0.06666666666666682,0.11547005383792817,3.0,0.0,0.0,0.9999999999999997,1.7320508075688728,2.9999999999999996,0.0,0.0,1.0000000000000002,1.7320508075688752,0.06666666666666667,0.0,0.0,0.022222222222222202,0.03849001794597493,1.0,0.0,0.0,0.3333333333333333,0.5773502691896257,0.0,0.0,0.0,0.0,0.0,0.0,0.0,0.0,0.0,0.0,0.0,56.9,0.0,56.96666666666666,0.11547005383035155,-27.011251892238807,-0.3178411809007641,384.0162478911386,13.818204572000692,45.66095238095238,-8.26572784325731,0.8787346221441172,high,medium,0.0,0,1,0
2017-01-01,57.4,17.0,0.0,0.0,63.470588235294116,0.0,0.0,0.0,0.0,0.0,0.0,0.0,0.0,0.0,0.0,0.0,0.0,1.0,0.0,0.0,0.0,0.0,0.0,0.0,0.0,0.0,0.0,0.0,0.0,0.0,0.0,0.0,0.0,0.0,0.0,0.0,0.0,5.0,0.0,0.0,0.0,0.0,0.0,8949.4,8076.2,0.0,0.0,0.0,0.0,1.0,0.0,0.0,0.0,0.0,0.0,0.0,0.0,0.0,0.0,0.0,0.0,0.0,0.0,0.0,0.0,0.0,0.0,0.0,0.0,0.0,0.0,0.0,0.0,0.0,0.0,0.0,0.0,0.16016375577923955,52.504,0,1,0,0.0,0.0,0.0,0.0,0.0,1.0,0.0,1.0,0.6666666666666666,0.5773502691896258,0.0,1.0,0.0,0.3333333333333333,0.5773502691896267,15.0,15.0,11.0,11.666666666666666,5.7735026918962635,0.0,1.0,0.0,0.3333333333333333,0.5773502691896075,0.0,0.06666666666666667,0.0,0.02222222222222235,0.03849001794597291,0.0,0.04666666666666666,0.0,0.015555555555555592,0.026943012562179,0.0,-0.03333333333333333,0.0,-0.011111111111111101,0.019245008972988677,0.0,-0.5,0.0,-0.16666666666666685,0.28867513459481364,0.0,-0.5,0.0,-0.16666666666666682,0.2886751345948133,0.0,0.06666666666666667,0.0,0.022222222222222223,0.038490017945976056,0.0,1.0,0.0,0.3333333333333333,0.5773502691896258,0.0,1.0,0.0,0.3333333333333332,0.5773502691896247,0.0,0.2,0.0,0.06666666666666682,0.11547005383792817,0.0,3.0,0.0,0.9999999999999997,1.7320508075688728,0.0,2.9999999999999996,0.0,1.0000000000000002,1.7320508075688752,0.0,0.06666666666666667,0.0,0.022222222222222202,0.03849001794597493,0.0,1.0,0.0,0.3333333333333333,0.5773502691896257,0.0,0.0,0.0,0.0,0.0,0.0,0.0,0.0,0.0,0.0,0.8787346221441172,56.9,0.0,56.9,0.0,-169.03958369085862,-0.23198829891039227,-27.011251892238807,1.026590188568588,51.9704761904762,13.818204572000692,-0.17421602787456303,medium,high,1.0,0,0,1
2017-02-01,57.3,14.0,0.0,0.0,72.07142857142857,0.0,0.0,0.0,0.0,0.0,0.0,0.0,0.0,0.0,0.0,0.0,0.0,1.0,0.0,0.0,0.0,0.0,0.0,0.0,0.0,0.0,0.0,0.0,0.0,0.0,0.0,0.0,0.0,0.0,0.0,0.0,0.0,10.0,0.08,-0.02,0.1,0.1,1.0,5492.0,5492.0,0.0,0.0,0.0,0.0,1.0,0.8,1.0,0.0,0.0,1.0,0.0,0.0,0.0,0.0,0.0,0.0,0.0,0.0,0.0,0.0,0.0,0.0,0.1,-0.2,0.0,0.0,-0.20000000000000004,0.0,0.0,0.0,0.0,1.0,0.14452687321225527,53.46842105263158,0,0,1,0.0,0.0,0.0,0.0,0.0,1.0,1.0,0.0,0.6666666666666666,0.5773502691896258,0.0,0.0,1.0,0.3333333333333333,0.5773502691896267,5.0,15.0,15.0,10.0,5.000000000000006,0.0,0.0,1.0,0.3333333333333333,0.5773502691896075,0.0,0.0,0.06666666666666667,0.033333333333333465,0.05773502691896116,0.0,0.0,0.04666666666666666,0.026666666666666703,0.04618802153516812,0.0,0.0,-0.03333333333333333,-0.0066666666666666576,0.011547005383794485,0.0,0.0,-0.5,-0.06666666666666686,0.11547005383792724,0.0,0.0,-0.5,-0.06666666666666683,0.11547005383792619,0.0,0.0,0.06666666666666667,0.0,0.0,0.0,0.0,1.0,0.0,0.0,0.0,0.0,1.0,0.0,0.0,0.0,0.0,0.2,0.0,0.0,0.0,0.0,3.0,0.0,0.0,0.0,0.0,2.9999999999999996,0.0,0.0,0.0,0.0,0.06666666666666667,0.0,0.0,0.0,0.0,1.0,0.0,0.0,0.0,0.0,0.0,0.0,0.0,0.0,0.0,0.0,0.0,0.0,-0.17421602787456303,57.4,0.8787346221441172,57.06666666666666,0.28867513459182115,-9.76305937064641,0.16016375577923955,-169.03958369085862,1.8368525305340055,52.504,1.026590188568588,0.0,medium,medium,0.0,0,1,0
2017-03-01,57.3,18.0,0.0,0.0,68.44444444444444,0.0,0.0,0.0,0.0,0.0,0.0,0.0,0.0,0.0,0.0,0.0,0.0,1.0,0.0,0.0,0.0,0.0,0.0,0.0,0.0,0.0,0.0,0.0,0.0,0.0,0.0,0.0,0.0,0.0,0.0,0.0,0.0,5.0,0.0,0.0,0.0,0.0,0.0,4056.4,4056.4,0.0,0.0,0.0,0.0,1.0,0.0,0.0,0.0,0.0,0.0,0.0,0.0,0.0,0.0,0.0,0.0,0.0,0.0,0.0,0.0,0.0,0.0,0.0,0.0,0.0,0.0,0.0,0.0,0.0,0.0,0.0,0.0,0.0739615128927107,49.32782608695652,0,1,0,0.0,0.0,0.0,0.0,0.0,0.0,1.0,1.0,0.6666666666666666,0.5773502691896258,1.0,0.0,0.0,0.3333333333333333,0.5773502691896267,10.0,5.0,15.0,6.666666666666667,2.88675134594814,1.0,0.0,0.0,0.3333333333333333,0.5773502691896075,0.1,0.0,0.0,0.033333333333333465,0.05773502691896116,0.08,0.0,0.0,0.026666666666666703,0.04618802153516812,-0.02,0.0,0.0,-0.0066666666666666576,0.011547005383794485,-0.2,0.0,0.0,-0.06666666666666686,0.11547005383792724,-0.20000000000000004,0.0,0.0,-0.06666666666666683,0.11547005383792619,0.0,0.0,0.0,0.0,0.0,0.0,0.0,0.0,0.0,0.0,0.0,0.0,0.0,0.0,0.0,0.0,0.0,0.0,0.0,0.0,0.0,0.0,0.0,0.0,0.0,0.0,0.0,0.0,0.0,0.0,0.0,0.0,0.0,0.0,0.0,0.0,0.0,0.0,0.0,0.0,0.0,0.0,0.0,0.0,0.0,0.0,0.0,0.0,0.0,0.0,0.0,57.3,-0.17421602787456303,57.199999999999996,0.26457513110324915,-48.8250792057964,0.14452687321225527,-9.76305937064641,-7.7440008217173,53.46842105263158,1.8368525305340055,0.523560209424101,high,medium,0.0,0,1,0
2017-04-01,57.6,11.0,0.0,0.0,67.72727272727273,0.0,0.0,0.0,0.0,0.0,0.0,0.0,0.0,0.0,0.0,0.0,0.0,1.0,0.0,0.0,0.0,0.0,0.0,0.0,0.0,0.0,0.0,0.0,0.0,0.0,0.0,0.0,0.0,0.0,0.0,0.0,0.0,7.0,0.08571428571428572,-0.028571428571428574,0.14285714285714285,0.14285714285714285,1.0,5198.714285714285,5198.714285714285,0.14285714285714285,0.2857142857142857,0.14285714285714285,0.0,0.8571428571428571,0.6,0.0,1.0,0.0,0.0,1.0,1.0,0.0,0.0,0.0,0.0,0.0,0.0,0.0,0.0,0.0,0.0,0.0,-0.2,1.0,2.0,-0.2,1.0,2.0,1.0,0.0,0.0,0.006075919116702517,51.060526315789474,0,0,1,0.0,0.0,0.0,0.0,0.0,1.0,0.0,1.0,0.3333333333333333,0.5773502691896257,0.0,1.0,0.0,0.6666666666666666,0.5773502691896267,5.0,10.0,5.0,7.333333333333333,2.516611478423596,0.0,1.0,0.0,0.6666666666666666,0.5773502691896093,0.0,0.1,0.0,0.08095238095238108,0.07330859199209724,0.0,0.08,0.0,0.055238095238095274,0.04792284047774747,0.0,-0.02,0.0,-0.016190476190476182,0.014661718398421137,0.0,-0.2,0.0,-0.13333333333333353,0.11547005383792713,0.0,-0.20000000000000004,0.0,-0.1333333333333335,0.11547005383792618,0.0,0.0,0.0,0.047619047619047616,0.08247860988423275,0.0,0.0,0.0,0.3333333333333333,0.5773502691896258,0.0,0.0,0.0,0.3333333333333332,0.5773502691896247,0.0,0.0,0.0,0.09523809523809539,0.1649572197684665,0.0,0.0,0.0,0.6666666666666664,1.1547005383792432,0.0,0.0,0.0,0.666666666666667,1.154700538379249,0.0,0.0,0.0,0.047619047619047596,0.08247860988423221,0.0,0.0,0.0,0.3333333333333333,0.5773502691896257,0.0,0.0,0.0,0.0,0.0,0.0,0.0,0.0,0.0,0.0,0.523560209424101,57.3,0.0,57.333333333333336,0.05773502690450932,-91.7850259154159,0.0739615128927107,-48.8250792057964,3.512622319456171,49.32782608695652,-7.7440008217173,-0.17361111111111605,medium,high,1.0,0,0,1
2017-05-01,57.5,8.0,0.0,0.0,68.75,0.0,0.0,0.0,0.0,0.0,0.0,0.0,0.0,0.0,0.0,0.0,0.0,1.0,0.0,0.0,0.0,0.0,0.0,0.0,0.0,0.0,0.0,0.0,0.0,0.0,0.0,0.0,0.0,0.0,0.0,0.0,0.0,5.0,0.0,0.0,0.0,0.0,0.0,5571.8,5571.8,0.0,0.0,0.0,0.0,1.0,0.0,0.0,0.0,0.0,0.0,0.0,0.0,0.0,0.0,0.0,0.0,0.0,0.0,0.0,0.0,0.0,0.0,0.0,0.0,0.0,0.0,0.0,0.0,0.0,0.0,0.0,0.0,-0.15179844947089458,48.47636363636364,0,1,0,0.0,0.0,0.0,0.0,0.0,0.0,1.0,0.0,0.6666666666666666,0.5773502691896258,1.0,0.0,1.0,0.3333333333333333,0.5773502691896267,7.0,5.0,10.0,5.666666666666667,1.154700538379279,1.0,0.0,1.0,0.3333333333333333,0.5773502691896075,0.14285714285714285,0.0,0.1,0.04761904761904775,0.08247860988423127,0.08571428571428572,0.0,0.08,0.02857142857142861,0.04948716593053756,-0.028571428571428574,0.0,-0.02,-0.009523809523809516,0.01649572197684781,-0.2,0.0,-0.2,-0.06666666666666686,0.11547005383792726,-0.2,0.0,-0.20000000000000004,-0.06666666666666682,0.11547005383792618,0.14285714285714285,0.0,0.0,0.047619047619047616,0.08247860988423275,1.0,0.0,0.0,0.3333333333333333,0.5773502691896258,1.0,0.0,0.0,0.3333333333333332,0.5773502691896247,0.2857142857142857,0.0,0.0,0.09523809523809539,0.1649572197684665,2.0,0.0,0.0,0.6666666666666664,1.1547005383792432,2.0,0.0,0.0,0.666666666666667,1.154700538379249,0.14285714285714285,0.0,0.0,0.047619047619047596,0.08247860988423221,1.0,0.0,0.0,0.3333333333333333,0.5773502691896257,0.0,0.0,0.0,0.0,0.0,0.0,0.0,0.0,0.0,0.0,-0.17361111111111605,57.6,0.523560209424101,57.4,0.1732050807521173,-2598.3619194930566,0.006075919116702517,-91.7850259154159,-5.060979323722203,51.060526315789474,3.512622319456171,-0.17391304347826875,medium,medium,0.0,0,1,0
2017-06-01,57.4,10.0,0.0,0.0,65.7,0.0,0.0,0.0,0.0,0.0,0.0,0.0,0.0,0.0,0.0,0.0,0.0,1.0,0.0,0.0,0.0,0.0,0.0,0.0,0.0,0.0,0.0,0.0,0.0,0.0,0.0,0.0,0.0,0.0,0.0,0.0,0.0,4.0,0.0,0.0,0.0,0.0,0.0,6044.0,6044.0,0.0,0.0,0.0,0.0,1.0,0.0,0.0,0.0,0.0,0.0,0.0,0.0,0.0,0.0,0.0,0.0,0.0,0.0,0.0,0.0,0.0,0.0,0.0,0.0,0.0,0.0,0.0,0.0,0.0,0.0,0.0,0.0,0.083604222176526,45.177727272727275,0,1,0,0.0,0.0,0.0,0.0,0.0,1.0,0.0,1.0,0.6666666666666666,0.5773502691896258,0.0,1.0,0.0,0.3333333333333333,0.5773502691896267,5.0,7.0,5.0,5.333333333333333,1.5275252316519672,0.0,1.0,0.0,0.3333333333333333,0.5773502691896075,0.0,0.14285714285714285,0.0,0.04761904761904775,0.08247860988423127,0.0,0.08571428571428572,0.0,0.02857142857142861,0.04948716593053756,0.0,-0.028571428571428574,0.0,-0.009523809523809516,0.01649572197684781,0.0,-0.2,0.0,-0.06666666666666686,0.11547005383792726,0.0,-0.2,0.0,-0.06666666666666682,0.11547005383792618,0.0,0.14285714285714285,0.0,0.047619047619047616,0.08247860988423275,0.0,1.0,0.0,0.3333333333333333,0.5773502691896258,0.0,1.0,0.0,0.3333333333333332,0.5773502691896247,0.0,0.2857142857142857,0.0,0.09523809523809539,0.1649572197684665,0.0,2.0,0.0,0.6666666666666664,1.1547005383792432,0.0,2.0,0.0,0.666666666666667,1.154700538379249,0.0,0.14285714285714285,0.0,0.047619047619047596,0.08247860988423221,0.0,1.0,0.0,0.3333333333333333,0.5773502691896257,0.0,0.0,0.0,0.0,0.0,0.0,0.0,0.0,0.0,0.0,-0.17391304347826875,57.5,-0.17361111111111605,57.46666666666667,0.15275252315983587,-155.075807735807,-0.15179844947089458,-2598.3619194930566,-6.804628309954241,48.47636363636364,-5.060979323722203,-1.3937282229965153,low,medium,0.0,0,1,0
2017-07-01,56.6,14.0,0.0,0.0,62.42857142857143,0.0,0.0,0.0,0.0,0.0,0.0,0.0,0.0,0.0,0.0,0.0,0.0,1.0,0.0,0.0,0.0,0.0,0.0,0.0,0.0,0.0,0.0,0.0,0.0,0.0,0.0,0.0,0.0,0.0,0.0,0.0,0.0,10.0,0.06,-0.06999999999999999,0.1,0.1,1.0,6339.0,6339.0,0.1,0.3,0.1,0.0,0.9,0.6,0.0,1.0,0.0,0.0,0.0,0.0,1.0,1.0,0.0,0.0,0.0,0.0,0.0,0.0,0.0,0.0,0.0,-0.7,1.0,3.0,-0.7,1.0,3.0,1.0,0.0,0.0,0.08413962350063037,46.630526315789474,0,0,1,0.0,0.0,0.0,0.0,0.0,1.0,1.0,0.0,0.6666666666666666,0.5773502691896258,0.0,0.0,1.0,0.3333333333333333,0.5773502691896267,4.0,5.0,7.0,6.333333333333333,3.2145502536643282,0.0,0.0,1.0,0.3333333333333333,0.5773502691896075,0.0,0.0,0.14285714285714285,0.033333333333333465,0.05773502691896117,0.0,0.0,0.08571428571428572,0.020000000000000035,0.034641016151374875,0.0,0.0,-0.028571428571428574,-0.02333333333333332,0.04041451884327431,0.0,0.0,-0.2,-0.2333333333333335,0.4041451884327385,0.0,0.0,-0.2,-0.23333333333333348,0.40414518843273833,0.0,0.0,0.14285714285714285,0.03333333333333333,0.05773502691896326,0.0,0.0,1.0,0.3333333333333333,0.5773502691896258,0.0,0.0,1.0,0.3333333333333332,0.5773502691896247,0.0,0.0,0.2857142857142857,0.10000000000000014,0.1732050807568896,0.0,0.0,2.0,0.9999999999999997,1.732050807568873,0.0,0.0,2.0,1.0000000000000002,1.7320508075688754,0.0,0.0,0.14285714285714285,0.03333333333333332,0.057735026918962505,0.0,0.0,1.0,0.3333333333333333,0.5773502691896257,0.0,0.0,0.0,0.0,0.0,0.0,0.0,0.0,0.0,0.0,-1.3937282229965153,57.4,-0.17391304347826875,57.5,0.09999999999185,0.6403998627890983,0.083604222176526,-155.075807735807,3.2157417620678252,45.177727272727275,-6.804628309954241,-0.35335689045936647,low,low,-1.0,1,0,0
2017-08-01,56.4,17.0,0.0,0.0,66.94117647058823,0.0,0.0,0.0,0.0,0.0,0.0,0.0,0.0,0.0,0.0,0.0,0.0,1.0,0.0,0.0,0.0,0.0,0.0,0.0,0.0,0.0,0.0,0.0,0.0,0.0,0.0,0.0,0.0,0.0,0.0,0.0,0.0,11.0,0.07727272727272727,-0.018181818181818184,0.09090909090909091,0.09090909090909091,1.0,9730.09090909091,7818.272727272727,0.09090909090909091,0.18181818181818182,0.09090909090909091,0.0,0.9090909090909091,0.85,1.0,1.0,0.0,0.0,0.0,0.0,0.0,0.0,0.0,0.0,1.0,1.0,0.0,0.0,0.0,0.0,0.09090909090909091,-0.2,1.0,2.0,-0.2,1.0,2.0,1.0,0.0,0.0,0.38557978442029245,48.03695652173913,0,0,1,0.0,0.0,0.0,0.0,0.0,0.0,1.0,1.0,0.3333333333333333,0.5773502691896257,1.0,0.0,0.0,0.6666666666666666,0.5773502691896268,10.0,4.0,5.0,8.333333333333334,3.785938897200191,1.0,0.0,0.0,0.6666666666666666,0.5773502691896093,0.1,0.0,0.0,0.06363636363636377,0.0552978411845278,0.06,0.0,0.0,0.045757575757575795,0.04055741092904055,-0.06999999999999999,0.0,0.0,-0.029393939393939385,0.036321945798050426,-0.7,0.0,0.0,-0.3000000000000002,0.36055512754639946,-0.7,0.0,0.0,-0.3000000000000001,0.36055512754639923,0.1,0.0,0.0,0.06363636363636364,0.055297841184530044,1.0,0.0,0.0,0.6666666666666666,0.5773502691896256,1.0,0.0,0.0,0.6666666666666665,0.5773502691896244,0.3,0.0,0.0,0.16060606060606075,0.15112069866414352,3.0,0.0,0.0,1.6666666666666663,1.527525231651944,3.0,0.0,0.0,1.666666666666667,1.5275252316519443,0.1,0.0,0.0,0.06363636363636362,0.05529784118452923,1.0,0.0,0.0,0.6666666666666666,0.5773502691896255,0.0,0.0,0.0,0.0,0.0,0.0,0.0,0.0,0.0,0.0,-0.35335689045936647,56.6,-1.3937282229965153,57.166666666666664,0.49328828622989085,358.26183714430783,0.08413962350063037,0.6403998627890983,3.0161148009033356,46.630526315789474,3.2157417620678252,-0.7092198581560294,low,low,-1.0,1,0,0
2017-09-01,56.0,17.0,0.0,0.0,68.88235294117646,0.0,0.0,0.0,0.0,0.0,0.0,0.0,0.0,0.0,0.0,0.0,0.0,1.0,0.0,0.0,0.0,0.0,0.0,0.0,0.0,0.0,0.0,0.0,0.0,0.0,0.0,0.0,0.0,0.0,0.0,0.0,0.0,7.0,0.2285714285714286,-0.04285714285714286,0.14285714285714285,0.2857142857142857,2.0,6456.428571428572,6312.428571428572,0.14285714285714285,0.42857142857142855,0.14285714285714285,0.0,0.8571428571428571,1.6,2.0,1.0,0.0,1.0,0.0,0.0,1.0,1.0,0.0,0.0,0.0,0.0,0.0,0.0,0.0,0.0,0.2857142857142857,-0.15,0.5,1.5,-0.15,0.5,1.5000000000000002,0.5,0.0,0.5,0.5456421662809159,49.822,0,0,1,0.0,0.0,0.0,0.0,0.0,0.0,0.0,1.0,0.0,0.0,1.0,1.0,0.0,1.0,0.0,11.0,10.0,4.0,9.333333333333334,2.0816659994661477,1.0,1.0,0.0,1.3333333333333333,0.5773502691896126,0.09090909090909091,0.1,0.0,0.158874458874459,0.10994051760653382,0.07727272727272727,0.06,0.0,0.12194805194805199,0.09274155006677016,-0.018181818181818184,-0.06999999999999999,0.0,-0.04367965367965367,0.025918880854995135,-0.2,-0.7,0.0,-0.35000000000000014,0.30413812651491157,-0.2,-0.7,0.0,-0.35000000000000014,0.30413812651491134,0.09090909090909091,0.1,0.0,0.11125541125541126,0.027742805142879814,1.0,1.0,0.0,0.8333333333333334,0.2886751345948125,1.0,1.0,0.0,0.8333333333333331,0.2886751345948099,0.18181818181818182,0.3,0.0,0.3034632034632036,0.12341307276576585,2.0,3.0,0.0,2.1666666666666665,0.7637626158259716,2.0,3.0,0.0,2.166666666666667,0.7637626158259679,0.09090909090909091,0.1,0.0,0.11125541125541123,0.027742805142878173,1.0,1.0,0.0,0.8333333333333334,0.2886751345948123,0.0,0.0,0.0,0.0,0.0,0.0,0.0,0.0,0.0,0.0,-0.7092198581560294,56.4,-0.35335689045936647,56.800000000000004,0.5291502622112186,41.51213012924742,0.38557978442029245,358.26183714430783,3.7159795447345934,48.03695652173913,3.0161148009033356,0.0,medium,low,-1.0,1,0,0
2017-10-01,56.0,19.0,0.0,0.0,67.42105263157895,0.0,0.0,0.0,0.0,0.0,0.0,0.0,0.0,0.0,0.0,0.0,0.0,1.0,0.0,0.0,0.0,0.0,0.0,0.0,0.0,0.0,0.0,0.0,0.0,0.0,0.0,0.0,0.0,0.0,0.0,0.0,0.0,14.0,0.0,0.0,0.0,0.0,0.0,6051.0,5940.214285714285,0.0,0.0,0.0,0.0,1.0,0.0,0.0,0.0,0.0,0.0,0.0,0.0,0.0,0.0,0.0,0.0,0.0,0.0,0.0,0.0,0.0,0.0,0.0,0.0,0.0,0.0,0.0,0.0,0.0,0.0,0.0,0.0,0.7863660346513252,51.57772727272727,0,1,0,0.0,0.0,0.0,0.0,0.0,0.0,0.0,0.0,0.3333333333333333,0.5773502691896257,1.0,1.0,1.0,0.6666666666666666,0.5773502691896268,7.0,11.0,10.0,10.666666666666666,3.5118845842842554,2.0,1.0,1.0,1.0,0.9999999999999915,0.2857142857142857,0.09090909090909091,0.1,0.12554112554112565,0.14597156103971687,0.2285714285714286,0.07727272727272727,0.06,0.101948051948052,0.11626641056500511,-0.04285714285714286,-0.018181818181818184,-0.06999999999999999,-0.020346320346320338,0.021510403894035343,-0.15,-0.2,-0.7,-0.11666666666666685,0.10408329997330894,-0.15,-0.2,-0.7,-0.11666666666666681,0.10408329997330779,0.14285714285714285,0.09090909090909091,0.1,0.07792207792207792,0.0723086280887022,0.5,1.0,1.0,0.5,0.49999999999999994,0.5,1.0,1.0,0.49999999999999983,0.4999999999999987,0.42857142857142855,0.18181818181818182,0.3,0.20346320346320357,0.2151040389403448,1.5,2.0,3.0,1.1666666666666663,1.0408329997330599,1.5000000000000002,2.0,3.0,1.166666666666667,1.0408329997330634,0.14285714285714285,0.09090909090909091,0.1,0.0779220779220779,0.07230862808870157,0.5,1.0,1.0,0.5,0.49999999999999983,0.0,0.0,0.0,0.0,0.0,0.0,0.0,0.0,0.0,0.0,0.0,56.0,-0.7092198581560294,56.333333333333336,0.3055050463272616,44.11753402622409,0.5456421662809159,41.51213012924742,3.5239999854025816,49.822,3.7159795447345934,0.0,medium,medium,0.0,0,1,0
2017-11-01,56.0,13.0,0.0,0.0,64.0,0.0,0.0,0.0,0.0,0.0,0.0,0.0,0.0,0.0,0.0,0.0,0.0,1.0,0.0,0.0,0.0,0.0,0.0,0.0,0.0,0.0,0.0,0.0,0.0,0.0,0.0,0.0,0.0,0.0,0.0,0.0,0.0,7.0,0.08571428571428572,-0.07142857142857142,0.14285714285714285,0.14285714285714285,1.0,9255.714285714286,7976.142857142857,0.0,0.0,0.0,0.0,1.0,0.6,0.0,0.0,0.0,1.0,0.0,0.0,0.0,0.0,0.0,0.0,0.0,0.0,0.0,0.0,0.0,0.0,0.0,-0.5,0.0,0.0,-0.5,0.0,0.0,0.0,0.0,1.0,0.8046970749456354,56.63857142857143,0,0,1,0.0,0.0,0.0,0.0,0.0,1.0,0.0,0.0,0.3333333333333333,0.5773502691896257,0.0,1.0,1.0,0.6666666666666666,0.5773502691896268,14.0,7.0,11.0,9.333333333333334,4.0414518843273886,0.0,2.0,1.0,1.0,0.9999999999999915,0.0,0.2857142857142857,0.09090909090909091,0.142857142857143,0.1428571428571423,0.0,0.2285714285714286,0.07727272727272727,0.10476190476190479,0.11547005383792473,0.0,-0.04285714285714286,-0.018181818181818184,-0.038095238095238085,0.03595159254890885,0.0,-0.15,-0.2,-0.21666666666666687,0.25658007197234506,0.0,-0.15,-0.2,-0.21666666666666679,0.25658007197234467,0.0,0.14285714285714285,0.09090909090909091,0.047619047619047616,0.08247860988423275,0.0,0.5,1.0,0.16666666666666666,0.2886751345948132,0.0,0.5,1.0,0.16666666666666652,0.2886751345948115,0.0,0.42857142857142855,0.18181818181818182,0.142857142857143,0.2474358296526979,0.0,1.5,2.0,0.4999999999999997,0.8660254037844265,0.0,1.5000000000000002,2.0,0.5000000000000003,0.866025403784436,0.0,0.14285714285714285,0.09090909090909091,0.047619047619047596,0.08247860988423221,0.0,0.5,1.0,0.16666666666666666,0.288675134594813,0.0,0.0,0.0,0.0,0.0,0.0,0.0,0.0,0.0,0.0,0.0,56.0,0.0,56.13333333333333,0.2309401076716031,2.3311078412024955,0.7863660346513252,44.11753402622409,9.812072814073325,51.57772727272727,3.5239999854025816,0.0,medium,medium,0.0,0,1,0
2017-12-01,56.0,18.0,0.0,0.0,63.05555555555556,0.0,0.0,0.0,0.0,0.0,0.0,0.0,0.0,0.0,0.0,0.0,0.0,1.0,0.0,0.0,0.0,0.0,0.0,0.0,0.0,0.0,0.0,0.0,0.0,0.0,0.0,0.0,0.0,0.0,0.0,0.0,0.0,12.0,0.0,0.0,0.0,0.0,0.0,5624.416666666667,5624.416666666667,0.0,0.0,0.0,0.0,1.0,0.0,0.0,0.0,0.0,0.0,0.0,0.0,0.0,0.0,0.0,0.0,0.0,0.0,0.0,0.0,0.0,0.0,0.0,0.0,0.0,0.0,0.0,0.0,0.0,0.0,0.0,0.0,0.6792776013735117,57.8815,0,1,0,0.0,0.0,0.0,0.0,0.0,0.0,1.0,0.0,0.6666666666666666,0.5773502691896258,1.0,0.0,1.0,0.3333333333333333,0.5773502691896266,7.0,14.0,7.0,11.0,3.605551275463998,1.0,0.0,2.0,0.3333333333333333,0.577350269189608,0.14285714285714285,0.0,0.2857142857142857,0.04761904761904775,0.08247860988423122,0.08571428571428572,0.0,0.2285714285714286,0.02857142857142861,0.049487165930537494,-0.07142857142857142,0.0,-0.04285714285714286,-0.023809523809523798,0.041239304942116625,-0.5,0.0,-0.15,-0.16666666666666685,0.28867513459481364,-0.5,0.0,-0.15,-0.16666666666666682,0.2886751345948133,0.0,0.0,0.14285714285714285,0.0,0.0,0.0,0.0,0.5,0.0,0.0,0.0,0.0,0.5,0.0,0.0,0.0,0.0,0.42857142857142855,0.0,0.0,0.0,0.0,1.5,0.0,0.0,0.0,0.0,1.5000000000000002,0.0,0.0,0.0,0.0,0.14285714285714285,0.0,0.0,0.0,0.0,0.5,0.0,0.0,0.0,0.0,0.0,0.0,0.0,0.0,0.0,0.0,0.0,0.0,0.0,56.0,0.0,56.0,0.0,-15.58592388080905,0.8046970749456354,2.3311078412024955,2.1944913864857307,56.63857142857143,9.812072814073325,0.17857142857142794,high,medium,0.0,0,1,0
2018-01-01,56.1,19.0,0.0,0.0,65.57894736842105,0.0,0.0,0.0,0.0,0.0,0.0,0.0,0.0,0.0,0.0,0.0,0.0,1.0,0.0,0.0,0.0,0.0,0.0,0.0,0.0,0.0,0.0,0.0,0.0,0.0,0.0,0.0,0.0,0.0,0.0,0.0,0.0,10.0,0.0,0.0,0.0,0.0,0.0,4227.6,4227.6,0.0,0.0,0.0,0.0,1.0,0.0,0.0,0.0,0.0,0.0,0.0,0.0,0.0,0.0,0.0,0.0,0.0,0.0,0.0,0.0,0.0,0.0,0.0,0.0,0.0,0.0,0.0,0.0,0.0,0.0,0.0,0.0,0.5798150064957962,63.698571428571434,0,1,0,0.0,0.0,0.0,0.0,0.0,1.0,0.0,1.0,0.6666666666666666,0.5773502691896258,0.0,1.0,0.0,0.3333333333333333,0.5773502691896266,12.0,7.0,14.0,9.666666666666666,2.5166114784235956,0.0,1.0,0.0,0.3333333333333333,0.577350269189608,0.0,0.14285714285714285,0.0,0.04761904761904775,0.08247860988423122,0.0,0.08571428571428572,0.0,0.02857142857142861,0.049487165930537494,0.0,-0.07142857142857142,0.0,-0.023809523809523798,0.041239304942116625,0.0,-0.5,0.0,-0.16666666666666685,0.28867513459481364,0.0,-0.5,0.0,-0.16666666666666682,0.2886751345948133,0.0,0.0,0.0,0.0,0.0,0.0,0.0,0.0,0.0,0.0,0.0,0.0,0.0,0.0,0.0,0.0,0.0,0.0,0.0,0.0,0.0,0.0,0.0,0.0,0.0,0.0,0.0,0.0,0.0,0.0,0.0,0.0,0.0,0.0,0.0,0.0,0.0,0.0,0.0,0.0,0.0,0.0,0.0,0.0,0.0,0.0,0.0,0.0,0.0,0.0,0.17857142857142794,56.0,0.0,56.0,0.0,-14.642407563064097,0.6792776013735117,-15.58592388080905,10.049966618991268,57.8815,2.1944913864857307,0.35650623885916666,high,high,1.0,0,0,1
2018-02-01,56.3,10.0,0.0,0.0,53.3,0.0,0.0,0.0,0.0,0.0,0.0,0.0,0.0,0.0,0.0,0.0,0.0,1.0,0.0,0.0,0.0,0.0,0.0,0.0,0.0,0.0,0.0,0.0,0.0,0.0,0.0,0.0,0.0,0.0,0.0,0.0,0.0,7.0,0.0,0.0,0.0,0.0,0.0,12425.285714285714,7538.142857142857,0.0,0.0,0.0,0.0,1.0,0.0,0.0,0.0,0.0,0.0,0.0,0.0,0.0,0.0,0.0,0.0,0.0,0.0,0.0,0.0,0.0,0.0,0.0,0.0,0.0,0.0,0.0,0.0,0.0,0.0,0.0,0.0,0.05782115642943494,62.22947368421052,0,1,0,0.0,0.0,0.0,0.0,0.0,1.0,1.0,0.0,1.0,0.0,0.0,0.0,1.0,0.0,0.0,10.0,12.0,7.0,9.666666666666666,2.5166114784235956,0.0,0.0,1.0,0.0,0.0,0.0,0.0,0.14285714285714285,0.0,0.0,0.0,0.0,0.08571428571428572,0.0,0.0,0.0,0.0,-0.07142857142857142,0.0,0.0,0.0,0.0,-0.5,0.0,0.0,0.0,0.0,-0.5,0.0,0.0,0.0,0.0,0.0,0.0,0.0,0.0,0.0,0.0,0.0,0.0,0.0,0.0,0.0,0.0,0.0,0.0,0.0,0.0,0.0,0.0,0.0,0.0,0.0,0.0,0.0,0.0,0.0,0.0,0.0,0.0,0.0,0.0,0.0,0.0,0.0,0.0,0.0,0.0,0.0,0.0,0.0,0.0,0.0,0.0,0.0,0.0,0.0,0.0,0.0,0.0,0.35650623885916666,56.1,0.17857142857142794,56.03333333333333,0.05773502690175737,-90.02765437567987,0.5798150064957962,-14.642407563064097,-2.306327616794812,63.698571428571434,10.049966618991268,0.0,medium,high,1.0,0,0,1
2018-03-01,56.3,14.0,0.0,0.0,69.57142857142857,0.0,0.0,0.0,0.0,0.0,0.0,0.0,0.0,0.0,0.0,0.0,0.0,1.0,0.0,0.0,0.0,0.0,0.0,0.0,0.0,0.0,0.0,0.0,0.0,0.0,0.0,0.0,0.0,0.0,0.0,0.0,0.0,11.0,0.07727272727272727,-0.05454545454545454,0.09090909090909091,0.09090909090909091,1.0,5478.272727272727,5478.272727272727,0.09090909090909091,0.2727272727272727,0.09090909090909091,0.0,0.9090909090909091,0.85,1.0,1.0,0.0,0.0,0.0,0.0,1.0,1.0,0.0,0.0,0.0,0.0,0.0,0.0,0.0,0.0,0.09090909090909091,-0.6,1.0,3.0,-0.6,1.0,3.0,1.0,0.0,0.0,0.432940427749301,62.724761904761905,0,0,1,0.0,0.0,0.0,0.0,0.0,1.0,1.0,1.0,0.6666666666666666,0.5773502691896258,0.0,0.0,0.0,0.3333333333333333,0.5773502691896266,7.0,10.0,12.0,9.333333333333334,2.0816659994661473,0.0,0.0,0.0,0.3333333333333333,0.577350269189608,0.0,0.0,0.0,0.030303030303030432,0.05248638810814616,0.0,0.0,0.0,0.025757575757575795,0.04461342989192353,0.0,0.0,0.0,-0.01818181818181817,0.03149183286488936,0.0,0.0,0.0,-0.20000000000000018,0.34641016151377607,0.0,0.0,0.0,-0.2000000000000001,0.34641016151377585,0.0,0.0,0.0,0.030303030303030304,0.05248638810814857,0.0,0.0,0.0,0.3333333333333333,0.5773502691896258,0.0,0.0,0.0,0.3333333333333332,0.577350269189625,0.0,0.0,0.0,0.09090909090909105,0.1574591643244454,0.0,0.0,0.0,0.9999999999999997,1.7320508075688728,0.0,0.0,0.0,1.0000000000000002,1.7320508075688759,0.0,0.0,0.0,0.030303030303030287,0.05248638810814771,0.0,0.0,0.0,0.3333333333333333,0.5773502691896257,0.0,0.0,0.0,0.0,0.0,0.0,0.0,0.0,0.0,0.0,0.0,56.3,0.35650623885916666,56.13333333333333,0.15275252315877477,648.7578154505824,0.05782115642943494,-90.02765437567987,0.7959061699039482,62.22947368421052,-2.306327616794812,0.1776198934280604,high,medium,0.0,0,1,0
2018-04-01,56.4,12.0,0.0,0.0,66.75,0.0,0.0,0.0,0.0,0.0,0.0,0.0,0.0,0.0,0.0,0.0,0.0,1.0,0.0,0.0,0.0,0.0,0.0,0.0,0.0,0.0,0.0,0.0,0.0,0.0,0.0,0.0,0.0,0.0,0.0,0.0,0.0,9.0,0.16666666666666666,-0.12222222222222223,0.2222222222222222,0.2222222222222222,2.0,5181.777777777777,5181.777777777777,0.2222222222222222,0.7777777777777778,0.2222222222222222,0.0,0.7777777777777778,1.5,2.0,2.0,0.0,0.0,0.0,0.0,2.0,2.0,0.0,0.0,0.0,0.0,0.0,0.0,0.0,0.0,0.2222222222222222,-0.55,1.0,3.5,-0.5533333333333333,1.0,3.533333333333333,1.0,0.0,0.0,0.5111970487550115,66.25380952380952,0,0,1,0.0,0.0,0.0,0.0,0.0,0.0,1.0,1.0,0.3333333333333333,0.5773502691896257,1.0,0.0,0.0,0.6666666666666666,0.5773502691896268,11.0,7.0,10.0,9.0,2.000000000000015,1.0,0.0,0.0,1.0,0.9999999999999915,0.09090909090909091,0.0,0.0,0.1043771043771045,0.11172161631674712,0.07727272727272727,0.0,0.0,0.08131313131313135,0.08340676287359199,-0.05454545454545454,0.0,0.0,-0.05892255892255891,0.061228565092452156,-0.6,0.0,0.0,-0.3833333333333335,0.33291640592397015,-0.6,0.0,0.0,-0.3844444444444446,0.33375528848632924,0.09090909090909091,0.0,0.0,0.10437710437710439,0.11172161631674828,1.0,0.0,0.0,0.6666666666666666,0.5773502691896255,1.0,0.0,0.0,0.6666666666666665,0.5773502691896245,0.2727272727272727,0.0,0.0,0.35016835016835035,0.39462945690566625,3.0,0.0,0.0,2.1666666666666665,1.8929694486000905,3.0,0.0,0.0,2.177777777777778,1.904769841253305,0.09090909090909091,0.0,0.0,0.10437710437710435,0.11172161631674787,1.0,0.0,0.0,0.6666666666666666,0.5773502691896255,0.0,0.0,0.0,0.0,0.0,0.0,0.0,0.0,0.0,0.0,0.1776198934280604,56.3,0.0,56.23333333333333,0.11547005382954094,18.07560948108682,0.432940427749301,648.7578154505824,5.626243148448995,62.724761904761905,0.7959061699039482,-0.35460992907800915,low,high,1.0,0,0,1
2018-05-01,56.2,17.0,0.0,0.0,68.41176470588235,0.0,0.0,0.0,0.0,0.0,0.0,0.0,0.0,0.0,0.0,0.0,0.0,1.0,0.0,0.0,0.0,0.0,0.0,0.0,0.0,0.0,0.0,0.0,0.0,0.0,0.0,0.0,0.0,0.0,0.0,0.0,0.0,6.0,0.11666666666666665,-0.09999999999999999,0.16666666666666666,0.16666666666666666,1.0,4354.166666666667,4354.166666666667,0.16666666666666666,0.5,0.16666666666666666,0.0,0.8333333333333334,0.7,1.0,1.0,0.0,0.0,0.0,0.0,1.0,1.0,0.0,0.0,0.0,0.0,0.0,0.0,0.0,0.0,0.16666666666666666,-0.6,1.0,3.0,-0.6,1.0,2.9999999999999996,1.0,0.0,0.0,0.375299396565414,69.97818181818182,0,0,1,0.0,0.0,0.0,0.0,0.0,0.0,0.0,1.0,0.0,0.0,1.0,1.0,0.0,1.0,0.0,9.0,11.0,7.0,8.666666666666666,2.516611478423595,2.0,1.0,0.0,1.3333333333333333,0.5773502691896126,0.2222222222222222,0.09090909090909091,0.0,0.15993265993266007,0.06591505707222736,0.16666666666666666,0.07727272727272727,0.0,0.12020202020202024,0.04480170915887804,-0.12222222222222223,-0.05454545454545454,0.0,-0.09225589225589224,0.03449658859015022,-0.55,-0.6,0.0,-0.5833333333333335,0.02886751345948492,-0.5533333333333333,-0.6,0.0,-0.5844444444444447,0.026943012562187677,0.2222222222222222,0.09090909090909091,0.0,0.15993265993265993,0.06591505707222937,1.0,1.0,0.0,1.0,0.0,1.0,1.0,0.0,1.0,0.0,0.7777777777777778,0.2727272727272727,0.0,0.516835016835017,0.252945777799945,3.5,3.0,0.0,3.1666666666666665,0.2886751345948266,3.533333333333333,3.0,0.0,3.1777777777777776,0.30792014356778735,0.2222222222222222,0.09090909090909091,0.0,0.1599326599326599,0.0659150570722287,1.0,1.0,0.0,1.0,0.0,0.0,0.0,0.0,0.0,0.0,0.0,0.0,0.0,0.0,0.0,-0.35460992907800915,56.4,0.1776198934280604,56.333333333333336,0.0577350269024204,-26.584201243056416,0.5111970487550115,18.07560948108682,5.6213707877943,66.25380952380952,5.626243148448995,0.0,medium,low,-1.0,1,0,0
2018-06-01,56.2,17.0,0.0,0.0,66.23529411764706,0.0,0.0,0.0,0.0,0.0,0.0,0.0,0.0,0.0,0.0,0.0,0.0,1.0,0.0,0.0,0.0,0.0,0.0,0.0,0.0,0.0,0.0,0.0,0.0,0.0,0.0,0.0,0.0,0.0,0.0,0.0,0.0,11.0,0.0,0.0,0.0,0.0,0.0,7276.454545454545,5825.181818181818,0.0,0.0,0.0,0.0,1.0,0.0,0.0,0.0,0.0,0.0,0.0,0.0,0.0,0.0,0.0,0.0,0.0,0.0,0.0,0.0,0.0,0.0,0.0,0.0,0.0,0.0,0.0,0.0,0.0,0.0,0.0,0.0,0.42857576915045187,67.87333333333333,0,1,0,0.0,0.0,0.0,0.0,0.0,0.0,0.0,0.0,0.3333333333333333,0.5773502691896257,1.0,1.0,1.0,0.6666666666666666,0.5773502691896268,6.0,9.0,11.0,8.666666666666666,2.516611478423595,1.0,2.0,1.0,1.0,0.9999999999999915,0.16666666666666666,0.2222222222222222,0.09090909090909091,0.12962962962962976,0.11564811108145111,0.11666666666666665,0.16666666666666666,0.07727272727272727,0.09444444444444448,0.0855266906574474,-0.09999999999999999,-0.12222222222222223,-0.05454545454545454,-0.07407407407407407,0.06510516974535926,-0.6,-0.55,-0.6,-0.38333333333333347,0.33291640592397004,-0.6,-0.5533333333333333,-0.6,-0.3844444444444446,0.3337552884863293,0.16666666666666666,0.2222222222222222,0.09090909090909091,0.12962962962962962,0.11564811108145226,1.0,1.0,1.0,0.6666666666666666,0.5773502691896255,1.0,1.0,1.0,0.6666666666666665,0.5773502691896246,0.5,0.7777777777777778,0.2727272727272727,0.42592592592592604,0.39414438247764405,3.0,3.5,3.0,2.1666666666666665,1.8929694486000908,2.9999999999999996,3.533333333333333,3.0,2.1777777777777776,1.904769841253305,0.16666666666666666,0.2222222222222222,0.09090909090909091,0.12962962962962962,0.11564811108145186,1.0,1.0,1.0,0.6666666666666666,0.5773502691896255,0.0,0.0,0.0,0.0,0.0,0.0,0.0,0.0,0.0,0.0,0.0,56.2,-0.35460992907800915,56.29999999999999,0.09999999999040295,14.195698973300086,0.375299396565414,-26.584201243056416,-3.007863922954346,69.97818181818182,5.6213707877943,-0.5338078291814985,low,medium,0.0,0,1,0
2018-07-01,55.9,10.0,0.0,0.0,72.7,0.0,0.0,0.0,0.0,0.0,0.0,0.0,0.0,0.0,0.0,0.0,0.0,1.0,0.0,0.0,0.0,0.0,0.0,0.0,0.0,0.0,0.0,0.0,0.0,0.0,0.0,0.0,0.0,0.0,0.0,0.0,0.0,4.0,0.175,-0.15,0.25,0.25,1.0,12874.25,7616.0,0.25,0.75,0.25,0.0,0.75,0.7,1.0,1.0,0.0,0.0,0.0,0.0,1.0,1.0,0.0,0.0,0.0,0.0,0.0,0.0,0.0,0.0,0.25,-0.6,1.0,3.0,-0.6,1.0,2.9999999999999996,1.0,0.0,0.0,0.4410699053001991,70.98142857142857,0,0,1,0.0,0.0,0.0,0.0,0.0,1.0,0.0,0.0,0.3333333333333333,0.5773502691896257,0.0,1.0,1.0,0.6666666666666666,0.5773502691896268,11.0,6.0,9.0,7.0,3.6055512754639976,0.0,1.0,2.0,0.6666666666666666,0.5773502691896095,0.0,0.16666666666666666,0.2222222222222222,0.13888888888888903,0.12729376930432826,0.0,0.11666666666666665,0.16666666666666666,0.09722222222222225,0.0891056385130296,0.0,-0.09999999999999999,-0.12222222222222223,-0.08333333333333331,0.0763762615825975,0.0,-0.6,-0.55,-0.4000000000000002,0.3464101615137758,0.0,-0.6,-0.5533333333333333,-0.40000000000000013,0.34641016151377585,0.0,0.16666666666666666,0.2222222222222222,0.13888888888888887,0.12729376930432929,0.0,1.0,1.0,0.6666666666666666,0.5773502691896255,0.0,1.0,1.0,0.6666666666666665,0.5773502691896246,0.0,0.5,0.7777777777777778,0.4166666666666668,0.381881307912987,0.0,3.0,3.5,1.9999999999999998,1.7320508075688763,0.0,2.9999999999999996,3.533333333333333,2.0,1.7320508075688752,0.0,0.16666666666666666,0.2222222222222222,0.13888888888888887,0.12729376930432895,0.0,1.0,1.0,0.6666666666666666,0.5773502691896255,0.0,0.0,0.0,0.0,0.0,0.0,0.0,0.0,0.0,0.0,-0.5338078291814985,56.2,0.0,56.26666666666667,0.1154700538295753,2.915268909045854,0.42857576915045187,14.195698973300086,4.5792582822344,67.87333333333333,-3.007863922954346,-0.7155635062611743,low,low,-1.0,1,0,0
2018-08-01,55.5,17.0,0.0,0.0,67.05882352941177,0.0,0.0,0.0,0.0,0.0,0.0,0.0,0.0,0.0,0.0,0.0,0.0,1.0,0.0,0.0,0.0,0.0,0.0,0.0,0.0,0.0,0.0,0.0,0.0,0.0,0.0,0.0,0.0,0.0,0.0,0.0,0.0,11.0,0.13636363636363635,-0.11818181818181817,0.18181818181818182,0.18181818181818182,2.0,7183.363636363636,6297.0,0.18181818181818182,0.6363636363636364,0.18181818181818182,0.0,0.8181818181818182,1.5,2.0,2.0,0.0,0.0,0.0,0.0,2.0,2.0,0.0,0.0,0.0,0.0,0.0,0.0,0.0,0.0,0.18181818181818182,-0.6499999999999999,1.0,3.5,-0.6533333333333333,1.0,3.533333333333333,1.0,0.0,0.0,0.5256190112134366,68.05565217391305,0,0,1,0.0,0.0,0.0,0.0,0.0,0.0,1.0,0.0,0.3333333333333333,0.5773502691896257,1.0,0.0,1.0,0.6666666666666666,0.5773502691896268,4.0,11.0,6.0,8.666666666666666,4.0414518843273886,1.0,0.0,1.0,1.0,0.9999999999999915,0.25,0.0,0.16666666666666666,0.1439393939393941,0.1292327432517568,0.175,0.0,0.11666666666666665,0.10378787878787883,0.09193549361495697,-0.15,0.0,-0.09999999999999999,-0.08939393939393937,0.07903515973178789,-0.6,0.0,-0.6,-0.4166666666666668,0.36170890690351204,-0.6,0.0,-0.6,-0.41777777777777797,0.3627875615492007,0.25,0.0,0.16666666666666666,0.14393939393939395,0.12923274325175785,1.0,0.0,1.0,0.6666666666666666,0.5773502691896255,1.0,0.0,1.0,0.6666666666666665,0.5773502691896246,0.75,0.0,0.5,0.4621212121212122,0.40422186581679115,3.0,0.0,3.0,2.1666666666666665,1.8929694486000908,2.9999999999999996,0.0,2.9999999999999996,2.1777777777777776,1.904769841253305,0.25,0.0,0.16666666666666666,0.14393939393939392,0.1292327432517575,1.0,0.0,1.0,0.6666666666666666,0.5773502691896255,0.0,0.0,0.0,0.0,0.0,0.0,0.0,0.0,0.0,0.0,-0.7155635062611743,55.9,-0.5338078291814985,56.1,0.1732050807512015,19.169094263117326,0.4410699053001991,2.915268909045854,-4.121889987845639,70.98142857142857,4.5792582822344,0.7207207207207134,high,low,-1.0,1,0,0
2018-09-01,55.9,11.0,0.0,0.0,75.63636363636364,0.0,0.0,0.0,0.0,0.0,0.0,0.0,0.0,0.0,0.0,0.0,0.0,1.0,0.0,0.0,0.0,0.0,0.0,0.0,0.0,0.0,0.0,0.0,0.0,0.0,0.0,0.0,0.0,0.0,0.0,0.0,0.0,8.0,0.1,-0.0875,0.125,0.125,1.0,7496.25,6922.375,0.125,0.5,0.125,0.0,0.875,0.8,1.0,1.0,0.0,0.0,0.0,0.0,1.0,1.0,0.0,0.0,0.0,0.0,0.0,0.0,0.0,0.0,0.125,-0.7,1.0,4.0,-0.6999999999999998,1.0,4.0,1.0,0.0,0.0,0.46491204379526374,70.2321052631579,0,0,1,0.0,0.0,0.0,0.0,0.0,0.0,0.0,1.0,0.0,0.0,1.0,1.0,0.0,1.0,0.0,11.0,4.0,11.0,7.666666666666667,3.511884584284255,2.0,1.0,0.0,1.3333333333333333,0.5773502691896126,0.18181818181818182,0.25,0.0,0.18560606060606075,0.06258602894643168,0.13636363636363635,0.175,0.0,0.13712121212121217,0.03750573877117055,-0.11818181818181817,-0.15,0.0,-0.11856060606060603,0.03125172171565683,-0.6499999999999999,-0.6,0.0,-0.6500000000000001,0.050000000000001654,-0.6533333333333333,-0.6,0.0,-0.6511111111111112,0.05003702332977017,0.18181818181818182,0.25,0.0,0.18560606060606064,0.06258602894643384,1.0,1.0,0.0,1.0,0.0,1.0,1.0,0.0,1.0,0.0,0.6363636363636364,0.75,0.0,0.6287878787878789,0.12517205789286592,3.5,3.0,0.0,3.5,0.5000000000000109,3.533333333333333,2.9999999999999996,0.0,3.511111111111111,0.5003702332976672,0.18181818181818182,0.25,0.0,0.18560606060606058,0.06258602894643311,1.0,1.0,0.0,1.0,0.0,0.0,0.0,0.0,0.0,0.0,0.0,0.0,0.0,0.0,0.0,0.7207207207207134,55.5,-0.7155635062611743,55.86666666666667,0.3511884584255341,-11.549614097485861,0.5256190112134366,19.169094263117326,3.198048978625656,68.05565217391305,-4.121889987845639,-0.5366726296958779,low,high,1.0,0,0,1
2018-10-01,55.6,14.0,0.0,0.0,65.14285714285714,0.0,0.0,0.0,0.0,0.0,0.0,0.0,0.0,0.0,0.0,0.0,0.0,1.0,0.0,0.0,0.0,0.0,0.0,0.0,0.0,0.0,0.0,0.0,0.0,0.0,0.0,0.0,0.0,0.0,0.0,0.0,0.0,11.0,0.07272727272727274,-0.05454545454545454,0.09090909090909091,0.09090909090909091,1.0,4830.0,4830.0,0.09090909090909091,0.2727272727272727,0.09090909090909091,0.0,0.9090909090909091,0.8,1.0,1.0,0.0,0.0,0.0,0.0,0.0,0.0,0.0,0.0,1.0,1.0,0.0,0.0,0.0,0.0,0.09090909090909091,-0.6,1.0,3.0,-0.6,1.0,3.0000000000000004,1.0,0.0,0.0,0.5282675755716932,70.74869565217391,0,0,1,0.0,0.0,0.0,0.0,0.0,0.0,0.0,0.0,0.0,0.0,1.0,1.0,1.0,1.0,0.0,8.0,11.0,4.0,10.0,1.7320508075688954,1.0,2.0,1.0,1.3333333333333333,0.5773502691896126,0.125,0.18181818181818182,0.25,0.1325757575757577,0.04592558959462752,0.1,0.13636363636363635,0.175,0.10303030303030308,0.031926223493491564,-0.0875,-0.11818181818181817,-0.15,-0.08674242424242422,0.03182494516862913,-0.7,-0.6499999999999999,-0.6,-0.6500000000000002,0.050000000000001654,-0.6999999999999998,-0.6533333333333333,-0.6,-0.6511111111111112,0.05003702332977017,0.125,0.18181818181818182,0.25,0.13257575757575757,0.045925589594630466,1.0,1.0,1.0,1.0,0.0,1.0,1.0,1.0,1.0,0.0,0.5,0.6363636363636364,0.75,0.4696969696969699,0.1837023583785178,4.0,3.5,3.0,3.5,0.5000000000000109,4.0,3.533333333333333,2.9999999999999996,3.511111111111111,0.5003702332976668,0.125,0.18181818181818182,0.25,0.13257575757575757,0.04592558959462948,1.0,1.0,1.0,1.0,0.0,0.0,0.0,0.0,0.0,0.0,0.0,0.0,0.0,0.0,0.0,-0.5366726296958779,55.9,0.7207207207207134,55.76666666666667,0.23094010767139733,13.627423213051838,0.46491204379526374,-11.549614097485861,0.7355473498627862,70.2321052631579,3.198048978625656,0.0,medium,low,-1.0,1,0,0
2018-11-01,55.6,18.0,0.0,0.0,59.44444444444444,0.0,0.0,0.0,0.0,0.0,0.0,0.0,0.0,0.0,0.0,0.0,0.0,1.0,0.0,0.0,0.0,0.0,0.0,0.0,0.0,0.0,0.0,0.0,0.0,0.0,0.0,0.0,0.0,0.0,0.0,0.0,0.0,13.0,0.0,0.0,0.0,0.0,0.0,5307.615384615385,5307.615384615385,0.0,0.0,0.0,0.0,1.0,0.0,0.0,0.0,0.0,0.0,0.0,0.0,0.0,0.0,0.0,0.0,0.0,0.0,0.0,0.0,0.0,0.0,0.0,0.0,0.0,0.0,0.0,0.0,0.0,0.0,0.0,0.0,0.45436868140703707,56.963499999999996,0,1,0,0.0,0.0,0.0,0.0,0.0,0.0,0.0,0.0,0.3333333333333333,0.5773502691896257,1.0,1.0,1.0,0.6666666666666666,0.5773502691896268,11.0,8.0,11.0,10.666666666666666,2.516611478423596,1.0,1.0,2.0,0.6666666666666666,0.5773502691896093,0.09090909090909091,0.125,0.18181818181818182,0.07196969696969711,0.06461637162587741,0.07272727272727274,0.1,0.13636363636363635,0.057575757575757634,0.05169309730070152,-0.05454545454545454,-0.0875,-0.11818181818181817,-0.04734848484848483,0.04419173881637108,-0.6,-0.7,-0.6499999999999999,-0.43333333333333357,0.37859388972001856,-0.6,-0.6999999999999998,-0.6533333333333333,-0.4333333333333334,0.3785938897200185,0.09090909090909091,0.125,0.18181818181818182,0.07196969696969698,0.0646163716258795,1.0,1.0,1.0,0.6666666666666666,0.5773502691896255,1.0,1.0,1.0,0.6666666666666665,0.5773502691896246,0.2727272727272727,0.5,0.6363636363636364,0.25757575757575774,0.25034411578573285,3.0,4.0,3.5,2.333333333333333,2.081665999466133,3.0000000000000004,4.0,3.533333333333333,2.3333333333333335,2.0816659994661313,0.09090909090909091,0.125,0.18181818181818182,0.07196969696969696,0.06461637162587881,1.0,1.0,1.0,0.6666666666666666,0.5773502691896255,0.0,0.0,0.0,0.0,0.0,0.0,0.0,0.0,0.0,0.0,0.0,55.6,-0.5366726296958779,55.666666666666664,0.20816659994161302,-13.988913494204613,0.5282675755716932,13.627423213051838,-19.48473470090092,70.74869565217391,0.7355473498627862,0.0,medium,medium,0.0,0,1,0
2018-12-01,55.6,21.0,0.0,0.0,64.61904761904762,0.0,0.0,0.0,0.0,0.0,0.0,0.0,0.0,0.0,0.0,0.0,0.0,1.0,0.0,0.0,0.0,0.0,0.0,0.0,0.0,0.0,0.0,0.0,0.0,0.0,0.0,0.0,0.0,0.0,0.0,0.0,0.0,12.0,0.0,0.0,0.0,0.0,0.0,10786.666666666666,6880.166666666667,0.0,0.0,0.0,0.0,1.0,0.0,0.0,0.0,0.0,0.0,0.0,0.0,0.0,0.0,0.0,0.0,0.0,0.0,0.0,0.0,0.0,0.0,0.0,0.0,0.0,0.0,0.0,0.0,0.0,0.0,0.0,0.0,0.46137178297834314,49.522777777777776,0,1,0,0.0,0.0,0.0,0.0,0.0,1.0,0.0,0.0,0.6666666666666666,0.5773502691896258,0.0,1.0,1.0,0.3333333333333333,0.5773502691896266,13.0,11.0,8.0,12.0,1.0000000000000324,0.0,1.0,1.0,0.3333333333333333,0.5773502691896076,0.0,0.09090909090909091,0.125,0.030303030303030443,0.05248638810814619,0.0,0.07272727272727274,0.1,0.02424242424242429,0.04198911048651602,0.0,-0.05454545454545454,-0.0875,-0.018181818181818164,0.03149183286488931,0.0,-0.6,-0.7,-0.20000000000000018,0.34641016151377596,0.0,-0.6,-0.6999999999999998,-0.20000000000000015,0.34641016151377574,0.0,0.09090909090909091,0.125,0.030303030303030304,0.05248638810814877,0.0,1.0,1.0,0.3333333333333333,0.5773502691896258,0.0,1.0,1.0,0.3333333333333332,0.5773502691896251,0.0,0.2727272727272727,0.5,0.09090909090909105,0.15745916432444557,0.0,3.0,4.0,0.9999999999999997,1.732050807568874,0.0,3.0000000000000004,4.0,1.0000000000000002,1.732050807568876,0.0,0.09090909090909091,0.125,0.030303030303030293,0.05248638810814791,0.0,1.0,1.0,0.3333333333333333,0.5773502691896257,0.0,0.0,0.0,0.0,0.0,0.0,0.0,0.0,0.0,0.0,0.0,55.6,0.0,55.699999999999996,0.1732050807509005,1.541281751554635,0.45436868140703707,-13.988913494204613,-13.062263067090718,56.963499999999996,-19.48473470090092,-0.8992805755395739,low,medium,0.0,0,1,0
2019-01-01,55.1,24.0,0.0,0.0,69.125,0.0,0.0,0.0,0.0,0.0,0.0,0.0,0.0,0.0,0.0,0.0,0.0,1.0,0.0,0.0,0.0,0.0,0.0,0.0,0.0,0.0,0.0,0.0,0.0,0.0,0.0,0.0,0.0,0.0,0.0,0.0,0.0,5.0,0.25999999999999995,-0.04,0.2,0.4,2.0,6523.2,6523.2,-0.2,0.4,0.0,0.2,0.8,1.2999999999999998,1.0,0.0,1.0,1.0,0.0,0.0,0.0,0.0,1.0,1.0,0.0,0.0,0.0,0.0,0.0,0.0,0.2,-0.1,-0.5,1.0,-0.06923076923076923,-0.46153846153846156,0.9230769230769231,0.0,0.5,0.5,0.5134921535369111,51.37571428571429,0,0,1,0.0,0.0,0.0,0.0,0.0,1.0,1.0,0.0,0.6666666666666666,0.5773502691896258,0.0,0.0,1.0,0.3333333333333333,0.5773502691896266,12.0,13.0,11.0,10.0,4.358898943540681,0.0,0.0,1.0,0.6666666666666666,1.1547005383792435,0.0,0.0,0.09090909090909091,0.1333333333333335,0.23094010767584996,0.0,0.0,0.07272727272727274,0.08666666666666671,0.1501110699893023,0.0,0.0,-0.05454545454545454,-0.013333333333333315,0.02309401076758592,0.0,0.0,-0.6,-0.03333333333333352,0.05773502691896623,0.0,0.0,-0.6,-0.023076923076923227,0.039970403251591756,0.0,0.0,0.09090909090909091,-0.06666666666666667,0.1154700538379256,0.0,0.0,1.0,-0.16666666666666666,0.28867513459481364,0.0,0.0,1.0,-0.153846153846154,0.2664693550105962,0.0,0.0,0.2727272727272727,0.1333333333333335,0.23094010767585169,0.0,0.0,3.0,0.33333333333333304,0.5773502691896112,0.0,0.0,3.0000000000000004,0.3076923076923079,0.5329387100211891,0.0,0.0,0.09090909090909091,0.0,0.0,0.0,0.0,1.0,0.0,0.0,0.0,0.0,0.0,0.06666666666666671,0.11547005383792552,0.0,0.0,0.0,0.16666666666666666,0.28867513459481414,-0.8992805755395739,55.6,0.0,55.6,0.0,11.296826655091419,0.46137178297834314,1.541281751554635,3.7415843599305942,49.522777777777776,-13.062263067090718,0.0,medium,low,-1.0,1,0,0
2019-02-01,55.1,6.0,0.0,0.0,65.33333333333333,0.0,0.0,0.0,0.0,0.0,0.0,0.0,0.0,0.0,0.0,0.0,0.0,1.0,0.0,0.0,0.0,0.0,0.0,0.0,0.0,0.0,0.0,0.0,0.0,0.0,0.0,0.0,0.0,0.0,0.0,0.0,0.0,4.0,0.175,-0.125,0.25,0.25,1.0,12278.5,9410.75,0.25,0.75,0.25,0.0,0.75,0.7,1.0,1.0,0.0,0.0,0.0,0.0,0.0,0.0,0.0,0.0,1.0,1.0,0.0,0.0,0.0,0.0,0.25,-0.5,1.0,3.0,-0.5,1.0,2.9999999999999996,1.0,0.0,0.0,0.14293519327039697,54.95473684210527,0,0,1,0.0,0.0,0.0,0.0,0.0,0.0,1.0,1.0,0.3333333333333333,0.5773502691896257,1.0,0.0,0.0,0.6666666666666666,0.5773502691896268,5.0,12.0,13.0,7.0,4.358898943540681,2.0,0.0,0.0,1.0,0.9999999999999916,0.4,0.0,0.0,0.2166666666666668,0.2020725942163686,0.25999999999999995,0.0,0.0,0.14500000000000002,0.1325707358356283,-0.04,0.0,0.0,-0.054999999999999986,0.06383572667401877,-0.1,0.0,0.0,-0.20000000000000018,0.26457513110645975,-0.06923076923076923,0.0,0.0,-0.18974358974358987,0.2709105109274401,-0.2,0.0,0.0,0.016666666666666663,0.22546248764114496,-0.5,0.0,0.0,0.16666666666666666,0.7637626158259735,-0.46153846153846156,0.0,0.0,0.17948717948717932,0.7471180658632541,0.4,0.0,0.0,0.38333333333333347,0.37527767497325715,1.0,0.0,0.0,1.333333333333333,1.5275252316519439,0.9230769230769231,0.0,0.0,1.3076923076923077,1.5365372581106271,0.0,0.0,0.0,0.08333333333333333,0.1443375672974065,0.0,0.0,0.0,0.3333333333333333,0.5773502691896257,0.2,0.0,0.0,0.06666666666666671,0.11547005383792552,0.5,0.0,0.0,0.16666666666666666,0.28867513459481414,0.0,55.1,-0.8992805755395739,55.43333333333334,0.28867513459110833,-72.1640939815992,0.5134921535369111,11.296826655091419,6.96637040701189,51.37571428571429,3.7415843599305942,0.0,medium,medium,0.0,0,1,0
2019-03-01,55.1,12.0,0.0,0.0,69.75,0.0,0.0,0.0,0.0,0.0,0.0,0.0,0.0,0.0,0.0,0.0,0.0,1.0,0.0,0.0,0.0,0.0,0.0,0.0,0.0,0.0,0.0,0.0,0.0,0.0,0.0,0.0,0.0,0.0,0.0,0.0,0.0,6.0,0.0,0.0,0.0,0.0,0.0,5613.5,5613.5,0.0,0.0,0.0,0.0,1.0,0.0,0.0,0.0,0.0,0.0,0.0,0.0,0.0,0.0,0.0,0.0,0.0,0.0,0.0,0.0,0.0,0.0,0.0,0.0,0.0,0.0,0.0,0.0,0.0,0.0,0.0,0.0,0.21290441198430024,58.151428571428575,0,1,0,0.0,0.0,0.0,0.0,0.0,0.0,0.0,1.0,0.3333333333333333,0.5773502691896257,1.0,1.0,0.0,0.6666666666666666,0.5773502691896268,4.0,5.0,12.0,5.0,1.000000000000032,1.0,2.0,0.0,1.0,0.9999999999999916,0.25,0.4,0.0,0.2166666666666668,0.2020725942163686,0.175,0.25999999999999995,0.0,0.14500000000000002,0.1325707358356283,-0.125,-0.04,0.0,-0.054999999999999986,0.06383572667401877,-0.5,-0.1,0.0,-0.20000000000000018,0.26457513110645975,-0.5,-0.06923076923076923,0.0,-0.18974358974358987,0.2709105109274401,0.25,-0.2,0.0,0.016666666666666663,0.22546248764114496,1.0,-0.5,0.0,0.16666666666666666,0.7637626158259735,1.0,-0.46153846153846156,0.0,0.17948717948717932,0.7471180658632541,0.75,0.4,0.0,0.38333333333333347,0.37527767497325715,3.0,1.0,0.0,1.333333333333333,1.527525231651944,2.9999999999999996,0.9230769230769231,0.0,1.3076923076923077,1.5365372581106271,0.25,0.0,0.0,0.08333333333333333,0.1443375672974065,1.0,0.0,0.0,0.3333333333333333,0.5773502691896257,0.0,0.2,0.0,0.06666666666666671,0.11547005383792552,0.0,0.5,0.0,0.16666666666666666,0.28867513459481414,0.0,55.1,0.0,55.26666666666667,0.28867513459103805,48.95170819235493,0.14293519327039697,-72.1640939815992,5.8169539388532865,54.95473684210527,6.96637040701189,0.1814882032667997,high,medium,0.0,0,1,0
2019-04-01,55.2,13.0,0.0,0.0,65.07692307692308,0.0,0.0,0.0,0.0,0.0,0.0,0.0,0.0,0.0,0.0,0.0,0.0,1.0,0.0,0.0,0.0,0.0,0.0,0.0,0.0,0.0,0.0,0.0,0.0,0.0,0.0,0.0,0.0,0.0,0.0,0.0,0.0,8.0,0.0,0.0,0.0,0.0,0.0,6276.375,6276.375,0.0,0.0,0.0,0.0,1.0,0.0,0.0,0.0,0.0,0.0,0.0,0.0,0.0,0.0,0.0,0.0,0.0,0.0,0.0,0.0,0.0,0.0,0.0,0.0,0.0,0.0,0.0,0.0,0.0,0.0,0.0,0.0,0.013767561464390787,63.862380952380946,0,1,0,0.0,0.0,0.0,0.0,0.0,1.0,0.0,0.0,0.6666666666666666,0.5773502691896258,0.0,1.0,1.0,0.3333333333333333,0.5773502691896266,6.0,4.0,5.0,6.0,2.000000000000016,0.0,1.0,2.0,0.3333333333333333,0.5773502691896076,0.0,0.25,0.4,0.08333333333333348,0.14433756729740588,0.0,0.175,0.25999999999999995,0.05833333333333337,0.1010362971081838,0.0,-0.125,-0.04,-0.04166666666666665,0.07216878364870347,0.0,-0.5,-0.1,-0.16666666666666685,0.28867513459481353,0.0,-0.5,-0.06923076923076923,-0.16666666666666682,0.28867513459481325,0.0,0.25,-0.2,0.08333333333333333,0.14433756729740682,0.0,1.0,-0.5,0.3333333333333333,0.5773502691896258,0.0,1.0,-0.46153846153846156,0.3333333333333332,0.5773502691896251,0.0,0.75,0.4,0.25000000000000017,0.4330127018922199,0.0,3.0,1.0,0.9999999999999997,1.7320508075688743,0.0,2.9999999999999996,0.9230769230769231,1.0,1.7320508075688756,0.0,0.25,0.0,0.08333333333333333,0.1443375672974065,0.0,1.0,0.0,0.3333333333333333,0.5773502691896257,0.0,0.0,0.2,0.0,0.0,0.0,0.0,0.5,0.0,0.0,0.1814882032667997,55.1,0.0,55.1,0.0,-93.53345412804033,0.21290441198430024,48.95170819235493,9.820829034212796,58.151428571428575,5.8169539388532865,-0.18115942028985588,medium,high,1.0,0,0,1
2019-05-01,55.1,23.0,0.0,0.0,64.08695652173913,0.0,0.0,0.0,0.0,0.0,0.0,0.0,0.0,0.0,0.0,0.0,0.0,1.0,0.0,0.0,0.0,0.0,0.0,0.0,0.0,0.0,0.0,0.0,0.0,0.0,0.0,0.0,0.0,0.0,0.0,0.0,0.0,10.0,0.30999999999999994,-0.29500000000000004,0.4,0.4,4.0,9693.7,6675.2,0.2,1.4,0.3,0.1,0.6,3.0999999999999996,4.0,3.0,1.0,0.0,0.0,0.0,0.0,0.0,0.0,0.0,2.0,2.0,1.0,1.0,1.0,1.0,0.4,-0.7375,0.5,3.5,-0.7314516129032259,0.5483870967741936,3.548387096774194,0.75,0.25,0.0,-0.6233868236070488,60.82681818181818,0,0,1,0.0,0.0,0.0,0.0,0.0,1.0,1.0,0.0,0.6666666666666666,0.5773502691896258,0.0,0.0,1.0,0.3333333333333333,0.5773502691896266,8.0,6.0,4.0,8.0,2.000000000000016,0.0,0.0,1.0,1.3333333333333333,2.3094010767585,0.0,0.0,0.25,0.1333333333333335,0.23094010767584996,0.0,0.0,0.175,0.10333333333333335,0.1789785834487837,0.0,0.0,-0.125,-0.09833333333333333,0.1703183294109397,0.0,0.0,-0.5,-0.24583333333333354,0.4257958235273494,0.0,0.0,-0.5,-0.24381720430107545,0.42230378560886367,0.0,0.0,0.25,0.06666666666666667,0.11547005383792562,0.0,0.0,1.0,0.16666666666666666,0.2886751345948133,0.0,0.0,1.0,0.18279569892473105,0.3166114379426969,0.0,0.0,0.75,0.4666666666666668,0.8082903768654761,0.0,0.0,3.0,1.1666666666666663,2.020725942163688,0.0,0.0,2.9999999999999996,1.1827956989247312,2.0486622455115744,0.0,0.0,0.25,0.09999999999999998,0.17320508075688779,0.0,0.0,1.0,0.25,0.4330127018922194,0.0,0.0,0.0,0.033333333333333375,0.057735026918963275,0.0,0.0,0.0,0.08333333333333333,0.14433756729740946,-0.18115942028985588,55.2,0.1814882032667997,55.13333333333333,0.05773502689981028,-4627.9392811821635,0.013767561464390787,-93.53345412804033,-4.75328781247012,63.862380952380946,9.820829034212796,0.3629764065335772,high,medium,0.0,0,1,0
2019-06-01,55.3,15.0,0.0,0.0,69.2,0.0,0.0,0.0,0.0,0.0,0.0,0.0,0.0,0.0,0.0,0.0,0.0,1.0,0.0,0.0,0.0,0.0,0.0,0.0,0.0,0.0,0.0,0.0,0.0,0.0,0.0,0.0,0.0,0.0,0.0,0.0,0.0,9.0,0.08888888888888889,-0.022222222222222223,0.1111111111111111,0.1111111111111111,1.0,7121.333333333333,6520.333333333333,0.0,0.0,0.0,0.0,1.0,0.8,1.0,0.0,0.0,1.0,0.0,0.0,1.0,1.0,0.0,0.0,0.0,0.0,0.0,0.0,0.0,0.0,0.1111111111111111,-0.2,0.0,0.0,-0.20000000000000004,0.0,0.0,0.0,0.0,1.0,-0.47404503414701377,54.657500000000006,0,0,1,0.0,0.0,0.0,0.0,0.0,0.0,1.0,1.0,0.3333333333333333,0.5773502691896257,1.0,0.0,0.0,0.6666666666666666,0.5773502691896268,10.0,8.0,6.0,9.0,1.000000000000032,4.0,0.0,0.0,1.6666666666666667,2.0816659994661295,0.4,0.0,0.0,0.1703703703703705,0.2064794054039456,0.30999999999999994,0.0,0.0,0.13296296296296298,0.15963048895532192,-0.29500000000000004,0.0,0.0,-0.10574074074074073,0.16427950937851657,-0.7375,0.0,0.0,-0.3125000000000002,0.3814036575598094,-0.7314516129032259,0.0,0.0,-0.31048387096774216,0.37803489232172116,0.2,0.0,0.0,0.06666666666666667,0.11547005383792562,0.5,0.0,0.0,0.16666666666666666,0.2886751345948133,0.5483870967741936,0.0,0.0,0.18279569892473105,0.3166114379426969,1.4,0.0,0.0,0.4666666666666668,0.8082903768654761,3.5,0.0,0.0,1.1666666666666663,2.020725942163688,3.548387096774194,0.0,0.0,1.1827956989247312,2.0486622455115744,0.3,0.0,0.0,0.09999999999999999,0.17320508075688776,0.75,0.0,0.0,0.25,0.4330127018922194,0.1,0.0,0.0,0.033333333333333375,0.05773502691896327,0.25,0.0,0.0,0.08333333333333333,0.14433756729740946,0.3629764065335772,55.1,-0.18115942028985588,55.13333333333333,0.05773502689981028,-23.956520061799136,-0.6233868236070488,-4627.9392811821635,-10.14243119437448,60.82681818181818,-4.75328781247012,0.1808318264014508,high,high,1.0,0,0,1
2019-07-01,55.4,15.0,0.0,0.0,58.666666666666664,0.0,0.0,0.0,0.0,0.0,0.0,0.0,0.0,0.0,0.0,0.0,0.0,1.0,0.0,0.0,0.0,0.0,0.0,0.0,0.0,0.0,0.0,0.0,0.0,0.0,0.0,0.0,0.0,0.0,0.0,0.0,0.0,6.0,0.0,0.0,0.0,0.0,0.0,5855.333333333333,5855.333333333333,0.0,0.0,0.0,0.0,1.0,0.0,0.0,0.0,0.0,0.0,0.0,0.0,0.0,0.0,0.0,0.0,0.0,0.0,0.0,0.0,0.0,0.0,0.0,0.0,0.0,0.0,0.0,0.0,0.0,0.0,0.0,0.0,-0.45547791717228536,57.35809523809524,0,1,0,0.0,0.0,0.0,0.0,0.0,0.0,0.0,1.0,0.3333333333333333,0.5773502691896257,1.0,1.0,0.0,0.6666666666666666,0.5773502691896268,9.0,10.0,8.0,8.333333333333334,2.081665999466148,1.0,4.0,0.0,1.6666666666666667,2.0816659994661295,0.1111111111111111,0.4,0.0,0.1703703703703705,0.2064794054039456,0.08888888888888889,0.30999999999999994,0.0,0.13296296296296298,0.15963048895532192,-0.022222222222222223,-0.29500000000000004,0.0,-0.10574074074074073,0.16427950937851657,-0.2,-0.7375,0.0,-0.3125000000000002,0.3814036575598094,-0.20000000000000004,-0.7314516129032259,0.0,-0.31048387096774216,0.37803489232172116,0.0,0.2,0.0,0.06666666666666667,0.11547005383792562,0.0,0.5,0.0,0.16666666666666666,0.2886751345948133,0.0,0.5483870967741936,0.0,0.18279569892473105,0.3166114379426969,0.0,1.4,0.0,0.4666666666666668,0.8082903768654761,0.0,3.5,0.0,1.1666666666666663,2.020725942163688,0.0,3.548387096774194,0.0,1.1827956989247312,2.0486622455115744,0.0,0.3,0.0,0.09999999999999999,0.17320508075688776,0.0,0.75,0.0,0.25,0.4330127018922194,0.0,0.1,0.0,0.033333333333333375,0.05773502691896327,0.0,0.25,0.0,0.08333333333333333,0.14433756729740946,0.1808318264014508,55.3,0.3629764065335772,55.199999999999996,0.09999999998902241,-3.9167411611299108,-0.47404503414701377,-23.956520061799136,4.940941751992378,54.657500000000006,-10.14243119437448,0.18050541516245744,high,high,1.0,0,0,1
2019-08-01,55.5,8.0,0.0,0.0,57.5,0.0,0.0,0.0,0.0,0.0,0.0,0.0,0.0,0.0,0.0,0.0,0.0,1.0,0.0,0.0,0.0,0.0,0.0,0.0,0.0,0.0,0.0,0.0,0.0,0.0,0.0,0.0,0.0,0.0,0.0,0.0,0.0,5.0,0.13999999999999999,-0.12,0.2,0.2,1.0,7265.4,7265.4,0.2,0.6,0.2,0.0,0.8,0.7,1.0,1.0,0.0,0.0,0.0,0.0,0.0,0.0,0.0,0.0,0.0,0.0,1.0,1.0,0.0,0.0,0.2,-0.6,1.0,3.0,-0.6,1.0,2.9999999999999996,1.0,0.0,0.0,-0.29262739401777016,54.80590909090909,0,0,1,0.0,0.0,0.0,0.0,0.0,1.0,0.0,0.0,0.3333333333333333,0.5773502691896257,0.0,1.0,1.0,0.6666666666666666,0.5773502691896268,6.0,9.0,10.0,6.666666666666667,2.081665999466149,0.0,1.0,4.0,0.6666666666666666,0.57735026918961,0.0,0.1111111111111111,0.4,0.10370370370370385,0.10020555006273017,0.0,0.08888888888888889,0.30999999999999994,0.07629629629629632,0.0708444072679851,0.0,-0.022222222222222223,-0.29500000000000004,-0.04740740740740739,0.06384136718937876,0.0,-0.2,-0.7375,-0.26666666666666683,0.3055050463303899,0.0,-0.20000000000000004,-0.7314516129032259,-0.26666666666666683,0.3055050463303896,0.0,0.0,0.2,0.06666666666666667,0.11547005383792562,0.0,0.0,0.5,0.3333333333333333,0.5773502691896258,0.0,0.0,0.5483870967741936,0.3333333333333332,0.577350269189625,0.0,0.0,1.4,0.20000000000000015,0.34641016151377624,0.0,0.0,3.5,0.9999999999999997,1.7320508075688743,0.0,0.0,3.548387096774194,0.9999999999999999,1.7320508075688756,0.0,0.0,0.3,0.06666666666666667,0.1154700538379252,0.0,0.0,0.75,0.3333333333333333,0.5773502691896258,0.0,0.0,0.1,0.0,0.0,0.0,0.0,0.25,0.0,0.0,0.18050541516245744,55.4,0.1808318264014508,55.26666666666667,0.15275252315806287,-35.75376917623796,-0.45547791717228536,-3.9167411611299108,-4.449565726671967,57.35809523809524,4.940941751992378,0.18018018018017834,high,high,1.0,0,0,1
2019-09-01,55.6,12.0,0.0,0.0,71.58333333333333,0.0,0.0,0.0,0.0,0.0,0.0,0.0,0.0,0.0,0.0,0.0,0.0,1.0,0.0,0.0,0.0,0.0,0.0,0.0,0.0,0.0,0.0,0.0,0.0,0.0,0.0,0.0,0.0,0.0,0.0,0.0,0.0,10.0,0.06,-0.05,0.1,0.1,1.0,9324.0,5942.8,0.1,0.2,0.1,0.0,0.9,0.6,0.0,1.0,0.0,0.0,0.0,0.0,0.0,0.0,0.0,0.0,0.0,0.0,1.0,1.0,0.0,0.0,0.0,-0.5,1.0,2.0,-0.5,1.0,2.0,1.0,0.0,0.0,0.12583299773669981,56.947,0,0,1,0.0,0.0,0.0,0.0,0.0,0.0,1.0,0.0,0.3333333333333333,0.5773502691896257,1.0,0.0,1.0,0.6666666666666666,0.5773502691896268,5.0,6.0,9.0,7.0,2.645751311064603,1.0,0.0,1.0,0.6666666666666666,0.57735026918961,0.2,0.0,0.1111111111111111,0.10000000000000016,0.0999999999999992,0.13999999999999999,0.0,0.08888888888888889,0.0666666666666667,0.07023769168568399,-0.12,0.0,-0.022222222222222223,-0.05666666666666664,0.06027713773341734,-0.6,0.0,-0.2,-0.36666666666666686,0.32145502536643233,-0.6,0.0,-0.20000000000000004,-0.36666666666666686,0.32145502536643206,0.2,0.0,0.0,0.10000000000000002,0.10000000000000053,1.0,0.0,0.0,0.6666666666666666,0.5773502691896256,1.0,0.0,0.0,0.6666666666666665,0.5773502691896246,0.6,0.0,0.0,0.26666666666666683,0.30550504633039005,3.0,0.0,0.0,1.6666666666666663,1.527525231651945,2.9999999999999996,0.0,0.0,1.6666666666666667,1.5275252316519443,0.2,0.0,0.0,0.10000000000000002,0.10000000000000006,1.0,0.0,0.0,0.6666666666666666,0.5773502691896256,0.0,0.0,0.0,0.0,0.0,0.0,0.0,0.0,0.0,0.0,0.18018018018017834,55.5,0.18050541516245744,55.4,0.09999999998928293,-143.00109979760077,-0.29262739401777016,-35.75376917623796,3.9066789413882086,54.80590909090909,-4.449565726671967,-0.17985611510791255,medium,high,1.0,0,0,1
2019-10-01,55.5,21.0,0.0,0.0,64.9047619047619,0.0,0.0,0.0,0.0,0.0,0.0,0.0,0.0,0.0,0.0,0.0,0.0,1.0,0.0,0.0,0.0,0.0,0.0,0.0,0.0,0.0,0.0,0.0,0.0,0.0,0.0,0.0,0.0,0.0,0.0,0.0,0.0,13.0,0.0,0.0,0.0,0.0,0.0,6662.692307692308,6662.692307692308,0.0,0.0,0.0,0.0,1.0,0.0,0.0,0.0,0.0,0.0,0.0,0.0,0.0,0.0,0.0,0.0,0.0,0.0,0.0,0.0,0.0,0.0,0.0,0.0,0.0,0.0,0.0,0.0,0.0,0.0,0.0,0.0,0.08380318888225925,53.96304347826087,0,1,0,0.0,0.0,0.0,0.0,0.0,0.0,0.0,1.0,0.3333333333333333,0.5773502691896257,1.0,1.0,0.0,0.6666666666666666,0.5773502691896268,10.0,5.0,6.0,9.333333333333334,4.0414518843273886,1.0,1.0,0.0,0.6666666666666666,0.57735026918961,0.1,0.2,0.0,0.10000000000000016,0.09999999999999919,0.06,0.13999999999999999,0.0,0.0666666666666667,0.07023769168568399,-0.05,-0.12,0.0,-0.05666666666666664,0.06027713773341734,-0.5,-0.6,0.0,-0.36666666666666686,0.32145502536643233,-0.5,-0.6,0.0,-0.36666666666666686,0.32145502536643206,0.1,0.2,0.0,0.10000000000000002,0.10000000000000053,1.0,1.0,0.0,0.6666666666666666,0.5773502691896256,1.0,1.0,0.0,0.6666666666666665,0.5773502691896246,0.2,0.6,0.0,0.26666666666666683,0.30550504633039005,2.0,3.0,0.0,1.6666666666666663,1.5275252316519448,2.0,2.9999999999999996,0.0,1.6666666666666667,1.5275252316519445,0.1,0.2,0.0,0.10000000000000002,0.10000000000000006,1.0,1.0,0.0,0.6666666666666666,0.5773502691896255,0.0,0.0,0.0,0.0,0.0,0.0,0.0,0.0,0.0,0.0,-0.17985611510791255,55.6,0.18018018018017834,55.5,0.09999999998940906,-33.401261680490315,0.12583299773669981,-143.00109979760077,-5.239883614130914,56.947,3.9066789413882086,0.0,medium,medium,0.0,0,1,0
2019-11-01,55.5,17.0,0.0,0.0,63.411764705882355,0.0,0.0,0.0,0.0,0.0,0.0,0.0,0.0,0.0,0.0,0.0,0.0,1.0,0.0,0.0,0.0,0.0,0.0,0.0,0.0,0.0,0.0,0.0,0.0,0.0,0.0,0.0,0.0,0.0,0.0,0.0,0.0,14.0,0.0,0.0,0.0,0.0,0.0,7015.642857142857,7015.642857142857,0.0,0.0,0.0,0.0,1.0,0.0,0.0,0.0,0.0,0.0,0.0,0.0,0.0,0.0,0.0,0.0,0.0,0.0,0.0,0.0,0.0,0.0,0.0,0.0,0.0,0.0,0.0,0.0,0.0,0.0,0.0,0.0,0.14210760554335486,57.048947368421054,0,1,0,0.0,0.0,0.0,0.0,0.0,1.0,0.0,0.0,0.6666666666666666,0.5773502691896258,0.0,1.0,1.0,0.3333333333333333,0.5773502691896266,13.0,10.0,5.0,12.333333333333334,2.081665999466148,0.0,1.0,1.0,0.3333333333333333,0.5773502691896083,0.0,0.1,0.2,0.033333333333333486,0.05773502691896115,0.0,0.06,0.13999999999999999,0.020000000000000035,0.03464101615137503,0.0,-0.05,-0.12,-0.01666666666666665,0.028867513459481995,0.0,-0.5,-0.6,-0.16666666666666682,0.2886751345948135,0.0,-0.5,-0.6,-0.16666666666666682,0.28867513459481314,0.0,0.1,0.2,0.03333333333333333,0.057735026918963483,0.0,1.0,1.0,0.3333333333333333,0.5773502691896258,0.0,1.0,1.0,0.3333333333333332,0.5773502691896251,0.0,0.2,0.6,0.06666666666666682,0.11547005383792838,0.0,2.0,3.0,0.6666666666666664,1.1547005383792452,0.0,2.0,2.9999999999999996,0.6666666666666666,1.1547005383792501,0.0,0.1,0.2,0.03333333333333333,0.05773502691896267,0.0,1.0,1.0,0.3333333333333333,0.5773502691896256,0.0,0.0,0.0,0.0,0.0,0.0,0.0,0.0,0.0,0.0,0.0,55.5,-0.17985611510791255,55.53333333333333,0.05773502690069124,69.57302871017403,0.08380318888225925,-33.401261680490315,5.718550495402175,53.96304347826087,-5.239883614130914,0.18018018018017834,high,medium,0.0,0,1,0
2019-12-01,55.6,17.0,0.0,0.0,68.0,0.0,0.0,0.0,0.0,0.0,0.0,0.0,0.0,0.0,0.0,0.0,0.0,1.0,0.0,0.0,0.0,0.0,0.0,0.0,0.0,0.0,0.0,0.0,0.0,0.0,0.0,0.0,0.0,0.0,0.0,0.0,0.0,14.0,0.31428571428571433,-0.049999999999999996,0.21428571428571427,0.42857142857142855,6.0,6647.928571428572,5283.571428571428,0.42857142857142855,1.1428571428571428,0.42857142857142855,0.0,0.5714285714285714,4.4,6.0,6.0,0.0,0.0,0.0,0.0,4.0,4.0,0.0,0.0,1.0,1.0,1.0,1.0,0.0,0.0,0.42857142857142855,-0.11666666666666665,1.0,2.6666666666666665,-0.1386363636363636,1.0,2.6818181818181817,1.0,0.0,0.0,0.03642046324020268,59.81666666666667,0,0,1,0.0,0.0,0.0,0.0,0.0,1.0,1.0,0.0,0.6666666666666666,0.5773502691896258,0.0,0.0,1.0,0.3333333333333333,0.5773502691896266,14.0,13.0,10.0,13.666666666666666,0.5773502691896801,0.0,0.0,1.0,2.0,3.464101615137753,0.0,0.0,0.1,0.142857142857143,0.24743582965269642,0.0,0.0,0.06,0.10476190476190482,0.18145294174531074,0.0,0.0,-0.05,-0.016666666666666646,0.02886751345948199,0.0,0.0,-0.5,-0.038888888888889035,0.06735753140545879,0.0,0.0,-0.5,-0.04621212121212135,0.0800417418649264,0.0,0.0,0.1,0.14285714285714285,0.24743582965269695,0.0,0.0,1.0,0.3333333333333333,0.5773502691896258,0.0,0.0,1.0,0.3333333333333332,0.5773502691896251,0.0,0.0,0.2,0.3809523809523811,0.6598288790738581,0.0,0.0,2.0,0.8888888888888885,1.5396007178389979,0.0,0.0,2.0,0.8939393939393939,1.5483484491903587,0.0,0.0,0.1,0.14285714285714285,0.24743582965269675,0.0,0.0,1.0,0.3333333333333333,0.5773502691896256,0.0,0.0,0.0,0.0,0.0,0.0,0.0,0.0,0.0,0.0,0.18018018018017834,55.5,0.0,55.53333333333333,0.05773502690069124,-74.37120757826621,0.14210760554335486,69.57302871017403,4.851481799255186,57.048947368421054,5.718550495402175,-0.17985611510791255,medium,high,1.0,0,0,1
2020-01-01,55.5,31.0,0.0,0.0,71.2258064516129,0.0,0.0,0.0,0.0,0.0,0.0,0.0,0.0,0.0,0.0,0.0,0.0,1.0,0.0,0.0,0.0,0.0,0.0,0.0,0.0,0.0,0.0,0.0,0.0,0.0,0.0,0.0,0.0,0.0,0.0,0.0,0.0,6.0,0.0,0.0,0.0,0.0,0.0,8393.166666666666,8393.166666666666,0.0,0.0,0.0,0.0,1.0,0.0,0.0,0.0,0.0,0.0,0.0,0.0,0.0,0.0,0.0,0.0,0.0,0.0,0.0,0.0,0.0,0.0,0.0,0.0,0.0,0.0,0.0,0.0,0.0,0.0,0.0,0.0,0.053458217541554456,57.519047619047626,0,1,0,0.0,0.0,0.0,0.0,0.0,0.0,1.0,1.0,0.6666666666666666,0.5773502691896258,1.0,0.0,0.0,0.3333333333333333,0.5773502691896266,14.0,14.0,13.0,11.333333333333334,4.618802153517013,6.0,0.0,0.0,2.0,3.4641016151377526,0.42857142857142855,0.0,0.0,0.142857142857143,0.24743582965269642,0.31428571428571433,0.0,0.0,0.10476190476190482,0.1814529417453107,-0.049999999999999996,0.0,0.0,-0.016666666666666646,0.02886751345948199,-0.11666666666666665,0.0,0.0,-0.038888888888889035,0.06735753140545879,-0.1386363636363636,0.0,0.0,-0.04621212121212135,0.0800417418649264,0.42857142857142855,0.0,0.0,0.14285714285714285,0.24743582965269695,1.0,0.0,0.0,0.3333333333333333,0.5773502691896258,1.0,0.0,0.0,0.3333333333333332,0.5773502691896251,1.1428571428571428,0.0,0.0,0.3809523809523811,0.6598288790738581,2.6666666666666665,0.0,0.0,0.8888888888888885,1.5396007178389979,2.6818181818181817,0.0,0.0,0.8939393939393939,1.5483484491903587,0.42857142857142855,0.0,0.0,0.14285714285714285,0.24743582965269675,1.0,0.0,0.0,0.3333333333333333,0.5773502691896256,0.0,0.0,0.0,0.0,0.0,0.0,0.0,0.0,0.0,0.0,-0.17985611510791255,55.6,0.18018018018017834,55.53333333333334,0.05773502690069124,46.780718270888656,0.03642046324020268,-74.37120757826621,-3.8411017792461033,59.81666666666667,4.851481799255186,-0.18018018018017834,medium,medium,0.0,0,1,0
2020-02-01,55.4,25.0,0.0,0.0,74.4,0.0,0.0,0.0,0.0,0.0,0.0,0.0,0.0,0.0,0.0,0.0,0.0,1.0,0.0,0.0,0.0,0.0,0.0,0.0,0.0,0.0,0.0,0.0,0.0,0.0,0.0,0.0,0.0,0.0,0.0,0.0,0.0,2.0,0.0,0.0,0.0,0.0,0.0,8483.0,8483.0,0.0,0.0,0.0,0.0,1.0,0.0,0.0,0.0,0.0,0.0,0.0,0.0,0.0,0.0,0.0,0.0,0.0,0.0,0.0,0.0,0.0,0.0,0.0,0.0,0.0,0.0,0.0,0.0,0.0,0.0,0.0,0.0,1.2853829691241427,50.54263157894737,0,1,0,0.0,0.0,0.0,0.0,0.0,1.0,0.0,1.0,0.6666666666666666,0.5773502691896258,0.0,1.0,0.0,0.3333333333333333,0.5773502691896266,6.0,14.0,14.0,7.333333333333333,6.110100926607792,0.0,6.0,0.0,2.0,3.4641016151377526,0.0,0.42857142857142855,0.0,0.142857142857143,0.24743582965269642,0.0,0.31428571428571433,0.0,0.10476190476190482,0.1814529417453107,0.0,-0.049999999999999996,0.0,-0.016666666666666646,0.02886751345948199,0.0,-0.11666666666666665,0.0,-0.038888888888889035,0.06735753140545879,0.0,-0.1386363636363636,0.0,-0.04621212121212135,0.0800417418649264,0.0,0.42857142857142855,0.0,0.14285714285714285,0.24743582965269695,0.0,1.0,0.0,0.3333333333333333,0.5773502691896258,0.0,1.0,0.0,0.3333333333333332,0.5773502691896251,0.0,1.1428571428571428,0.0,0.3809523809523811,0.6598288790738581,0.0,2.6666666666666665,0.0,0.8888888888888885,1.5396007178389979,0.0,2.6818181818181817,0.0,0.8939393939393939,1.5483484491903587,0.0,0.42857142857142855,0.0,0.14285714285714285,0.24743582965269675,0.0,1.0,0.0,0.3333333333333333,0.5773502691896256,0.0,0.0,0.0,0.0,0.0,0.0,0.0,0.0,0.0,0.0,-0.18018018018017834,55.5,-0.17985611510791255,55.53333333333334,0.05773502690069124,2304.462827674681,0.053458217541554456,46.780718270888656,-12.128879612725008,57.519047619047626,-3.8411017792461033,0.3610108303249149,high,medium,0.0,0,1,0
2020-03-01,55.6,23.0,0.0,0.0,73.17391304347827,0.0,0.0,0.0,0.0,0.0,0.0,0.0,0.0,0.0,0.0,0.0,0.0,1.0,0.0,0.0,0.0,0.0,0.0,0.0,0.0,0.0,0.0,0.0,0.0,0.0,0.0,0.0,0.0,0.0,0.0,0.0,0.0,4.0,0.15,-0.175,0.25,0.25,1.0,8831.5,8831.5,0.25,0.75,0.25,0.0,0.75,0.6,0.0,1.0,0.0,0.0,0.0,0.0,0.0,0.0,0.0,0.0,1.0,1.0,0.0,0.0,0.0,0.0,0.0,-0.7,1.0,3.0,-0.7,1.0,3.0,1.0,0.0,0.0,2.6574602824660247,29.207727272727276,0,0,1,0.0,0.0,0.0,0.0,0.0,1.0,1.0,0.0,0.6666666666666666,0.5773502691896258,0.0,0.0,1.0,0.3333333333333333,0.5773502691896266,2.0,6.0,14.0,4.0,2.0000000000000173,0.0,0.0,6.0,0.3333333333333333,0.5773502691896061,0.0,0.0,0.42857142857142855,0.08333333333333348,0.1443375672974059,0.0,0.0,0.31428571428571433,0.05000000000000004,0.08660254037844298,0.0,0.0,-0.049999999999999996,-0.05833333333333331,0.10103629710818467,0.0,0.0,-0.11666666666666665,-0.23333333333333348,0.4041451884327384,0.0,0.0,-0.1386363636363636,-0.23333333333333348,0.4041451884327382,0.0,0.0,0.42857142857142855,0.08333333333333333,0.14433756729740682,0.0,0.0,1.0,0.3333333333333333,0.5773502691896258,0.0,0.0,1.0,0.3333333333333332,0.5773502691896251,0.0,0.0,1.1428571428571428,0.25000000000000017,0.43301270189221985,0.0,0.0,2.6666666666666665,0.9999999999999997,1.7320508075688739,0.0,0.0,2.6818181818181817,1.0,1.732050807568876,0.0,0.0,0.42857142857142855,0.08333333333333333,0.1443375672974065,0.0,0.0,1.0,0.3333333333333333,0.5773502691896256,0.0,0.0,0.0,0.0,0.0,0.0,0.0,0.0,0.0,0.0,0.3610108303249149,55.4,-0.18018018018017834,55.5,0.09999999998940906,106.74463146783503,1.2853829691241427,2304.462827674681,-42.211700577749035,50.54263157894737,-12.128879612725008,-1.258992805755399,low,high,1.0,0,0,1
2020-04-01,54.9,28.0,0.0,0.0,72.46428571428571,0.0,0.0,0.0,0.0,0.0,0.0,0.0,0.0,0.0,0.0,0.0,0.0,1.0,0.0,0.0,0.0,0.0,0.0,0.0,0.0,0.0,0.0,0.0,0.0,0.0,0.0,0.0,0.0,0.0,0.0,0.0,0.0,1.0,0.0,0.0,0.0,0.0,0.0,8452.0,8452.0,0.0,0.0,0.0,0.0,1.0,0.0,0.0,0.0,0.0,0.0,0.0,0.0,0.0,0.0,0.0,0.0,0.0,0.0,0.0,0.0,0.0,0.0,0.0,0.0,0.0,0.0,0.0,0.0,0.0,0.0,0.0,0.0,3.3745474475362416,16.547619047619047,0,1,0,0.0,0.0,0.0,0.0,0.0,0.0,1.0,1.0,0.6666666666666666,0.5773502691896258,1.0,0.0,0.0,0.3333333333333333,0.5773502691896266,4.0,2.0,6.0,2.3333333333333335,1.5275252316519707,1.0,0.0,0.0,0.3333333333333333,0.5773502691896061,0.25,0.0,0.0,0.08333333333333348,0.1443375672974059,0.15,0.0,0.0,0.05000000000000004,0.08660254037844298,-0.175,0.0,0.0,-0.05833333333333331,0.10103629710818467,-0.7,0.0,0.0,-0.23333333333333348,0.4041451884327384,-0.7,0.0,0.0,-0.23333333333333348,0.4041451884327382,0.25,0.0,0.0,0.08333333333333333,0.14433756729740682,1.0,0.0,0.0,0.3333333333333333,0.5773502691896258,1.0,0.0,0.0,0.3333333333333332,0.5773502691896251,0.75,0.0,0.0,0.25000000000000017,0.43301270189221985,3.0,0.0,0.0,0.9999999999999997,1.7320508075688739,3.0,0.0,0.0,1.0,1.732050807568876,0.25,0.0,0.0,0.08333333333333333,0.1443375672974065,1.0,0.0,0.0,0.3333333333333333,0.5773502691896256,0.0,0.0,0.0,0.0,0.0,0.0,0.0,0.0,0.0,0.0,-1.258992805755399,55.6,0.3610108303249149,55.5,0.09999999998940906,26.983927842744148,2.6574602824660247,106.74463146783503,-43.34506449918001,29.207727272727276,-42.211700577749035,0.0,medium,low,-1.0,1,0,0
2020-05-01,54.9,24.0,0.0,0.0,68.75,0.0,0.0,0.0,0.0,0.0,0.0,0.0,0.0,0.0,0.0,0.0,0.0,1.0,0.0,0.0,0.0,0.0,0.0,0.0,0.0,0.0,0.0,0.0,0.0,0.0,0.0,0.0,0.0,0.0,0.0,0.0,0.0,3.0,0.0,0.0,0.0,0.0,0.0,7293.0,7293.0,0.0,0.0,0.0,0.0,1.0,0.0,0.0,0.0,0.0,0.0,0.0,0.0,0.0,0.0,0.0,0.0,0.0,0.0,0.0,0.0,0.0,0.0,0.0,0.0,0.0,0.0,0.0,0.0,0.0,0.0,0.0,0.0,2.5655355793873724,28.5625,0,1,0,0.0,0.0,0.0,0.0,0.0,1.0,0.0,1.0,0.6666666666666666,0.5773502691896258,0.0,1.0,0.0,0.3333333333333333,0.5773502691896266,1.0,4.0,2.0,2.6666666666666665,1.5275252316519705,0.0,1.0,0.0,0.3333333333333333,0.5773502691896061,0.0,0.25,0.0,0.08333333333333348,0.1443375672974059,0.0,0.15,0.0,0.05000000000000004,0.08660254037844298,0.0,-0.175,0.0,-0.05833333333333331,0.10103629710818467,0.0,-0.7,0.0,-0.23333333333333348,0.4041451884327384,0.0,-0.7,0.0,-0.23333333333333348,0.4041451884327382,0.0,0.25,0.0,0.08333333333333333,0.14433756729740682,0.0,1.0,0.0,0.3333333333333333,0.5773502691896258,0.0,1.0,0.0,0.3333333333333332,0.5773502691896251,0.0,0.75,0.0,0.25000000000000017,0.43301270189221985,0.0,3.0,0.0,0.9999999999999997,1.7320508075688739,0.0,3.0,0.0,1.0,1.732050807568876,0.0,0.25,0.0,0.08333333333333333,0.1443375672974065,0.0,1.0,0.0,0.3333333333333333,0.5773502691896256,0.0,0.0,0.0,0.0,0.0,0.0,0.0,0.0,0.0,0.0,0.0,54.9,-1.258992805755399,55.300000000000004,0.3605551275433904,-23.973936675257868,3.3745474475362416,26.983927842744148,72.60791366906476,16.547619047619047,-43.34506449918001,0.0,medium,medium,0.0,0,1,0
2020-06-01,54.9,28.0,0.0,0.0,72.32142857142857,0.0,0.0,0.0,0.0,0.0,0.0,0.0,0.0,0.0,0.0,0.0,0.0,1.0,0.0,0.0,0.0,0.0,0.0,0.0,0.0,0.0,0.0,0.0,0.0,0.0,0.0,0.0,0.0,0.0,0.0,0.0,0.0,4.0,0.0,0.0,0.0,0.0,0.0,20789.5,10684.5,0.0,0.0,0.0,0.0,1.0,0.0,0.0,0.0,0.0,0.0,0.0,0.0,0.0,0.0,0.0,0.0,0.0,0.0,0.0,0.0,0.0,0.0,0.0,0.0,0.0,0.0,0.0,0.0,0.0,0.0,0.0,0.0,2.2548557705421537,38.307272727272725,0,1,0,0.0,0.0,0.0,0.0,0.0,1.0,1.0,0.0,1.0,0.0,0.0,0.0,1.0,0.0,0.0,3.0,1.0,4.0,2.6666666666666665,1.5275252316519705,0.0,0.0,1.0,0.0,0.0,0.0,0.0,0.25,0.0,0.0,0.0,0.0,0.15,0.0,0.0,0.0,0.0,-0.175,0.0,0.0,0.0,0.0,-0.7,0.0,0.0,0.0,0.0,-0.7,0.0,0.0,0.0,0.0,0.25,0.0,0.0,0.0,0.0,1.0,0.0,0.0,0.0,0.0,1.0,0.0,0.0,0.0,0.0,0.75,0.0,0.0,0.0,0.0,3.0,0.0,0.0,0.0,0.0,3.0,0.0,0.0,0.0,0.0,0.25,0.0,0.0,0.0,0.0,1.0,0.0,0.0,0.0,0.0,0.0,0.0,0.0,0.0,0.0,0.0,0.0,0.0,0.0,54.9,0.0,55.133333333333326,0.40414518843000163,-12.109744699756074,2.5655355793873724,-23.973936675257868,34.11736622239903,28.5625,72.60791366906476,-0.36429872495445936,low,medium,0.0,0,1,0
2020-07-01,54.7,17.0,0.0,0.0,66.76470588235294,0.0,0.0,0.0,0.0,0.0,0.0,0.0,0.0,0.0,0.0,0.0,0.0,1.0,0.0,0.0,0.0,0.0,0.0,0.0,0.0,0.0,0.0,0.0,0.0,0.0,0.0,0.0,0.0,0.0,0.0,0.0,0.0,4.0,0.175,-0.125,0.25,0.25,1.0,11960.75,8763.5,0.25,0.75,0.25,0.0,0.75,0.7,1.0,1.0,0.0,0.0,0.0,0.0,0.0,0.0,0.0,0.0,1.0,1.0,0.0,0.0,0.0,0.0,0.25,-0.5,1.0,3.0,-0.5,1.0,2.9999999999999996,1.0,0.0,0.0,2.9570171390553996,40.710454545454546,0,0,1,0.0,0.0,0.0,0.0,0.0,1.0,1.0,1.0,0.6666666666666666,0.5773502691896258,0.0,0.0,0.0,0.3333333333333333,0.5773502691896266,4.0,3.0,1.0,3.6666666666666665,0.5773502691896855,0.0,0.0,0.0,0.3333333333333333,0.5773502691896061,0.0,0.0,0.0,0.08333333333333348,0.1443375672974059,0.0,0.0,0.0,0.05833333333333337,0.10103629710818379,0.0,0.0,0.0,-0.04166666666666665,0.07216878364870347,0.0,0.0,0.0,-0.16666666666666682,0.2886751345948135,0.0,0.0,0.0,-0.16666666666666682,0.28867513459481314,0.0,0.0,0.0,0.08333333333333333,0.14433756729740682,0.0,0.0,0.0,0.3333333333333333,0.5773502691896258,0.0,0.0,0.0,0.3333333333333332,0.5773502691896251,0.0,0.0,0.0,0.25000000000000017,0.43301270189221985,0.0,0.0,0.0,0.9999999999999997,1.7320508075688739,0.0,0.0,0.0,0.9999999999999999,1.7320508075688759,0.0,0.0,0.0,0.08333333333333333,0.1443375672974065,0.0,0.0,0.0,0.3333333333333333,0.5773502691896256,0.0,0.0,0.0,0.0,0.0,0.0,0.0,0.0,0.0,0.0,-0.36429872495445936,54.9,0.0,54.9,0.0,31.13996813837985,2.2548557705421537,-12.109744699756074,6.273434904361874,38.307272727272725,34.11736622239903,-0.1828153564899515,medium,low,-1.0,1,0,0
2020-08-01,54.6,32.0,0.0,0.0,74.125,0.0,0.0,0.0,0.0,0.0,0.0,0.0,0.0,0.0,0.0,0.0,0.0,1.0,0.0,0.0,0.0,0.0,0.0,0.0,0.0,0.0,0.0,0.0,0.0,0.0,0.0,0.0,0.0,0.0,0.0,0.0,0.0,2.0,0.4,-0.3,0.5,0.5,1.0,7797.5,7797.5,0.0,0.0,0.0,0.0,1.0,0.8,1.0,0.0,0.0,1.0,0.0,0.0,0.0,0.0,0.0,0.0,0.0,0.0,0.0,0.0,0.0,0.0,0.5,-0.6,0.0,0.0,-0.6,0.0,0.0,0.0,0.0,1.0,1.4706110224542075,42.33904761904762,0,0,1,0.0,0.0,0.0,0.0,0.0,0.0,1.0,1.0,0.3333333333333333,0.5773502691896257,1.0,0.0,0.0,0.6666666666666666,0.5773502691896268,4.0,4.0,3.0,3.3333333333333335,1.1547005383792819,1.0,0.0,0.0,0.6666666666666666,0.5773502691896079,0.25,0.0,0.0,0.25000000000000017,0.24999999999999967,0.175,0.0,0.0,0.19166666666666674,0.20052015692526606,-0.125,0.0,0.0,-0.14166666666666664,0.15069284433354274,-0.5,0.0,0.0,-0.36666666666666686,0.32145502536643233,-0.5,0.0,0.0,-0.36666666666666686,0.3214550253664321,0.25,0.0,0.0,0.08333333333333333,0.14433756729740682,1.0,0.0,0.0,0.3333333333333333,0.5773502691896258,1.0,0.0,0.0,0.3333333333333332,0.5773502691896251,0.75,0.0,0.0,0.25000000000000017,0.43301270189221985,3.0,0.0,0.0,0.9999999999999997,1.7320508075688739,2.9999999999999996,0.0,0.0,0.9999999999999999,1.7320508075688759,0.25,0.0,0.0,0.08333333333333333,0.1443375672974065,1.0,0.0,0.0,0.3333333333333333,0.5773502691896256,0.0,0.0,0.0,0.0,0.0,0.0,0.0,0.0,0.0,0.0,-0.1828153564899515,54.7,-0.36429872495445936,54.833333333333336,0.11547005382800823,-50.267078163639425,2.9570171390553996,31.13996813837985,4.000429599170152,40.710454545454546,6.273434904361874,0.1831501831501825,high,medium,0.0,0,1,0
2020-09-01,54.7,26.0,0.0,0.0,72.26923076923077,0.0,0.0,0.0,0.0,0.0,0.0,0.0,0.0,0.0,0.0,0.0,0.0,1.0,0.0,0.0,0.0,0.0,0.0,0.0,0.0,0.0,0.0,0.0,0.0,0.0,0.0,0.0,0.0,0.0,0.0,0.0,0.0,4.0,0.575,-0.375,0.75,0.75,3.0,10911.0,6361.5,0.5,1.75,0.5,0.0,0.5,2.3,3.0,2.0,0.0,1.0,0.0,0.0,0.0,0.0,0.0,0.0,0.0,0.0,2.0,2.0,0.0,0.0,0.75,-0.5,0.6666666666666666,2.3333333333333335,-0.5086956521739131,0.6956521739130436,2.4347826086956528,0.6666666666666666,0.0,0.3333333333333333,0.6155460858322765,39.63428571428571,0,0,1,0.0,0.0,0.0,0.0,0.0,0.0,0.0,1.0,0.0,0.0,1.0,1.0,0.0,1.0,0.0,2.0,4.0,4.0,3.3333333333333335,1.1547005383792819,1.0,1.0,0.0,1.6666666666666667,1.1547005383792452,0.5,0.25,0.0,0.5000000000000001,0.24999999999999967,0.4,0.175,0.0,0.38333333333333336,0.20052015692526648,-0.3,-0.125,0.0,-0.26666666666666666,0.12829003598617209,-0.6,-0.5,0.0,-0.5333333333333335,0.057735026918965614,-0.6,-0.5,0.0,-0.5362318840579712,0.055395695227875234,0.0,0.25,0.0,0.25,0.2500000000000002,0.0,1.0,0.0,0.5555555555555555,0.5091750772173155,0.0,1.0,0.0,0.5652173913043477,0.5126011357631117,0.0,0.75,0.0,0.8333333333333335,0.8779711460710613,0.0,3.0,0.0,1.7777777777777775,1.5752718754175343,0.0,2.9999999999999996,0.0,1.8115942028985508,1.594137021036756,0.0,0.25,0.0,0.25,0.25,0.0,1.0,0.0,0.5555555555555555,0.5091750772173154,0.0,0.0,0.0,0.0,0.0,0.0,0.0,0.0,0.0,0.0,0.1831501831501825,54.6,-0.1828153564899515,54.73333333333333,0.15275252315761617,-58.14351474089787,1.4706110224542075,-50.267078163639425,-6.38833903185173,42.33904761904762,4.000429599170152,-1.6453382084095192,low,high,1.0,0,0,1
2020-10-01,53.8,18.0,0.0,0.0,74.44444444444444,0.0,0.0,0.0,0.0,0.0,0.0,0.0,0.0,0.0,0.0,0.0,0.0,1.0,0.0,0.0,0.0,0.0,0.0,0.0,0.0,0.0,0.0,0.0,0.0,0.0,0.0,0.0,0.0,0.0,0.0,0.0,0.0,3.0,0.0,0.0,0.0,0.0,0.0,14591.333333333334,7890.333333333333,0.0,0.0,0.0,0.0,1.0,0.0,0.0,0.0,0.0,0.0,0.0,0.0,0.0,0.0,0.0,0.0,0.0,0.0,0.0,0.0,0.0,0.0,0.0,0.0,0.0,0.0,0.0,0.0,0.0,0.0,0.0,0.0,0.10192458448206186,39.39590909090909,0,1,0,0.0,0.0,0.0,0.0,0.0,0.0,0.0,0.0,0.3333333333333333,0.5773502691896257,1.0,1.0,1.0,0.6666666666666666,0.5773502691896268,4.0,2.0,4.0,3.0,1.0000000000000355,3.0,1.0,1.0,1.3333333333333333,1.5275252316519412,0.75,0.5,0.25,0.4166666666666668,0.3818813079129864,0.575,0.4,0.175,0.325,0.2947456530637901,-0.375,-0.3,-0.125,-0.22499999999999998,0.1984313483298443,-0.5,-0.6,-0.5,-0.36666666666666686,0.3214550253664324,-0.5086956521739131,-0.6,-0.5,-0.3695652173913045,0.32329237295689245,0.5,0.0,0.25,0.16666666666666666,0.2886751345948131,0.6666666666666666,0.0,1.0,0.2222222222222222,0.38490017945975075,0.6956521739130436,0.0,1.0,0.23188405797101438,0.40163496987104325,1.75,0.0,0.75,0.5833333333333335,1.0103629710818451,2.3333333333333335,0.0,3.0,0.7777777777777776,1.3471506281091221,2.4347826086956528,0.0,2.9999999999999996,0.8115942028985509,1.4057223945486532,0.5,0.0,0.25,0.16666666666666666,0.2886751345948129,0.6666666666666666,0.0,1.0,0.2222222222222222,0.3849001794597503,0.0,0.0,0.0,0.0,0.0,0.0,0.0,0.0,0.0,0.0,-1.6453382084095192,54.7,0.1831501831501825,54.666666666666664,0.05773502689877092,-83.44159977164827,0.6155460858322765,-58.14351474089787,-0.6014404424871334,39.63428571428571,-6.38833903185173,0.18587360594795044,high,low,-1.0,1,0,0
2020-11-01,53.9,28.0,0.0,0.0,73.28571428571429,0.0,0.0,0.0,0.0,0.0,0.0,0.0,0.0,0.0,0.0,0.0,0.0,1.0,0.0,0.0,0.0,0.0,0.0,0.0,0.0,0.0,0.0,0.0,0.0,0.0,0.0,0.0,0.0,0.0,0.0,0.0,0.0,3.0,0.2333333333333333,-0.06666666666666667,0.3333333333333333,0.3333333333333333,1.0,5352.666666666667,5352.666666666667,0.0,0.0,0.0,0.0,1.0,0.7,1.0,0.0,0.0,1.0,0.0,0.0,0.0,0.0,0.0,0.0,0.0,0.0,0.0,0.0,0.0,0.0,0.3333333333333333,-0.2,0.0,0.0,-0.19999999999999998,0.0,0.0,0.0,0.0,1.0,0.7671882937596163,40.93736842105263,0,0,1,0.0,0.0,0.0,0.0,0.0,1.0,0.0,0.0,0.3333333333333333,0.5773502691896257,0.0,1.0,1.0,0.6666666666666666,0.5773502691896268,3.0,4.0,2.0,3.3333333333333335,0.5773502691896863,0.0,3.0,1.0,1.3333333333333333,1.5275252316519412,0.0,0.75,0.5,0.3611111111111112,0.37577081273524093,0.0,0.575,0.4,0.2694444444444445,0.2891958838905895,0.0,-0.375,-0.3,-0.1472222222222222,0.2000578620003427,0.0,-0.5,-0.6,-0.23333333333333348,0.2516611478423591,0.0,-0.5086956521739131,-0.6,-0.23623188405797116,0.25627598151593045,0.0,0.5,0.0,0.16666666666666666,0.2886751345948131,0.0,0.6666666666666666,0.0,0.2222222222222222,0.38490017945975075,0.0,0.6956521739130436,0.0,0.23188405797101438,0.40163496987104325,0.0,1.75,0.0,0.5833333333333335,1.0103629710818451,0.0,2.3333333333333335,0.0,0.7777777777777776,1.3471506281091221,0.0,2.4347826086956528,0.0,0.8115942028985509,1.4057223945486532,0.0,0.5,0.0,0.16666666666666666,0.2886751345948129,0.0,0.6666666666666666,0.0,0.2222222222222222,0.3849001794597503,0.0,0.0,0.0,0.0,0.0,0.0,0.0,0.0,0.0,0.0,0.18587360594795044,53.8,-1.6453382084095192,54.366666666666674,0.4932882862291877,652.7019096110586,0.10192458448206186,-83.44159977164827,3.9127395856927816,39.39590909090909,-0.6014404424871334,0.37105751391466324,high,high,1.0,0,0,1
2020-12-01,54.1,31.0,0.0,0.0,70.38709677419355,0.0,0.0,0.0,0.0,0.0,0.0,0.0,0.0,0.0,0.0,0.0,0.0,1.0,0.0,0.0,0.0,0.0,0.0,0.0,0.0,0.0,0.0,0.0,0.0,0.0,0.0,0.0,0.0,0.0,0.0,0.0,0.0,4.0,0.0,0.0,0.0,0.0,0.0,7020.75,7020.75,0.0,0.0,0.0,0.0,1.0,0.0,0.0,0.0,0.0,0.0,0.0,0.0,0.0,0.0,0.0,0.0,0.0,0.0,0.0,0.0,0.0,0.0,0.0,0.0,0.0,0.0,0.0,0.0,0.0,0.0,0.0,0.0,1.7043838753260958,47.025,0,1,0,0.0,0.0,0.0,0.0,0.0,0.0,1.0,0.0,0.6666666666666666,0.5773502691896258,1.0,0.0,1.0,0.3333333333333333,0.5773502691896266,3.0,3.0,4.0,3.3333333333333335,0.5773502691896863,1.0,0.0,3.0,0.3333333333333333,0.5773502691896059,0.3333333333333333,0.0,0.75,0.11111111111111126,0.1924500897298746,0.2333333333333333,0.0,0.575,0.07777777777777785,0.13471506281091233,-0.06666666666666667,0.0,-0.375,-0.022222222222222202,0.03849001794597538,-0.2,0.0,-0.5,-0.06666666666666682,0.11547005383792693,-0.19999999999999998,0.0,-0.5086956521739131,-0.0666666666666668,0.11547005383792573,0.0,0.0,0.5,0.0,0.0,0.0,0.0,0.6666666666666666,0.0,0.0,0.0,0.0,0.6956521739130436,0.0,0.0,0.0,0.0,1.75,0.0,0.0,0.0,0.0,2.3333333333333335,0.0,0.0,0.0,0.0,2.4347826086956528,0.0,0.0,0.0,0.0,0.5,0.0,0.0,0.0,0.0,0.6666666666666666,0.0,0.0,0.0,0.0,0.0,0.0,0.0,0.0,0.0,0.0,0.0,0.0,0.37105751391466324,53.9,0.18587360594795044,54.13333333333333,0.4932882862291272,122.15978648132655,0.7671882937596163,652.7019096110586,14.870598218073816,40.93736842105263,3.9127395856927816,0.0,medium,high,1.0,0,0,1
2021-01-01,54.1,25.0,0.0,0.0,71.16,0.0,0.0,0.0,0.0,0.0,0.0,0.0,0.0,0.0,0.0,0.0,0.0,1.0,0.0,0.0,0.0,0.0,0.0,0.0,0.0,0.0,0.0,0.0,0.0,0.0,0.0,0.0,0.0,0.0,0.0,0.0,0.0,4.0,0.38749999999999996,-0.25,0.5,0.5,2.0,10340.0,6439.5,0.5,1.5,0.5,0.0,0.5,1.5499999999999998,2.0,2.0,0.0,0.0,1.0,1.0,0.0,0.0,0.0,0.0,1.0,1.0,0.0,0.0,0.0,0.0,0.5,-0.5,1.0,3.0,-0.5193548387096775,1.0,3.0967741935483875,1.0,0.0,0.0,1.3553748539294326,52.008421052631576,0,0,1,0.0,0.0,0.0,0.0,0.0,1.0,0.0,1.0,0.3333333333333333,0.5773502691896257,0.0,1.0,0.0,0.6666666666666666,0.5773502691896268,4.0,3.0,3.0,3.6666666666666665,0.5773502691896854,0.0,1.0,0.0,1.0,0.9999999999999907,0.0,0.3333333333333333,0.0,0.2777777777777779,0.25458753860865735,0.0,0.2333333333333333,0.0,0.2069444444444445,0.19509316387970285,0.0,-0.06666666666666667,0.0,-0.10555555555555553,0.12945755775256723,0.0,-0.2,0.0,-0.23333333333333348,0.2516611478423591,0.0,-0.19999999999999998,0.0,-0.2397849462365593,0.2619532278538926,0.0,0.0,0.0,0.16666666666666666,0.2886751345948131,0.0,0.0,0.0,0.3333333333333333,0.5773502691896258,0.0,0.0,0.0,0.3333333333333332,0.5773502691896251,0.0,0.0,0.0,0.5000000000000001,0.8660254037844386,0.0,0.0,0.0,0.9999999999999997,1.732050807568874,0.0,0.0,0.0,1.0322580645161292,1.7879234142646465,0.0,0.0,0.0,0.16666666666666666,0.2886751345948129,0.0,0.0,0.0,0.3333333333333333,0.5773502691896256,0.0,0.0,0.0,0.0,0.0,0.0,0.0,0.0,0.0,0.0,0.0,54.1,0.37105751391466324,53.93333333333334,0.15275252315695317,-20.477137014094794,1.7043838753260958,122.15978648132655,10.597386608466941,47.025,14.870598218073816,0.0,medium,medium,0.0,0,1,0
2021-02-01,54.1,23.0,0.0,0.0,73.82608695652173,0.0,0.0,0.0,0.0,0.0,0.0,0.0,0.0,0.0,0.0,0.0,0.0,1.0,0.0,0.0,0.0,0.0,0.0,0.0,0.0,0.0,0.0,0.0,0.0,0.0,0.0,0.0,0.0,0.0,0.0,0.0,0.0,6.0,0.11666666666666665,-0.08333333333333333,0.16666666666666666,0.16666666666666666,1.0,17844.833333333332,7844.5,0.16666666666666666,0.5,0.16666666666666666,0.0,0.8333333333333334,0.7,1.0,1.0,0.0,0.0,0.0,0.0,0.0,0.0,0.0,0.0,1.0,1.0,0.0,0.0,0.0,0.0,0.16666666666666666,-0.5,1.0,3.0,-0.5,1.0,2.9999999999999996,1.0,0.0,0.0,1.981764952381174,59.04631578947369,0,0,1,0.0,0.0,0.0,0.0,0.0,0.0,1.0,0.0,0.3333333333333333,0.5773502691896257,1.0,0.0,1.0,0.6666666666666666,0.5773502691896268,4.0,4.0,3.0,4.666666666666667,1.1547005383792797,2.0,0.0,1.0,1.0,0.9999999999999907,0.5,0.0,0.3333333333333333,0.2222222222222224,0.25458753860865735,0.38749999999999996,0.0,0.2333333333333333,0.16805555555555562,0.19879556314446734,-0.25,0.0,-0.06666666666666667,-0.11111111111111109,0.12729376930432898,-0.5,0.0,-0.2,-0.3333333333333335,0.28867513459481353,-0.5193548387096775,0.0,-0.19999999999999998,-0.33978494623655936,0.29442148310221117,0.5,0.0,0.0,0.2222222222222222,0.254587538608658,1.0,0.0,0.0,0.6666666666666666,0.5773502691896256,1.0,0.0,0.0,0.6666666666666665,0.5773502691896247,1.5,0.0,0.0,0.6666666666666669,0.763762615825973,3.0,0.0,0.0,1.9999999999999998,1.7320508075688763,3.0967741935483875,0.0,0.0,2.032258064516129,1.7606521353542155,0.5,0.0,0.0,0.2222222222222222,0.2545875386086578,1.0,0.0,0.0,0.6666666666666666,0.5773502691896256,0.0,0.0,0.0,0.0,0.0,0.0,0.0,0.0,0.0,0.0,0.0,54.1,0.0,54.03333333333333,0.11547005382713377,46.21526632545556,1.3553748539294326,-20.477137014094794,13.53222150259068,52.008421052631576,10.597386608466941,0.3696857670979492,high,medium,0.0,0,1,0
2021-03-01,54.3,30.0,0.0,0.0,72.8,0.0,0.0,0.0,0.0,0.0,0.0,0.0,0.0,0.0,0.0,0.0,0.0,1.0,0.0,0.0,0.0,0.0,0.0,0.0,0.0,0.0,0.0,0.0,0.0,0.0,0.0,0.0,0.0,0.0,0.0,0.0,0.0,5.0,0.30999999999999994,-0.24000000000000005,0.4,0.4,2.0,14272.2,7494.0,0.4,1.2,0.4,0.0,0.6,1.5499999999999998,1.0,2.0,0.0,0.0,1.0,1.0,0.0,0.0,0.0,0.0,1.0,1.0,0.0,0.0,0.0,0.0,0.2,-0.6000000000000001,1.0,3.0,-0.6451612903225807,1.0,3.2258064516129035,1.0,0.0,0.0,2.310850183939823,62.333043478260876,0,0,1,0.0,0.0,0.0,0.0,0.0,0.0,0.0,1.0,0.0,0.0,1.0,1.0,0.0,1.0,0.0,6.0,4.0,4.0,5.0,1.000000000000032,1.0,2.0,0.0,1.6666666666666667,0.5773502691896133,0.16666666666666666,0.5,0.0,0.3555555555555558,0.17105338131489553,0.11666666666666665,0.38749999999999996,0.0,0.2713888888888889,0.1394840027997372,-0.08333333333333333,-0.25,0.0,-0.1911111111111111,0.09347211903576944,-0.5,-0.5,0.0,-0.5333333333333335,0.057735026918965766,-0.5,-0.5193548387096775,0.0,-0.5548387096774196,0.0788180111152955,0.16666666666666666,0.5,0.0,0.35555555555555557,0.17105338131489647,1.0,1.0,0.0,1.0,0.0,1.0,1.0,0.0,1.0,0.0,0.5,1.5,0.0,1.0666666666666667,0.5131601439446873,3.0,3.0,0.0,3.0,0.0,2.9999999999999996,3.0967741935483875,0.0,3.10752688172043,0.1132865994929831,0.16666666666666666,0.5,0.0,0.35555555555555557,0.17105338131489614,1.0,1.0,0.0,1.0,0.0,0.0,0.0,0.0,0.0,0.0,0.0,0.0,0.0,0.0,0.0,0.3696857670979492,54.1,0.0,54.1,0.0,16.605664115880113,1.981764952381174,46.21526632545556,5.566355232908737,59.04631578947369,13.53222150259068,-0.18416206261508972,medium,high,1.0,0,0,1
2021-04-01,54.2,28.0,0.0,0.0,75.14285714285714,0.0,0.0,0.0,0.0,0.0,0.0,0.0,0.0,0.0,0.0,0.0,0.0,1.0,0.0,0.0,0.0,0.0,0.0,0.0,0.0,0.0,0.0,0.0,0.0,0.0,0.0,0.0,0.0,0.0,0.0,0.0,0.0,10.0,0.615,-0.31,0.6,0.8,8.0,18347.8,6342.2,0.6,2.0,0.6,0.0,0.4,6.15,6.0,6.0,0.0,2.0,6.0,6.0,0.0,0.0,0.0,0.0,0.0,0.0,0.0,0.0,0.0,0.0,0.6,-0.3875,0.75,2.5,-0.432520325203252,0.7886178861788616,2.7154471544715446,0.75,0.0,0.25,2.7979406483605382,61.71666666666666,0,0,1,0.0,0.0,0.0,0.0,0.0,0.0,0.0,0.0,0.0,0.0,1.0,1.0,1.0,1.0,0.0,5.0,6.0,4.0,7.0,2.6457513110646014,2.0,1.0,2.0,3.6666666666666665,3.7859388972001824,0.4,0.16666666666666666,0.5,0.4555555555555557,0.3203007845644347,0.30999999999999994,0.11666666666666665,0.38749999999999996,0.34722222222222227,0.251243205178067,-0.24000000000000005,-0.08333333333333333,-0.25,-0.2111111111111111,0.11606192472284087,-0.6000000000000001,-0.5,-0.5,-0.4958333333333335,0.10631125685144402,-0.6451612903225807,-0.5,-0.5193548387096775,-0.5258938718419444,0.10865962663724436,0.4,0.16666666666666666,0.5,0.38888888888888884,0.21688023662159064,1.0,1.0,1.0,0.9166666666666666,0.14433756729740502,1.0,1.0,1.0,0.9295392953929538,0.12204152031649991,1.2,0.5,1.5,1.2333333333333334,0.7505553499465125,3.0,3.0,3.0,2.8333333333333335,0.2886751345948191,3.2258064516129035,2.9999999999999996,3.0967741935483875,2.980417868694816,0.2557425423047232,0.4,0.16666666666666666,0.5,0.38888888888888884,0.2168802366215904,1.0,1.0,1.0,0.9166666666666666,0.14433756729740604,0.0,0.0,0.0,0.0,0.0,0.0,0.0,0.0,0.0,0.0,-0.18416206261508972,54.3,0.3696857670979492,54.166666666666664,0.11547005382728351,21.078409487812966,2.310850183939823,16.605664115880113,-0.9888444029035437,62.333043478260876,5.566355232908737,0.5535055350553542,high,medium,0.0,0,1,0
2021-05-01,54.5,52.0,0.0,0.0,71.21153846153847,0.0,0.0,0.0,0.0,0.0,0.0,0.0,0.0,0.0,0.0,0.0,0.0,1.0,0.0,0.0,0.0,0.0,0.0,0.0,0.0,0.0,0.0,0.0,0.0,0.0,0.0,0.0,0.0,0.0,0.0,0.0,0.0,15.0,0.58,-0.45999999999999996,0.7333333333333333,0.7333333333333333,11.0,14830.8,7160.733333333334,0.7333333333333333,2.6,0.7333333333333333,0.0,0.26666666666666666,8.7,11.0,11.0,0.0,0.0,10.0,10.0,0.0,0.0,0.0,0.0,1.0,1.0,0.0,0.0,0.0,0.0,0.7333333333333333,-0.6272727272727272,1.0,3.5454545454545454,-0.6356321839080461,1.0,3.5977011494252875,1.0,0.0,0.0,3.0807113599213434,65.1695,0,0,1,0.0,0.0,0.0,0.0,0.0,0.0,0.0,0.0,0.0,0.0,1.0,1.0,1.0,1.0,0.0,10.0,5.0,6.0,10.0,5.000000000000004,8.0,2.0,1.0,7.0,4.582575694955842,0.8,0.4,0.16666666666666666,0.6444444444444446,0.21430335024428748,0.615,0.30999999999999994,0.11666666666666665,0.5016666666666666,0.16690815837859316,-0.31,-0.24000000000000005,-0.08333333333333333,-0.3366666666666666,0.11239810200058237,-0.3875,-0.6000000000000001,-0.5,-0.5382575757575759,0.1312700856991013,-0.432520325203252,-0.6451612903225807,-0.5,-0.571104599811293,0.12011203871278994,0.6,0.4,0.16666666666666666,0.5777777777777778,0.16777409856157252,0.75,1.0,1.0,0.9166666666666666,0.14433756729740502,0.7886178861788616,1.0,1.0,0.9295392953929538,0.12204152031649991,2.0,1.2,0.5,1.9333333333333336,0.7023769168568472,2.5,3.0,3.0,3.015151515151515,0.5228919371738651,2.7154471544715446,3.2258064516129035,2.9999999999999996,3.179651585169912,0.4429342295140714,0.6,0.4,0.16666666666666666,0.5777777777777778,0.1677740985615722,0.75,1.0,1.0,0.9166666666666666,0.14433756729740604,0.0,0.0,0.0,0.0,0.0,0.0,0.0,0.0,0.0,0.0,0.5535055350553542,54.2,-0.18416206261508972,54.20000000000001,0.0999999999877566,10.106387057441534,2.7979406483605382,21.078409487812966,5.594652984066983,61.71666666666666,-0.9888444029035437,0.3669724770642313,high,high,1.0,0,0,1
2021-06-01,54.7,45.0,0.0,0.0,72.17777777777778,0.0,0.0,0.0,0.0,0.0,0.0,0.0,0.0,0.0,0.0,0.0,0.0,1.0,0.0,0.0,0.0,0.0,0.0,0.0,0.0,0.0,0.0,0.0,0.0,0.0,0.0,0.0,0.0,0.0,0.0,0.0,0.0,13.0,0.4,-0.22307692307692306,0.5384615384615384,0.5384615384615384,7.0,19009.846153846152,7630.923076923077,0.38461538461538464,1.3846153846153846,0.46153846153846156,0.07692307692307693,0.46153846153846156,5.2,6.0,6.0,1.0,0.0,1.0,1.0,0.0,0.0,0.0,0.0,5.0,5.0,0.0,0.0,1.0,1.0,0.46153846153846156,-0.41428571428571426,0.7142857142857143,2.5714285714285716,-0.42115384615384616,0.6923076923076922,2.6346153846153846,0.8571428571428571,0.14285714285714285,0.0,2.80694496207541,71.37818181818182,0,0,1,0.0,0.0,0.0,0.0,0.0,0.0,0.0,0.0,0.0,0.0,1.0,1.0,1.0,1.0,0.0,15.0,10.0,5.0,12.666666666666666,2.516611478423589,11.0,8.0,2.0,8.666666666666666,2.0816659994661393,0.7333333333333333,0.8,0.4,0.6905982905982908,0.13590549887385217,0.58,0.615,0.30999999999999994,0.5316666666666667,0.11536174987114897,-0.45999999999999996,-0.31,-0.24000000000000005,-0.33102564102564097,0.1198528025541284,-0.6272727272727272,-0.3875,-0.6000000000000001,-0.4763528138528139,0.1313848690772836,-0.6356321839080461,-0.432520325203252,-0.6451612903225807,-0.4964354517550482,0.12068180017322579,0.7333333333333333,0.6,0.4,0.5726495726495727,0.17596046813617494,1.0,0.75,1.0,0.8214285714285715,0.15567496226930874,1.0,0.7886178861788616,1.0,0.8269751928288511,0.15739155404066013,2.6,2.0,1.2,1.994871794871795,0.6077085359728601,3.5454545454545454,2.5,3.0,2.872294372294372,0.5840667549611612,3.5977011494252875,2.7154471544715446,3.2258064516129035,2.9825878961707386,0.5342346670720212,0.7333333333333333,0.6,0.4,0.5982905982905983,0.13590549887385267,1.0,0.75,1.0,0.8690476190476191,0.1254244494387226,0.0,0.0,0.0,0.02564102564102568,0.04441155916843364,0.0,0.0,0.0,0.047619047619047616,0.08247860988423796,0.3669724770642313,54.5,0.5535055350553542,54.333333333333336,0.1527525231572978,-8.886466983162066,3.0807113599213434,10.106387057441534,9.526974763013097,65.1695,5.594652984066983,-0.2778793418647174,low,high,1.0,0,0,1
2021-07-01,54.548,44.0,0.0,0.0,73.6590909090909,0.0,0.0,0.0,0.0,0.0,0.0,0.0,0.0,0.0,0.0,0.0,0.0,1.0,0.0,0.0,0.0,0.0,0.0,0.0,0.0,0.0,0.0,0.0,0.0,0.0,0.0,0.0,0.0,0.0,0.0,0.0,0.0,0.0,0.0,0.0,0.0,0.0,0.0,0.0,0.0,0.0,0.0,0.0,0.0,0.0,0.0,0.0,0.0,0.0,0.0,0.0,0.0,0.0,0.0,0.0,0.0,0.0,0.0,0.0,0.0,0.0,0.0,0.0,0.0,0.0,0.0,0.0,0.0,0.0,0.0,0.0,0.0,2.985496949126033,72.4852380952381,1,0,0,0.0,0.0,0.0,0.3333333333333333,0.5773502691896258,0.0,0.0,0.0,0.0,0.0,1.0,1.0,1.0,0.6666666666666666,0.5773502691896268,13.0,15.0,10.0,9.333333333333334,8.14452781524708,7.0,11.0,8.0,6.0,5.567764362830023,0.5384615384615384,0.7333333333333333,0.8,0.42393162393162404,0.3798450610921727,0.4,0.58,0.615,0.3266666666666667,0.29687258770949776,-0.22307692307692306,-0.45999999999999996,-0.31,-0.22769230769230764,0.230034728533239,-0.41428571428571426,-0.6272727272727272,-0.3875,-0.3471861471861473,0.3189741878644001,-0.42115384615384616,-0.6356321839080461,-0.432520325203252,-0.3522620100206309,0.3233676423504406,0.38461538461538464,0.7333333333333333,0.6,0.37264957264957266,0.3668130721995134,0.7142857142857143,1.0,0.75,0.5714285714285715,0.5150787536377127,0.6923076923076922,1.0,0.7886178861788616,0.5641025641025639,0.5121790860368753,1.3846153846153846,2.6,2.0,1.3282051282051281,1.300917594535181,2.5714285714285716,3.5454545454545454,2.5,2.038961038961039,1.8317213866524897,2.6346153846153846,3.5977011494252875,2.7154471544715446,2.077438844680224,1.8624440025500337,0.46153846153846156,0.7333333333333333,0.6,0.39829059829059826,0.3707353012575275,0.8571428571428571,1.0,0.75,0.6190476190476191,0.5408484138857402,0.07692307692307693,0.0,0.0,0.02564102564102568,0.04441155916843364,0.14285714285714285,0.0,0.0,0.047619047619047616,0.08247860988423796,-0.2778793418647174,54.7,0.3669724770642313,54.46666666666667,0.2516611478376378,6.3610790187565325,2.80694496207541,-8.886466983162066,1.5509729287812801,71.37818181818182,9.526974763013097,0.3996480164258909,high,low,-1.0,1,0,0
2021-08-01,54.766,49.0,0.0,0.0,74.48979591836735,0.0,0.0,0.0,0.0,0.0,0.0,0.0,0.0,0.0,0.0,0.0,0.0,1.0,0.0,0.0,0.0,0.0,0.0,0.0,0.0,0.0,0.0,0.0,0.0,0.0,0.0,0.0,0.0,0.0,0.0,0.0,0.0,0.0,0.0,0.0,0.0,0.0,0.0,0.0,0.0,0.0,0.0,0.0,0.0,0.0,0.0,0.0,0.0,0.0,0.0,0.0,0.0,0.0,0.0,0.0,0.0,0.0,0.0,0.0,0.0,0.0,0.0,0.0,0.0,0.0,0.0,0.0,0.0,0.0,0.0,0.0,0.0,3.3679891476152863,67.73045454545455,1,0,0,1.0,0.0,0.0,0.6666666666666666,0.5773502691896258,0.0,0.0,0.0,0.0,0.0,0.0,1.0,1.0,0.3333333333333333,0.5773502691896266,0.0,13.0,15.0,4.333333333333333,7.505553499465141,0.0,7.0,11.0,2.3333333333333335,4.041451884327379,0.0,0.5384615384615384,0.7333333333333333,0.17948717948717965,0.3108809141790289,0.0,0.4,0.58,0.13333333333333341,0.23094010767585046,0.0,-0.22307692307692306,-0.45999999999999996,-0.07435897435897433,0.12879352158845517,0.0,-0.41428571428571426,-0.6272727272727272,-0.13809523809523824,0.23918796866427425,0.0,-0.42115384615384616,-0.6356321839080461,-0.14038461538461552,0.2431532864471691,0.0,0.38461538461538464,0.7333333333333333,0.12820512820512822,0.22205779584216412,0.0,0.7142857142857143,1.0,0.2380952380952381,0.41239304942116173,0.0,0.6923076923076922,1.0,0.2307692307692306,0.39970403251589404,0.0,1.3846153846153846,2.6,0.4615384615384617,0.7994080650317893,0.0,2.5714285714285716,3.5454545454545454,0.8571428571428569,1.4846149779161772,0.0,2.6346153846153846,3.5977011494252875,0.8782051282051282,1.521095901518822,0.0,0.46153846153846156,0.7333333333333333,0.15384615384615385,0.2664693550105964,0.0,0.8571428571428571,1.0,0.2857142857142857,0.4948716593053934,0.0,0.07692307692307693,0.0,0.02564102564102568,0.04441155916843364,0.0,0.14285714285714285,0.0,0.047619047619047616,0.08247860988423796,0.3996480164258909,54.548,-0.2778793418647174,54.58266666666666,0.10440945039118588,12.811676079629674,2.985496949126033,6.3610790187565325,-6.559657765814686,72.4852380952381,1.5509729287812801,0.19902859438338805,high,high,1.0,0,0,1
2021-09-01,54.875,55.0,0.0,0.0,77.50909090909092,0.0,0.0,0.0,0.0,0.0,0.0,0.0,0.0,0.0,0.0,0.0,0.0,1.0,0.0,0.0,0.0,0.0,0.0,0.0,0.0,0.0,0.0,0.0,0.0,0.0,0.0,0.0,0.0,0.0,0.0,0.0,0.0,0.0,0.0,0.0,0.0,0.0,0.0,0.0,0.0,0.0,0.0,0.0,0.0,0.0,0.0,0.0,0.0,0.0,0.0,0.0,0.0,0.0,0.0,0.0,0.0,0.0,0.0,0.0,0.0,0.0,0.0,0.0,0.0,0.0,0.0,0.0,0.0,0.0,0.0,0.0,0.0,3.4343977093581426,71.64619047619047,1,0,0,1.0,1.0,0.0,1.0,0.0,0.0,0.0,0.0,0.0,0.0,0.0,0.0,1.0,0.0,0.0,0.0,0.0,13.0,0.0,0.0,0.0,0.0,7.0,0.0,0.0,0.0,0.0,0.5384615384615384,0.0,0.0,0.0,0.0,0.4,0.0,0.0,0.0,0.0,-0.22307692307692306,0.0,0.0,0.0,0.0,-0.41428571428571426,0.0,0.0,0.0,0.0,-0.42115384615384616,0.0,0.0,0.0,0.0,0.38461538461538464,0.0,0.0,0.0,0.0,0.7142857142857143,0.0,0.0,0.0,0.0,0.6923076923076922,0.0,0.0,0.0,0.0,1.3846153846153846,0.0,0.0,0.0,0.0,2.5714285714285716,0.0,0.0,0.0,0.0,2.6346153846153846,0.0,0.0,0.0,0.0,0.46153846153846156,0.0,0.0,0.0,0.0,0.8571428571428571,0.0,0.0,0.0,0.0,0.07692307692307693,0.0,0.0,0.0,0.0,0.14285714285714285,0.0,0.0,0.19902859438338805,54.766,0.3996480164258909,54.67133333333334,0.11179147253262661,1.971756998975982,3.3679891476152863,12.811676079629674,5.781351914755017,67.73045454545455,-6.559657765814686,0.1312072892938554,high,high,1.0,0,0,1
2021-10-01,54.947,54.0,0.0,0.0,75.94444444444444,0.0,0.0,0.0,0.0,0.0,0.0,0.0,0.0,0.0,0.0,0.0,0.0,1.0,0.0,0.0,0.0,0.0,0.0,0.0,0.0,0.0,0.0,0.0,0.0,0.0,0.0,0.0,0.0,0.0,0.0,0.0,0.0,0.0,0.0,0.0,0.0,0.0,0.0,0.0,0.0,0.0,0.0,0.0,0.0,0.0,0.0,0.0,0.0,0.0,0.0,0.0,0.0,0.0,0.0,0.0,0.0,0.0,0.0,0.0,0.0,0.0,0.0,0.0,0.0,0.0,0.0,0.0,0.0,0.0,0.0,0.0,0.0,3.980671743872993,81.47666666666666,1,0,0,1.0,1.0,1.0,1.0,0.0,0.0,0.0,0.0,0.0,0.0,0.0,0.0,0.0,0.0,0.0,0.0,0.0,0.0,0.0,0.0,0.0,0.0,0.0,0.0,0.0,0.0,0.0,0.0,0.0,0.0,0.0,0.0,0.0,0.0,0.0,0.0,0.0,0.0,0.0,0.0,0.0,0.0,0.0,0.0,0.0,0.0,0.0,0.0,0.0,0.0,0.0,0.0,0.0,0.0,0.0,0.0,0.0,0.0,0.0,0.0,0.0,0.0,0.0,0.0,0.0,0.0,0.0,0.0,0.0,0.0,0.0,0.0,0.0,0.0,0.0,0.0,0.0,0.0,0.0,0.0,0.0,0.0,0.0,0.0,0.0,0.0,0.0,0.0,0.0,0.0,0.0,0.0,0.0,0.0,0.0,0.0,0.0,0.0,0.0,0.0,0.1312072892938554,54.875,0.19902859438338805,54.72966666666667,0.16650025024313914,15.905963162808657,3.4343977093581426,1.971756998975982,13.72086376838566,71.64619047619047,5.781351914755017,0.5532604145813247,high,high,1.0,0,0,1
2021-11-01,55.251,45.0,0.0,0.0,78.95555555555555,0.0,0.0,0.0,0.0,0.0,0.0,0.0,0.0,0.0,0.0,0.0,0.0,1.0,0.0,0.0,0.0,0.0,0.0,0.0,0.0,0.0,0.0,0.0,0.0,0.0,0.0,0.0,0.0,0.0,0.0,0.0,0.0,0.0,0.0,0.0,0.0,0.0,0.0,0.0,0.0,0.0,0.0,0.0,0.0,0.0,0.0,0.0,0.0,0.0,0.0,0.0,0.0,0.0,0.0,0.0,0.0,0.0,0.0,0.0,0.0,0.0,0.0,0.0,0.0,0.0,0.0,0.0,0.0,0.0,0.0,0.0,0.0,4.391446467961164,79.14750000000001,1,0,0,1.0,1.0,1.0,1.0,0.0,0.0,0.0,0.0,0.0,0.0,0.0,0.0,0.0,0.0,0.0,0.0,0.0,0.0,0.0,0.0,0.0,0.0,0.0,0.0,0.0,0.0,0.0,0.0,0.0,0.0,0.0,0.0,0.0,0.0,0.0,0.0,0.0,0.0,0.0,0.0,0.0,0.0,0.0,0.0,0.0,0.0,0.0,0.0,0.0,0.0,0.0,0.0,0.0,0.0,0.0,0.0,0.0,0.0,0.0,0.0,0.0,0.0,0.0,0.0,0.0,0.0,0.0,0.0,0.0,0.0,0.0,0.0,0.0,0.0,0.0,0.0,0.0,0.0,0.0,0.0,0.0,0.0,0.0,0.0,0.0,0.0,0.0,0.0,0.0,0.0,0.0,0.0,0.0,0.0,0.0,0.0,0.0,0.0,0.0,0.0,0.5532604145813247,54.947,0.1312072892938554,54.86266666666666,0.09112811493202053,10.319231288549013,3.980671743872993,15.905963162808657,-2.8586916499611204,81.47666666666666,13.72086376838566,0.3058768167092163,high,high,1.0,0,0,1
2021-12-01,55.42,30.0,0.0,0.0,79.4,0.0,0.0,0.0,0.0,0.0,0.0,0.0,0.0,0.0,0.0,0.0,0.0,1.0,0.0,0.0,0.0,0.0,0.0,0.0,0.0,0.0,0.0,0.0,0.0,0.0,0.0,0.0,0.0,0.0,0.0,0.0,0.0,0.0,0.0,0.0,0.0,0.0,0.0,0.0,0.0,0.0,0.0,0.0,0.0,0.0,0.0,0.0,0.0,0.0,0.0,0.0,0.0,0.0,0.0,0.0,0.0,0.0,0.0,0.0,0.0,0.0,0.0,0.0,0.0,0.0,0.0,0.0,0.0,0.0,0.0,0.0,0.0,4.469366382428457,71.71181818181819,1,0,0,1.0,1.0,1.0,1.0,0.0,0.0,0.0,0.0,0.0,0.0,0.0,0.0,0.0,0.0,0.0,0.0,0.0,0.0,0.0,0.0,0.0,0.0,0.0,0.0,0.0,0.0,0.0,0.0,0.0,0.0,0.0,0.0,0.0,0.0,0.0,0.0,0.0,0.0,0.0,0.0,0.0,0.0,0.0,0.0,0.0,0.0,0.0,0.0,0.0,0.0,0.0,0.0,0.0,0.0,0.0,0.0,0.0,0.0,0.0,0.0,0.0,0.0,0.0,0.0,0.0,0.0,0.0,0.0,0.0,0.0,0.0,0.0,0.0,0.0,0.0,0.0,0.0,0.0,0.0,0.0,0.0,0.0,0.0,0.0,0.0,0.0,0.0,0.0,0.0,0.0,0.0,0.0,0.0,0.0,0.0,0.0,0.0,0.0,0.0,0.0,0.3058768167092163,55.251,0.5532604145813247,55.02433333333334,0.19957287724314057,1.7743564685525737,4.391446467961164,10.319231288549013,-9.394714701262608,79.14750000000001,-2.8586916499611204,1.6528329123060237,high,high,1.0,0,0,1
2022-01-01,56.336,82.0,0.0,0.0,67.58536585365853,1664.5487804878048,0.0,0.17073170731707318,33.0,229.0,120.0,1.0,0.0,0.0,0.0,0.0,0.0,27.0,0.0,0.0,0.0,0.0,0.0,0.0,0.0,0.0,0.0,0.0,0.0,0.0,0.0,0.0,0.0,0.0,0.0,6.9393939393939394,3.6363636363636362,32.0,0.7203125,-0.190625,0.5,0.875,28.0,4222.03125,3700.3125,0.53125,1.5625,0.53125,0.0,0.46875,23.05,28.0,17.0,0.0,11.0,6.0,6.0,0.0,0.0,0.0,0.0,14.0,14.0,0.0,0.0,0.0,0.0,0.875,-0.21785714285714283,0.6071428571428571,1.7857142857142858,-0.22906724511930587,0.6203904555314533,1.845986984815618,0.6071428571428571,0.0,0.39285714285714285,3.756490607200721,83.22200000000001,0,0,1,1.0,1.0,1.0,0.6666666666666666,0.577350269189626,0.0,0.0,0.0,0.0,0.0,0.0,0.0,0.0,0.3333333333333333,0.5773502691896266,0.0,0.0,0.0,10.666666666666666,18.475208614068023,0.0,0.0,0.0,9.333333333333334,16.165807537309526,0.0,0.0,0.0,0.29166666666666685,0.5051814855409223,0.0,0.0,0.0,0.24010416666666676,0.41587261577565243,0.0,0.0,0.0,-0.06354166666666665,0.11005739506427266,0.0,0.0,0.0,-0.07261904761904776,0.12577988007345559,0.0,0.0,0.0,-0.0763557483731021,0.13225203563215668,0.0,0.0,0.0,0.17708333333333334,0.30671733050698896,0.0,0.0,0.0,0.20238095238095236,0.3505340920079877,0.0,0.0,0.0,0.2067968185104843,0.35818259650375844,0.0,0.0,0.0,0.5208333333333335,0.90210979560879,0.0,0.0,0.0,0.595238095238095,1.0309826235528974,0.0,0.0,0.0,0.6153289949385393,1.0657810826038439,0.0,0.0,0.0,0.17708333333333334,0.3067173305069886,0.0,0.0,0.0,0.20238095238095236,0.35053409200798696,0.0,0.0,0.0,0.0,0.0,0.0,0.0,0.0,0.0,0.0,1.6528329123060237,55.42,0.3058768167092163,55.205999999999996,0.23968938232183076,-15.950264852540252,4.469366382428457,1.7743564685525737,16.050606594576777,71.71181818181819,-9.394714701262608,0.05325191706901933,medium,high,1.0,0,0,1
2022-02-01,56.366,84.0,0.0,0.0,64.92857142857143,2259.7976190476193,0.0,0.2976190476190476,40.0,500.0,160.0,2.0,0.0,0.0,0.0,0.0,0.0,30.0,0.0,0.0,0.0,0.0,0.0,0.0,0.0,0.0,0.0,0.0,0.0,0.0,0.0,0.0,0.0,0.0,0.0,12.5,4.0,36.0,0.6847222222222222,-0.058333333333333334,0.3611111111111111,0.8333333333333334,30.0,5075.5,4460.055555555556,0.2777777777777778,0.8888888888888888,0.2777777777777778,0.0,0.7222222222222222,24.650000000000002,30.0,10.0,0.0,20.0,6.0,6.0,0.0,0.0,1.0,1.0,8.0,8.0,0.0,0.0,0.0,0.0,0.8333333333333334,-0.07,0.3333333333333333,1.0666666666666667,-0.07221095334685598,0.3448275862068965,1.1115618661257607,0.3333333333333333,0.0,0.6666666666666666,2.836442313587759,91.64105263157894,0,0,1,0.0,1.0,1.0,0.3333333333333333,0.577350269189626,0.0,0.0,0.0,0.0,0.0,1.0,0.0,0.0,0.6666666666666666,0.5773502691896268,32.0,0.0,0.0,22.666666666666668,19.73153144926499,28.0,0.0,0.0,19.333333333333332,16.772994167212172,0.875,0.0,0.0,0.5694444444444446,0.49359321233102377,0.7203125,0.0,0.0,0.46834490740740753,0.4059887697817697,-0.190625,0.0,0.0,-0.0829861111111111,0.0976744196060075,-0.21785714285714283,0.0,0.0,-0.09595238095238108,0.11122310115840535,-0.22906724511930587,0.0,0.0,-0.10042606615538745,0.11711114438743872,0.53125,0.0,0.0,0.26967592592592593,0.26571765208124987,0.6071428571428571,0.0,0.0,0.3134920634920635,0.30405734530937384,0.6203904555314533,0.0,0.0,0.32173934724611647,0.3108389927476328,1.5625,0.0,0.0,0.8171296296296298,0.7837178101632483,1.7857142857142858,0.0,0.0,0.9507936507936505,0.8984785998601424,1.845986984815618,0.0,0.0,0.9858496169804596,0.9293920939065717,0.53125,0.0,0.0,0.26967592592592593,0.2657176520812495,0.6071428571428571,0.0,0.0,0.3134920634920635,0.3040573453093733,0.0,0.0,0.0,0.0,0.0,0.0,0.0,0.0,0.0,0.0,0.05325191706901933,56.336,1.6528329123060237,55.669000000000004,0.5837867761417203,-24.49222931236259,3.756490607200721,-15.950264852540252,10.116378639757428,83.22200000000001,16.050606594576777,0.6386828939431544,high,medium,0.0,0,1,0
2022-03-01,56.726,72.0,0.0,0.0,69.15277777777777,2206.652777777778,0.0,0.20833333333333334,19.0,583.0,480.0,3.0,0.0,0.0,0.0,0.0,0.0,19.0,0.0,0.0,0.0,0.0,0.0,0.0,0.0,0.0,0.0,0.0,0.0,0.0,0.0,0.0,0.0,0.0,0.0,30.68421052631579,25.263157894736842,25.0,0.574,-0.29600000000000004,0.56,0.68,17.0,6579.88,6006.64,0.4,1.68,0.44,0.04,0.52,14.35,17.0,11.0,1.0,5.0,6.0,6.0,0.0,0.0,0.0,0.0,4.0,4.0,1.0,1.0,1.0,1.0,0.68,-0.43529411764705883,0.5882352941176471,2.4705882352941178,-0.440418118466899,0.5888501742160278,2.5087108013937285,0.6470588235294118,0.058823529411764705,0.29411764705882354,2.8848158398052615,108.50260869565217,0,0,1,0.0,0.0,1.0,0.0,0.0,0.0,0.0,0.0,0.0,0.0,1.0,1.0,0.0,1.0,0.0,36.0,32.0,0.0,31.0,5.5677643628300135,30.0,28.0,0.0,25.0,7.000000000000012,0.8333333333333334,0.875,0.0,0.7961111111111113,0.10269065376347658,0.6847222222222222,0.7203125,0.0,0.6596782407407408,0.0763035888434897,-0.058333333333333334,-0.190625,0.0,-0.18165277777777777,0.1190870970752703,-0.07,-0.21785714285714283,0.0,-0.24105042016806735,0.1837481814364492,-0.07221095334685598,-0.22906724511930587,0.0,-0.24723210564435374,0.1847744590841912,0.2777777777777778,0.53125,0.0,0.4030092592592593,0.1267629030534371,0.3333333333333333,0.6071428571428571,0.0,0.5095704948646125,0.15291836650101834,0.3448275862068965,0.6203904555314533,0.0,0.5180227386514591,0.15081816190062983,0.8888888888888888,1.5625,0.0,1.3771296296296296,0.42689088557768295,1.0666666666666667,1.7857142857142858,0.0,1.7743230625583564,0.7020301009843367,1.1115618661257607,1.845986984815618,0.0,1.8220865507783692,0.6988810413013616,0.2777777777777778,0.53125,0.0,0.4163425925925926,0.12838144941344876,0.3333333333333333,0.6071428571428571,0.0,0.5291783380018674,0.17077696121947092,0.0,0.0,0.0,0.01333333333333337,0.02309401076758669,0.0,0.0,0.0,0.0196078431372549,0.03396178054058085,0.6386828939431544,56.366,0.05325191706901933,56.040666666666674,0.5377223571057567,1.7054295793633045,2.836442313587759,-24.49222931236259,18.399566111337794,91.64105263157894,10.116378639757428,-0.41956069527200324,low,high,1.0,0,0,1
2022-04-01,56.488,61.0,0.0,0.0,68.26229508196721,869.0,0.0,0.13114754098360656,16.0,321.0,250.0,1.0,0.0,0.0,0.0,0.0,0.0,13.0,0.0,0.0,0.0,0.0,0.0,0.0,0.0,0.0,0.0,0.0,0.0,0.0,0.0,0.0,0.0,0.0,0.0,20.0625,15.625,17.0,0.8205882352941177,-0.33529411764705885,0.7647058823529411,1.0,17.0,3130.0588235294117,2965.9411764705883,0.8235294117647058,2.4705882352941178,0.8235294117647058,0.0,0.17647058823529413,13.950000000000001,17.0,14.0,0.0,3.0,5.0,5.0,0.0,0.0,0.0,0.0,8.0,8.0,2.0,2.0,0.0,0.0,1.0,-0.33529411764705885,0.8235294117647058,2.4705882352941178,-0.3437275985663082,0.8279569892473119,2.5053763440860215,0.8235294117647058,0.0,0.17647058823529413,3.5781470235923547,101.7775,0,0,1,0.0,0.0,0.0,0.0,0.0,0.0,0.0,0.0,0.0,0.0,1.0,1.0,1.0,1.0,0.0,25.0,36.0,32.0,26.0,9.53939201416945,17.0,30.0,28.0,21.333333333333332,7.505553499465146,0.68,0.8333333333333334,0.875,0.8377777777777781,0.1600462896002737,0.574,0.6847222222222222,0.7203125,0.6931034858387801,0.12350758531857349,-0.29600000000000004,-0.058333333333333334,-0.190625,-0.22987581699346404,0.14985367761796808,-0.43529411764705883,-0.07,-0.21785714285714283,-0.2801960784313727,0.1887771001497431,-0.440418118466899,-0.07221095334685598,-0.22906724511930587,-0.2854522234600212,0.19089563541178334,0.4,0.2777777777777778,0.53125,0.5004357298474945,0.28640306103872176,0.5882352941176471,0.3333333333333333,0.6071428571428571,0.5816993464052288,0.24516338998053655,0.5888501742160278,0.3448275862068965,0.6203904555314533,0.5872115832234119,0.24156886959183463,1.68,0.8888888888888888,1.5625,1.6798257080610022,0.7908496876069051,2.4705882352941178,1.0666666666666667,1.7857142857142858,2.0026143790849673,0.8105544955681792,2.5087108013937285,1.1115618661257607,1.845986984815618,2.0418830038685036,0.8056834639916542,0.44,0.2777777777777778,0.53125,0.5137690631808279,0.2802545584139234,0.6470588235294118,0.3333333333333333,0.6071428571428571,0.6013071895424836,0.2482799988656545,0.04,0.0,0.0,0.01333333333333337,0.02309401076758669,0.058823529411764705,0.0,0.0,0.0196078431372549,0.03396178054058085,-0.41956069527200324,56.726,0.6386828939431544,56.476,0.21702534413784622,24.03381090121497,2.8848158398052615,1.7054295793633045,-6.198107839522981,108.50260869565217,18.399566111337794,0.24075909927772088,high,low,-1.0,1,0,0
2022-05-01,56.624,47.0,0.0,0.0,67.23404255319149,504.17021276595744,0.0,0.10638297872340426,5.0,117.0,74.0,1.0,0.0,0.0,0.0,0.0,0.0,7.0,0.0,0.0,0.0,0.0,0.0,0.0,0.0,0.0,0.0,0.0,0.0,0.0,0.0,0.0,0.0,0.0,0.0,23.4,14.8,5.0,0.82,-0.13999999999999999,0.6,1.0,5.0,4636.8,4402.8,0.2,1.8,0.4,0.2,0.4,4.1,5.0,2.0,1.0,2.0,2.0,2.0,0.0,0.0,0.0,0.0,0.0,0.0,0.0,0.0,1.0,1.0,1.0,-0.13999999999999999,0.2,1.8,-0.15853658536585372,0.19512195121951223,1.926829268292683,0.4,0.2,0.4,2.788139464603503,109.55238095238094,0,0,1,0.0,0.0,0.0,0.0,0.0,0.0,0.0,0.0,0.0,0.0,1.0,1.0,1.0,1.0,0.0,17.0,25.0,36.0,15.666666666666666,10.066445913694329,17.0,17.0,30.0,13.0,6.92820323027552,1.0,0.68,0.8333333333333334,0.8933333333333335,0.18475208614067992,0.8205882352941177,0.574,0.6847222222222222,0.7381960784313727,0.14219827929469347,-0.33529411764705885,-0.29600000000000004,-0.058333333333333334,-0.25709803921568625,0.10329554691047454,-0.33529411764705885,-0.43529411764705883,-0.07,-0.30352941176470605,0.15018788694193483,-0.3437275985663082,-0.440418118466899,-0.07221095334685598,-0.3142274341330204,0.14323754553901785,0.8235294117647058,0.4,0.2777777777777778,0.47450980392156866,0.31837244697717343,0.8235294117647058,0.5882352941176471,0.3333333333333333,0.5372549019607843,0.3148753437826797,0.8279569892473119,0.5888501742160278,0.3448275862068965,0.5373097048942838,0.31955024850927577,2.4705882352941178,1.68,0.8888888888888888,1.9835294117647058,0.42605131519969264,2.4705882352941178,2.4705882352941178,1.0666666666666667,2.2470588235294118,0.38716429816245435,2.5053763440860215,2.5087108013937285,1.1115618661257607,2.313638804590811,0.33499103373038996,0.8235294117647058,0.44,0.2777777777777778,0.5545098039215687,0.23383468958445086,0.8235294117647058,0.6470588235294118,0.3333333333333333,0.6235294117647059,0.21274283905911895,0.0,0.04,0.0,0.08000000000000004,0.10583005244258403,0.0,0.058823529411764705,0.0,0.08627450980392158,0.10278699938887605,0.24075909927772088,56.488,-0.41956069527200324,56.526666666666664,0.18308832112261197,-22.078677979970408,3.5781470235923547,24.03381090121497,7.639096020614522,101.7775,-6.198107839522981,0.5156823961570911,high,high,1.0,0,0,1
2022-06-01,56.916,75.0,0.0,0.0,68.69333333333333,1916.72,0.0,0.18666666666666668,21.0,611.0,185.0,1.0,0.0,0.0,0.0,0.0,0.0,19.0,0.0,0.0,0.0,0.0,0.0,0.0,0.0,0.0,0.0,0.0,0.0,0.0,0.0,0.0,0.0,0.0,0.0,29.095238095238095,8.80952380952381,24.0,0.5583333333333333,-0.22916666666666666,0.4583333333333333,0.6666666666666666,16.0,6210.041666666667,5495.75,0.2916666666666667,1.75,0.4166666666666667,0.125,0.4583333333333333,13.4,16.0,10.0,3.0,3.0,1.0,1.0,0.0,0.0,0.0,0.0,10.0,10.0,1.0,1.0,3.0,3.0,0.6666666666666666,-0.34375,0.4375,2.625,-0.3462686567164179,0.44029850746268656,2.6529850746268657,0.625,0.1875,0.1875,2.455172202523147,114.83714285714285,0,0,1,0.0,0.0,0.0,0.0,0.0,0.0,0.0,0.0,0.0,0.0,1.0,1.0,1.0,1.0,0.0,5.0,17.0,25.0,15.333333333333334,9.609023536933044,5.0,17.0,17.0,12.666666666666666,6.658328118479405,1.0,1.0,0.68,0.8888888888888892,0.19245008972987498,0.82,0.8205882352941177,0.574,0.7329738562091505,0.1512434153209475,-0.13999999999999999,-0.33529411764705885,-0.29600000000000004,-0.23482026143790846,0.09776973175407559,-0.13999999999999999,-0.33529411764705885,-0.43529411764705883,-0.2730147058823531,0.11527167680015195,-0.15853658536585372,-0.3437275985663082,-0.440418118466899,-0.2828442802161934,0.10766111876338838,0.2,0.8235294117647058,0.4,0.4383986928104575,0.336667413712861,0.2,0.8235294117647058,0.5882352941176471,0.4870098039215686,0.31469929670587804,0.19512195121951223,0.8279569892473119,0.5888501742160278,0.4877924826431701,0.31907962109439714,1.8,2.4705882352941178,1.68,2.006862745098039,0.40237544370052164,1.8,2.4705882352941178,2.4705882352941178,2.2985294117647057,0.4385879946666846,1.926829268292683,2.5053763440860215,2.5087108013937285,2.3617302290018567,0.3837984087412071,0.4,0.8235294117647058,0.44,0.5467320261437908,0.2398583727105947,0.4,0.8235294117647058,0.6470588235294118,0.6161764705882352,0.21190252867981443,0.2,0.0,0.04,0.10833333333333338,0.10103629710818496,0.2,0.0,0.058823529411764705,0.12916666666666668,0.11203608049790979,0.5156823961570911,56.624,0.24075909927772088,56.61266666666666,0.11940407585806705,-11.942274276717601,2.788139464603503,-22.078677979970408,4.823958967225939,109.55238095238094,7.639096020614522,-0.19678122144914934,low,high,1.0,0,0,1
2022-07-01,56.804,93.0,0.0,0.0,70.78494623655914,1924.8602150537633,0.0,0.20430107526881722,30.0,600.0,516.0,1.0,0.0,0.0,0.0,0.0,0.0,25.0,0.0,0.0,0.0,0.0,0.0,0.0,0.0,0.0,0.0,0.0,0.0,0.0,0.0,0.0,0.0,0.0,0.0,20.0,17.2,26.0,0.7942307692307693,-0.04615384615384615,0.46153846153846156,0.9615384615384616,25.0,6779.576923076923,6440.7307692307695,0.34615384615384615,1.2692307692307692,0.38461538461538464,0.038461538461538464,0.5769230769230769,20.650000000000002,25.0,10.0,1.0,14.0,4.0,4.0,0.0,0.0,0.0,0.0,8.0,8.0,1.0,1.0,1.0,1.0,0.9615384615384616,-0.048,0.36,1.32,-0.058353510895883774,0.3631961259079903,1.3486682808716706,0.4,0.04,0.56,1.8611968484634294,101.619,0,0,1,0.0,0.0,0.0,0.0,0.0,0.0,0.0,0.0,0.0,0.0,1.0,1.0,1.0,1.0,0.0,24.0,5.0,17.0,18.333333333333332,11.590225767142469,16.0,5.0,17.0,15.333333333333334,10.016652800877822,0.6666666666666666,1.0,1.0,0.8760683760683762,0.18236400250728066,0.5583333333333333,0.82,0.8205882352941177,0.7241880341880341,0.14421112876720518,-0.22916666666666666,-0.13999999999999999,-0.33529411764705885,-0.13844017094017091,0.0915163805995212,-0.34375,-0.13999999999999999,-0.33529411764705885,-0.17725000000000016,0.15135285758782469,-0.3462686567164179,-0.15853658536585372,-0.3437275985663082,-0.18771958432605196,0.14615922266298484,0.2916666666666667,0.2,0.8235294117647058,0.2792735042735043,0.07386087964523656,0.4375,0.2,0.8235294117647058,0.33249999999999996,0.12111461513789451,0.44029850746268656,0.19512195121951223,0.8279569892473119,0.3328721948633962,0.1253696196385427,1.75,1.8,2.4705882352941178,1.6064102564102563,0.29307423109335906,2.625,1.8,2.4705882352941178,1.9149999999999998,0.6600568157363405,2.6529850746268657,1.926829268292683,2.5053763440860215,1.9761608745970731,0.6535562563034498,0.4166666666666667,0.4,0.8235294117647058,0.4004273504273505,0.01602991396026458,0.625,0.4,0.8235294117647058,0.4749999999999999,0.1299038105676656,0.125,0.2,0.0,0.12115384615384621,0.08083788291147634,0.1875,0.2,0.0,0.1425,0.08898735865279273,-0.19678122144914934,56.916,0.5156823961570911,56.675999999999995,0.2186869909212724,-24.192818469079157,2.455172202523147,-11.942274276717601,-11.510337620978772,114.83714285714285,4.823958967225939,-0.3027955777762159,low,low,-1.0,1,0,0
2022-08-01,56.632,81.0,0.0,0.0,71.77777777777777,1852.6913580246915,0.0,0.24691358024691357,28.0,482.0,240.0,2.0,0.0,0.0,0.0,0.0,0.0,26.0,0.0,0.0,0.0,0.0,0.0,0.0,0.0,0.0,0.0,0.0,0.0,0.0,0.0,0.0,0.0,0.0,0.0,17.214285714285715,8.571428571428571,29.0,0.7017241379310345,-0.1586206896551724,0.5517241379310345,0.8620689655172413,25.0,5076.758620689655,4921.3448275862065,0.4482758620689655,1.6206896551724137,0.4827586206896552,0.034482758620689655,0.4827586206896552,20.35,25.0,14.0,1.0,10.0,4.0,4.0,0.0,0.0,0.0,0.0,10.0,10.0,1.0,1.0,1.0,1.0,0.8620689655172413,-0.184,0.52,1.88,-0.19115479115479114,0.5356265356265356,1.941031941031941,0.56,0.04,0.4,1.5417025507816857,93.66521739130435,0,0,1,0.0,0.0,0.0,0.0,0.0,0.0,0.0,0.0,0.0,0.0,1.0,1.0,1.0,1.0,0.0,26.0,24.0,5.0,26.333333333333332,2.516611478423551,25.0,16.0,5.0,22.0,5.196152422706649,0.9615384615384616,0.6666666666666666,1.0,0.8300913645741234,0.15001422957268526,0.7942307692307693,0.5583333333333333,0.82,0.6847627468317125,0.11885986141992837,-0.04615384615384615,-0.22916666666666666,-0.13999999999999999,-0.14464706749189504,0.09230314027857356,-0.048,-0.34375,-0.13999999999999999,-0.19191666666666682,0.14803385029557825,-0.058353510895883774,-0.3462686567164179,-0.15853658536585372,-0.19859231958903112,0.14410159756270016,0.34615384615384615,0.2916666666666667,0.2,0.36203212496315945,0.07950282903519026,0.36,0.4375,0.2,0.43916666666666665,0.08001301977386875,0.3631961259079903,0.44029850746268656,0.19512195121951223,0.44637372299907074,0.08637559106475422,1.2692307692307692,1.75,1.8,1.5466401414677275,0.24879160189510424,1.32,2.625,1.8,1.9416666666666664,0.6546818565786979,1.3486682808716706,2.6529850746268657,1.926829268292683,1.9808950988434926,0.653071495420665,0.38461538461538464,0.4166666666666667,0.4,0.42801355732390217,0.05004585539755424,0.4,0.625,0.4,0.5283333333333333,0.11579435795121142,0.038461538461538464,0.125,0.2,0.06598143236074273,0.05115028022306193,0.04,0.1875,0.2,0.08916666666666667,0.08515916470547487,-0.3027955777762159,56.804,-0.19678122144914934,56.78133333333333,0.14731372417925034,-17.1660669824104,1.8611968484634294,-24.192818469079157,-7.827062467349267,101.619,-11.510337620978772,0.33549936431700456,high,low,-1.0,1,0,0
2022-09-01,56.822,60.0,0.0,0.0,67.06666666666666,1674.9166666666667,0.0,0.21666666666666667,17.0,431.0,449.0,2.0,0.0,0.0,0.0,0.0,0.0,19.0,0.0,0.0,0.0,0.0,0.0,0.0,0.0,0.0,0.0,0.0,0.0,0.0,0.0,0.0,0.0,0.0,0.0,25.352941176470587,26.41176470588235,17.0,0.6323529411764706,-0.09411764705882353,0.5294117647058824,0.7647058823529411,13.0,5548.058823529412,5205.529411764706,0.47058823529411764,1.2352941176470589,0.47058823529411764,0.0,0.5294117647058824,10.75,13.0,8.0,0.0,5.0,1.0,1.0,0.0,0.0,0.0,0.0,7.0,7.0,1.0,1.0,0.0,0.0,0.7647058823529411,-0.12307692307692308,0.6153846153846154,1.6153846153846154,-0.13209302325581396,0.6232558139534884,1.6558139534883722,0.6153846153846154,0.0,0.38461538461538464,1.046602607573227,84.25809523809524,0,0,1,0.0,0.0,0.0,0.0,0.0,0.0,0.0,0.0,0.0,0.0,1.0,1.0,1.0,1.0,0.0,29.0,26.0,24.0,24.0,6.244997998398388,25.0,25.0,16.0,21.0,6.928203230275521,0.8620689655172413,0.9615384615384616,0.6666666666666666,0.862771103136215,0.09841816806430057,0.7017241379310345,0.7942307692307693,0.5583333333333333,0.7094359494460916,0.08121398790557777,-0.1586206896551724,-0.04615384615384615,-0.22916666666666666,-0.099630727622614,0.0564357445664105,-0.184,-0.048,-0.34375,-0.11835897435897451,0.06812264146434162,-0.19115479115479114,-0.058353510895883774,-0.3462686567164179,-0.12720044176882978,0.0665356898574456,0.4482758620689655,0.34615384615384615,0.2916666666666667,0.42167264783897646,0.066345893284387,0.52,0.36,0.4375,0.49846153846153846,0.1290474890800667,0.5356265356265356,0.3631961259079903,0.44029850746268656,0.5073594918293379,0.13231413250425686,1.6206896551724137,1.2692307692307692,1.75,1.3750715140167473,0.21338727124350587,1.88,1.32,2.625,1.6051282051282048,0.2801408493303076,1.941031941031941,1.3486682808716706,2.6529850746268657,1.6485047251306613,0.29624946427631527,0.4827586206896552,0.38461538461538464,0.4166666666666667,0.44598741353305243,0.05349695337374121,0.56,0.4,0.625,0.5251282051282051,0.11184661235048664,0.034482758620689655,0.038461538461538464,0.125,0.024314765694076076,0.021150970316369096,0.04,0.04,0.1875,0.02666666666666667,0.0230940107676062,0.33549936431700456,56.632,-0.3027955777762159,56.784,0.14305243793178782,-32.11384342313174,1.5417025507816857,-17.1660669824104,-10.043346308490442,93.66521739130435,-7.827062467349267,0.8641019323501364,high,high,1.0,0,0,1
2022-10-01,57.313,87.0,0.0,0.0,66.8735632183908,2268.8735632183907,0.0,0.2988505747126437,41.0,726.0,448.0,4.0,0.0,0.0,0.0,0.0,0.0,28.0,0.0,0.0,0.0,0.0,0.0,0.0,0.0,0.0,0.0,0.0,0.0,0.0,0.0,0.0,0.0,0.0,0.0,17.70731707317073,10.926829268292684,35.0,0.77,-0.49857142857142855,0.8285714285714286,0.9142857142857143,32.0,4816.742857142857,4494.6,0.7142857142857143,2.8857142857142857,0.7714285714285715,0.05714285714285714,0.17142857142857143,26.95,32.0,27.0,2.0,3.0,2.0,2.0,0.0,0.0,0.0,0.0,10.0,10.0,15.0,15.0,2.0,2.0,0.9142857142857143,-0.5453125,0.78125,3.15625,-0.55278293135436,0.7792207792207793,3.187384044526902,0.84375,0.0625,0.09375,1.1490251900627426,87.5547619047619,0,0,1,0.0,0.0,0.0,0.0,0.0,0.0,0.0,0.0,0.0,0.0,1.0,1.0,1.0,1.0,0.0,17.0,29.0,26.0,27.0,9.16515138991167,13.0,25.0,25.0,23.333333333333332,9.609023536933059,0.7647058823529411,0.8620689655172413,0.9615384615384616,0.847020187385299,0.07591693370195714,0.6323529411764706,0.7017241379310345,0.7942307692307693,0.7013590263691684,0.0688242557571946,-0.09411764705882353,-0.1586206896551724,-0.04615384615384615,-0.25043658842847477,0.21729780209570349,-0.12307692307692308,-0.184,-0.048,-0.28412980769230783,0.22823278554201,-0.13209302325581396,-0.19115479115479114,-0.058353510895883774,-0.29201024858832186,0.22775835256821167,0.47058823529411764,0.4482758620689655,0.34615384615384615,0.5443832705495991,0.14756215907326156,0.6153846153846154,0.52,0.36,0.638878205128205,0.13220004612056682,0.6232558139534884,0.5356265356265356,0.3631961259079903,0.6460343762669343,0.12338430229920865,1.2352941176470589,1.6206896551724137,1.2692307692307692,1.9138993528445862,0.8633948273516092,1.6153846153846154,1.88,1.32,2.217211538461538,0.8239236916305885,1.6558139534883722,1.941031941031941,1.3486682808716706,2.261409979682405,0.8144988039758396,0.47058823529411764,0.4827586206896552,0.38461538461538464,0.5749251424707814,0.17028572390043709,0.6153846153846154,0.56,0.4,0.6730448717948718,0.1504062648361839,0.0,0.034482758620689655,0.038461538461538464,0.030541871921182306,0.02877454554977522,0.0,0.04,0.04,0.03416666666666667,0.03165569985538619,0.8641019323501364,56.822,0.33549936431700456,56.75266666666667,0.10488724103318725,9.78619599725672,1.046602607573227,-32.11384342313174,3.9125815238891803,84.25809523809524,-10.043346308490442,0.4850557465147398,high,high,1.0,0,0,1
2022-11-01,57.591,74.0,0.0,0.0,70.64864864864865,1786.8243243243244,0.0,0.2702702702702703,26.0,79.0,12.0,0.0,0.0,0.0,0.0,0.0,0.0,19.0,0.0,0.0,0.0,0.0,0.0,0.0,0.0,0.0,0.0,0.0,0.0,0.0,0.0,0.0,0.0,0.0,0.0,3.0384615384615383,0.46153846153846156,23.0,0.591304347826087,-0.1608695652173913,0.4782608695652174,0.7391304347826086,17.0,5082.04347826087,4612.04347826087,0.17391304347826086,1.2608695652173914,0.30434782608695654,0.13043478260869565,0.5652173913043478,13.6,17.0,7.0,3.0,7.0,0.0,0.0,0.0,0.0,0.0,0.0,5.0,5.0,3.0,3.0,3.0,3.0,0.7391304347826086,-0.2176470588235294,0.23529411764705882,1.7058823529411764,-0.23823529411764707,0.2573529411764706,1.7830882352941178,0.4117647058823529,0.17647058823529413,0.4117647058823529,1.2785412009790538,84.37047619047618,0,0,1,0.0,0.0,0.0,0.0,0.0,0.0,0.0,0.0,0.0,0.0,1.0,1.0,1.0,1.0,0.0,35.0,17.0,29.0,25.0,9.165151389911673,32.0,13.0,25.0,20.666666666666668,10.016652800877823,0.9142857142857143,0.7647058823529411,0.8620689655172413,0.8060406771404215,0.09461113533588388,0.77,0.6323529411764706,0.7017241379310345,0.6645524296675193,0.09359828695429814,-0.49857142857142855,-0.09411764705882353,-0.1586206896551724,-0.2511862136158811,0.21682605488827644,-0.5453125,-0.12307692307692308,-0.184,-0.29534549396681764,0.2215818262463735,-0.55278293135436,-0.13209302325581396,-0.19115479115479114,-0.3077037495759405,0.21877933956800275,0.7142857142857143,0.47058823529411764,0.4482758620689655,0.45292899768603095,0.27061881372803587,0.78125,0.6153846153846154,0.52,0.5439762443438914,0.27989519995877377,0.7792207792207793,0.6232558139534884,0.5356265356265356,0.553276511450246,0.2678793332461268,2.8857142857142857,1.2352941176470589,1.6206896551724137,1.793959322859579,0.9455740056008386,3.15625,1.6153846153846154,1.88,2.1591723227752637,0.8646793515174394,3.187384044526902,1.6558139534883722,1.941031941031941,2.2087620777697974,0.8498972885395872,0.7714285714285715,0.47058823529411764,0.4827586206896552,0.5154548776032152,0.2367506438455638,0.84375,0.6153846153846154,0.56,0.6236331070889894,0.21611073965683725,0.05714285714285714,0.0,0.034482758620689655,0.0625258799171843,0.06538379638095511,0.0625,0.0,0.04,0.07965686274509805,0.08947757027584714,0.4850557465147398,57.313,0.8641019323501364,56.922333333333334,0.3514119140433311,11.271816495967247,1.1490251900627426,9.78619599725672,-3.636907513664922,87.5547619047619,3.9125815238891803,0.027782118733821193,medium,high,1.0,0,0,1
2022-12-01,57.607,74.0,0.0,0.0,66.32432432432432,2219.9324324324325,0.0,0.36486486486486486,31.0,923.0,654.0,3.0,0.0,0.0,0.0,0.0,0.0,21.0,0.0,0.0,0.0,0.0,0.0,0.0,0.0,0.0,0.0,0.0,0.0,0.0,0.0,0.0,0.0,0.0,0.0,29.774193548387096,21.096774193548388,32.0,0.7296875,-0.121875,0.5625,0.90625,29.0,5151.21875,4636.09375,0.34375,1.125,0.375,0.03125,0.59375,23.35,29.0,12.0,1.0,16.0,0.0,0.0,0.0,0.0,0.0,0.0,16.0,16.0,4.0,4.0,1.0,1.0,0.90625,-0.13448275862068965,0.3793103448275862,1.2413793103448276,-0.14132762312633834,0.39186295503211993,1.297644539614561,0.41379310344827586,0.034482758620689655,0.5517241379310345,1.340538622063612,76.43714285714286,0,0,1,0.0,0.0,0.0,0.0,0.0,0.0,0.0,0.0,0.0,0.0,1.0,1.0,1.0,1.0,0.0,23.0,35.0,17.0,30.0,6.244997998398381,17.0,32.0,13.0,26.0,7.937253933193784,0.7391304347826086,0.9142857142857143,0.7647058823529411,0.8532220496894412,0.09888789420377488,0.591304347826087,0.77,0.6323529411764706,0.6969972826086958,0.0937257795981624,-0.1608695652173913,-0.49857142857142855,-0.09411764705882353,-0.26043866459627324,0.20714862777232831,-0.2176470588235294,-0.5453125,-0.12307692307692308,-0.2991474391480731,0.21720267745870914,-0.23823529411764707,-0.55278293135436,-0.13209302325581396,-0.31078194953278193,0.2151072536577877,0.17391304347826086,0.7142857142857143,0.47058823529411764,0.41064958592132506,0.27632828625790157,0.23529411764705882,0.78125,0.6153846153846154,0.4652848208248816,0.28294993242833955,0.2573529411764706,0.7792207792207793,0.6232558139534884,0.47614555847645645,0.2709505084490077,1.2608695652173914,2.8857142857142857,1.2352941176470589,1.757194616977226,0.9796849578986556,1.7058823529411764,3.15625,1.6153846153846154,2.034503887762001,0.9988375865905894,1.7830882352941178,3.187384044526902,1.6558139534883722,2.0893722731451936,0.981395069779927,0.30434782608695654,0.7714285714285715,0.47058823529411764,0.483592132505176,0.25176436224917914,0.4117647058823529,0.84375,0.6153846153846154,0.5564359364435429,0.2488233448395954,0.13043478260869565,0.05714285714285714,0.0,0.07294254658385098,0.05144538769518143,0.17647058823529413,0.0625,0.0,0.09115111561866125,0.07520505807000463,0.027782118733821193,57.591,0.4850557465147398,57.242,0.38938541318126374,4.84907494862763,1.2785412009790538,11.271816495967247,-9.40297328110712,84.37047619047618,-3.636907513664922,-0.6526984567847616,low,medium,0.0,0,1,0
2023-01-01,57.231,56.0,0.0,0.0,67.16071428571429,2066.1964285714284,0.0,0.26785714285714285,21.0,244.0,98.0,1.0,0.0,0.0,0.0,0.0,0.0,20.0,0.0,0.0,0.0,0.0,0.0,0.0,0.0,0.0,0.0,0.0,0.0,0.0,0.0,0.0,0.0,0.0,0.0,11.619047619047619,4.666666666666667,22.0,0.6318181818181818,-0.3409090909090909,0.6818181818181818,0.7727272727272727,17.0,5210.409090909091,4622.818181818182,0.3181818181818182,1.7727272727272727,0.4090909090909091,0.09090909090909091,0.5,13.9,16.0,9.0,2.0,6.0,2.0,2.0,0.0,0.0,1.0,1.0,4.0,4.0,5.0,5.0,2.0,2.0,0.7272727272727273,-0.4411764705882353,0.4117647058823529,2.2941176470588234,-0.45683453237410077,0.42805755395683454,2.3920863309352516,0.5294117647058824,0.11764705882352941,0.35294117647058826,1.0817872109949913,78.123,0,0,1,0.0,0.0,0.0,0.0,0.0,0.0,0.0,0.0,0.0,0.0,1.0,1.0,1.0,1.0,0.0,32.0,23.0,35.0,25.666666666666668,5.507570547286089,29.0,17.0,32.0,21.0,6.928203230275522,0.90625,0.7391304347826086,0.9142857142857143,0.8060359025032939,0.08839873235957266,0.7296875,0.591304347826087,0.77,0.6509366765480896,0.07114500567116752,-0.121875,-0.1608695652173913,-0.49857142857142855,-0.2078845520421607,0.11684087463166712,-0.13448275862068965,-0.2176470588235294,-0.5453125,-0.26443542934415154,0.15860996800986238,-0.14132762312633834,-0.23823529411764707,-0.55278293135436,-0.27879914987269555,0.16161751836065366,0.34375,0.17391304347826086,0.7142857142857143,0.27861495388669305,0.0915712865081274,0.3793103448275862,0.23529411764705882,0.78125,0.34212305611899924,0.09392889842401954,0.39186295503211993,0.2573529411764706,0.7792207792207793,0.35909115005514164,0.08994726014287235,1.125,1.2608695652173914,2.8857142857142857,1.3861989459815547,0.3415673362906964,1.2413793103448276,1.7058823529411764,3.15625,1.7471264367816088,0.5275796690886707,1.297644539614561,1.7830882352941178,3.187384044526902,1.8242730352813101,0.5483820287534912,0.375,0.30434782608695654,0.7714285714285715,0.36281291172595526,0.053424453200221995,0.41379310344827586,0.4117647058823529,0.84375,0.45165652467883693,0.0673456502895245,0.03125,0.13043478260869565,0.05714285714285714,0.08419795783926225,0.049931801044968825,0.034482758620689655,0.17647058823529413,0.0625,0.10953346855983774,0.0713407926777704,-0.6526984567847616,57.607,0.027782118733821193,57.50366666666667,0.16531585928682774,-19.302048207331858,1.340538622063612,4.84907494862763,2.205547041453304,76.43714285714286,-9.40297328110712,-0.00698921912950512,medium,low,-1.0,1,0,0
2023-02-01,57.227,57.0,0.0,0.0,70.03508771929825,2730.1754385964914,0.0,0.2982456140350877,18.0,942.0,240.0,2.0,0.0,0.0,0.0,0.0,0.0,18.0,0.0,0.0,0.0,0.0,0.0,0.0,0.0,0.0,0.0,0.0,0.0,0.0,0.0,0.0,0.0,0.0,0.0,52.333333333333336,13.333333333333334,21.0,0.7238095238095238,-0.3,0.6666666666666666,0.9047619047619048,19.0,7347.619047619048,6812.142857142857,0.23809523809523808,1.7619047619047619,0.38095238095238093,0.14285714285714285,0.47619047619047616,15.2,19.0,8.0,3.0,8.0,0.0,0.0,0.0,0.0,0.0,0.0,6.0,6.0,3.0,3.0,3.0,3.0,0.9047619047619048,-0.33157894736842103,0.2631578947368421,1.9473684210526316,-0.34967105263157894,0.26973684210526316,2.072368421052632,0.42105263157894735,0.15789473684210525,0.42105263157894735,-0.22467584376963035,76.83263157894737,0,0,1,0.0,0.0,0.0,0.0,0.0,0.0,0.0,0.0,0.0,0.0,1.0,1.0,1.0,1.0,0.0,22.0,32.0,23.0,25.0,6.082762530298208,17.0,29.0,17.0,21.666666666666668,6.429100507328651,0.7727272727272727,0.90625,0.7391304347826086,0.8612463924963927,0.07666341715827782,0.6318181818181818,0.7296875,0.591304347826087,0.6951050685425687,0.05488679417194266,-0.3409090909090909,-0.121875,-0.1608695652173913,-0.2542613636363636,0.11646029532590377,-0.4411764705882353,-0.13448275862068965,-0.2176470588235294,-0.3024127255257821,0.15541318995676923,-0.45683453237410077,-0.14132762312633834,-0.23823529411764707,-0.3159444027106728,0.16043462105148784,0.3181818181818182,0.34375,0.17391304347826086,0.30000901875901875,0.05512186641827447,0.4117647058823529,0.3793103448275862,0.23529411764705882,0.35141098181559366,0.07813307188422726,0.42805755395683454,0.39186295503211993,0.2573529411764706,0.36321911703140586,0.08295609707462535,1.7727272727272727,1.125,1.2608695652173914,1.553210678210678,0.3708808034737844,2.2941176470588234,1.2413793103448276,1.7058823529411764,1.8276217928187606,0.5364875978313665,2.3920863309352516,1.297644539614561,1.7830882352941178,1.9206997638674814,0.5627639334806073,0.4090909090909091,0.375,0.30434782608695654,0.3883477633477634,0.01820896156406438,0.5294117647058824,0.41379310344827586,0.4117647058823529,0.4547524999110351,0.06475862530930014,0.09090909090909091,0.03125,0.13043478260869565,0.08833874458874463,0.0558479506726849,0.11764705882352941,0.034482758620689655,0.17647058823529413,0.10334151809544145,0.06293739320764616,-0.00698921912950512,57.231,-0.6526984567847616,57.476333333333336,0.21261545882587143,-120.76894989015273,1.0817872109949913,-19.302048207331858,-1.6517138628222572,78.123,2.205547041453304,0.11183532248764116,high,medium,0.0,0,1,0
2023-03-01,57.291,74.0,0.0,0.0,72.41891891891892,1739.0,0.0,0.17567567567567569,19.0,216.0,120.0,0.0,0.0,0.0,0.0,0.0,0.0,16.0,0.0,0.0,0.0,0.0,0.0,0.0,0.0,0.0,0.0,0.0,0.0,0.0,0.0,0.0,0.0,0.0,0.0,11.368421052631579,6.315789473684211,22.0,0.7045454545454546,-0.18409090909090908,0.5,0.8636363636363636,19.0,6264.181818181818,5526.5,0.45454545454545453,1.5,0.45454545454545453,0.0,0.5454545454545454,15.5,19.0,10.0,0.0,9.0,0.0,0.0,0.0,0.0,0.0,0.0,6.0,6.0,4.0,4.0,0.0,0.0,0.8636363636363636,-0.2131578947368421,0.5263157894736842,1.736842105263158,-0.2359677419354839,0.5516129032258065,1.8354838709677421,0.5263157894736842,0.0,0.47368421052631576,-1.167684013034566,73.27782608695652,0,0,1,0.0,0.0,0.0,0.0,0.0,0.0,0.0,0.0,0.0,0.0,1.0,1.0,1.0,1.0,0.0,21.0,22.0,32.0,21.666666666666668,0.5773502691895384,19.0,17.0,29.0,18.333333333333332,1.1547005383793356,0.9047619047619048,0.7727272727272727,0.90625,0.8470418470418473,0.0675634479573409,0.7238095238095238,0.6318181818181818,0.7296875,0.6867243867243867,0.04851592103685721,-0.3,-0.3409090909090909,-0.121875,-0.27499999999999997,0.08134331894624235,-0.33157894736842103,-0.4411764705882353,-0.13448275862068965,-0.3286377708978329,0.11403773771255767,-0.34967105263157894,-0.45683453237410077,-0.14132762312633834,-0.34749110898038804,0.11044953098771315,0.23809523809523808,0.3181818181818182,0.34375,0.33694083694083693,0.10943765183398917,0.2631578947368421,0.4117647058823529,0.3793103448275862,0.4004127966976263,0.1319457038792306,0.26973684210526316,0.42805755395683454,0.39186295503211993,0.41646909976263463,0.14129489609028892,1.7619047619047619,1.7727272727272727,1.125,1.678210678210678,0.1544298094810563,1.9473684210526316,2.2941176470588234,1.2413793103448276,1.9927760577915372,0.28139900048964345,2.072368421052632,2.3920863309352516,1.297644539614561,2.0999795409852084,0.2793266100256339,0.38095238095238093,0.4090909090909091,0.375,0.4148629148629149,0.03713451437938709,0.42105263157894735,0.5294117647058824,0.41379310344827586,0.49226006191950455,0.06168686948969424,0.14285714285714285,0.09090909090909091,0.03125,0.07792207792207796,0.07230862808870216,0.15789473684210525,0.11764705882352941,0.034482758620689655,0.09184726522187821,0.08204821139443642,0.11183532248764116,57.227,-0.00698921912950512,57.355,0.21824756584753233,419.71942930893886,-0.22467584376963035,-120.76894989015273,-4.626687149636677,76.83263157894737,-1.6517138628222572,-0.26007575360875723,low,high,1.0,0,0,1
2023-04-01,57.142,55.0,0.0,0.0,67.63636363636364,1793.2727272727273,0.0,0.21818181818181817,21.0,292.0,104.0,0.0,0.0,0.0,0.0,0.0,0.0,16.0,0.0,0.0,0.0,0.0,0.0,0.0,0.0,0.0,0.0,0.0,0.0,0.0,0.0,0.0,0.0,0.0,0.0,13.904761904761905,4.9523809523809526,18.0,0.5833333333333334,-0.1111111111111111,0.5,0.7222222222222222,13.0,5410.666666666667,5109.666666666667,0.16666666666666666,0.7777777777777778,0.2222222222222222,0.05555555555555555,0.7222222222222222,10.5,13.0,4.0,1.0,8.0,0.0,0.0,0.0,0.0,1.0,1.0,6.0,6.0,0.0,0.0,1.0,1.0,0.7222222222222222,-0.15384615384615385,0.23076923076923078,1.0769230769230769,-0.15523809523809523,0.24761904761904763,1.0761904761904764,0.3076923076923077,0.07692307692307693,0.6153846153846154,-1.3092244472886132,79.44631578947369,0,0,1,0.0,0.0,0.0,0.0,0.0,0.0,0.0,0.0,0.0,0.0,1.0,1.0,1.0,1.0,0.0,22.0,21.0,22.0,20.333333333333332,2.0816659994661135,19.0,19.0,17.0,17.0,3.464101615137783,0.8636363636363636,0.9047619047619048,0.7727272727272727,0.8302068302068304,0.09575141881146776,0.7045454545454546,0.7238095238095238,0.6318181818181818,0.6705627705627707,0.07615449514425389,-0.18409090909090908,-0.3,-0.3409090909090909,-0.19840067340067336,0.09525402932354393,-0.2131578947368421,-0.33157894736842103,-0.4411764705882353,-0.23286099865047247,0.09048975467521732,-0.2359677419354839,-0.34967105263157894,-0.45683453237410077,-0.24695896326838618,0.09768136434338778,0.45454545454545453,0.23809523809523808,0.3181818181818182,0.28643578643578643,0.14990382112554318,0.5263157894736842,0.2631578947368421,0.4117647058823529,0.3400809716599189,0.16209507060054817,0.5516129032258065,0.26973684210526316,0.42805755395683454,0.35632293098337237,0.16948725365664183,1.5,1.7619047619047619,1.7727272727272727,1.3465608465608465,0.5096902594496083,1.736842105263158,1.9473684210526316,2.2941176470588234,1.5870445344129553,0.4541456357311673,1.8354838709677421,2.072368421052632,2.3920863309352516,1.6613475894036167,0.5204183008649668,0.45454545454545453,0.38095238095238093,0.4090909090909091,0.35257335257335254,0.1187330956729499,0.5263157894736842,0.42105263157894735,0.5294117647058824,0.418353576248313,0.10933672928760647,0.0,0.14285714285714285,0.09090909090909091,0.06613756613756618,0.07201406131648841,0.0,0.15789473684210525,0.11764705882352941,0.07827260458839407,0.07895601876551206,-0.26007575360875723,57.291,0.11183532248764116,57.24966666666666,0.03585154573628201,12.121467166978949,-1.167684013034566,419.71942930893886,8.4179485554023,73.27782608695652,-4.626687149636677,-0.983514752721304,low,low,-1.0,1,0,0
2023-05-01,56.58,82.0,0.0,0.0,73.1951219512195,1909.7926829268292,0.0,0.23170731707317074,23.0,399.0,258.0,2.0,0.0,0.0,0.0,0.0,0.0,22.0,0.0,0.0,0.0,0.0,0.0,0.0,0.0,0.0,0.0,0.0,0.0,0.0,0.0,0.0,0.0,0.0,0.0,17.347826086956523,11.217391304347826,23.0,0.5673913043478261,-0.017391304347826084,0.30434782608695654,0.6956521739130435,16.0,6385.217391304348,5667.391304347826,0.17391304347826086,1.0869565217391304,0.2608695652173913,0.08695652173913043,0.6521739130434783,13.05,16.0,6.0,2.0,8.0,1.0,1.0,0.0,0.0,1.0,1.0,7.0,7.0,2.0,2.0,2.0,2.0,0.6956521739130435,-0.024999999999999994,0.25,1.5625,-0.028352490421455937,0.26436781609195403,1.6053639846743293,0.375,0.125,0.5,-1.5846057883553717,71.57818181818182,0,0,1,0.0,0.0,0.0,0.0,0.0,0.0,0.0,0.0,0.0,0.0,1.0,1.0,1.0,1.0,0.0,18.0,22.0,21.0,21.0,2.6457513110645743,13.0,19.0,19.0,16.0,3.0000000000000324,0.7222222222222222,0.8636363636363636,0.9047619047619048,0.7605035865905433,0.09029822336389033,0.5833333333333334,0.7045454545454546,0.7238095238095238,0.6184233640755381,0.0750086523157515,-0.1111111111111111,-0.18409090909090908,-0.3,-0.10419777484994874,0.0835645571942439,-0.15384615384615385,-0.2131578947368421,-0.33157894736842103,-0.1306680161943321,0.09619650662422993,-0.15523809523809523,-0.2359677419354839,-0.34967105263157894,-0.13985277586501185,0.1046592289502794,0.16666666666666666,0.45454545454545453,0.23809523809523808,0.2650417215634607,0.1641550367939015,0.23076923076923078,0.5263157894736842,0.2631578947368421,0.33569500674763825,0.16536223186271956,0.24761904761904763,0.5516129032258065,0.26973684210526316,0.3545332556456026,0.17088130655250733,0.7777777777777778,1.5,1.7619047619047619,1.1215780998389693,0.3623537288624084,1.0769230769230769,1.736842105263158,1.9473684210526316,1.4587550607287447,0.34197301108365397,1.0761904761904764,1.8354838709677421,2.072368421052632,1.5056794439441825,0.3893383754313586,0.2222222222222222,0.45454545454545453,0.38095238095238093,0.312545747328356,0.12448430389994067,0.3076923076923077,0.5263157894736842,0.42105263157894735,0.40300269905533054,0.11196950505535219,0.05555555555555555,0.0,0.14285714285714285,0.047504025764895375,0.04403384513325476,0.07692307692307693,0.0,0.15789473684210525,0.06730769230769232,0.06305229350291101,-0.983514752721304,57.142,-0.26007575360875723,57.22,0.07474623735238747,21.033929028522923,-1.3092244472886132,12.121467166978949,-9.903711573160656,79.44631578947369,8.4179485554023,0.270413573700945,high,low,-1.0,1,0,0
2023-06-01,56.733,56.0,0.0,0.0,72.44642857142857,1295.4107142857142,0.0,0.23214285714285715,15.0,212.0,58.0,0.0,0.0,0.0,0.0,0.0,0.0,15.0,0.0,0.0,0.0,0.0,0.0,0.0,0.0,0.0,0.0,0.0,0.0,0.0,0.0,0.0,0.0,0.0,0.0,14.133333333333333,3.8666666666666667,18.0,0.6916666666666667,-0.13333333333333333,0.4444444444444444,0.8333333333333334,15.0,2765.222222222222,2702.222222222222,0.3888888888888889,1.2777777777777777,0.3888888888888889,0.0,0.6111111111111112,12.45,15.0,7.0,0.0,8.0,0.0,0.0,0.0,0.0,1.0,1.0,4.0,4.0,5.0,5.0,0.0,0.0,0.8333333333333334,-0.16,0.4666666666666667,1.5333333333333334,-0.17269076305220885,0.4899598393574297,1.6144578313253015,0.4666666666666667,0.0,0.5333333333333333,-1.1114696919561469,70.24809523809525,0,0,1,0.0,0.0,0.0,0.0,0.0,0.0,0.0,0.0,0.0,0.0,1.0,1.0,1.0,1.0,0.0,23.0,18.0,22.0,19.666666666666668,2.886751345948117,16.0,13.0,19.0,14.666666666666666,1.5275252316520107,0.6956521739130435,0.7222222222222222,0.8636363636363636,0.7504025764895331,0.07303851511224731,0.5673913043478261,0.5833333333333334,0.7045454545454546,0.6141304347826088,0.0676198011911284,-0.017391304347826084,-0.1111111111111111,-0.18409090909090908,-0.08727858293075681,0.061535604091612725,-0.024999999999999994,-0.15384615384615385,-0.2131578947368421,-0.11294871794871807,0.07622794892451801,-0.028352490421455937,-0.15523809523809523,-0.2359677419354839,-0.1187604495705868,0.07878037961060162,0.17391304347826086,0.16666666666666666,0.45454545454545453,0.24315619967793878,0.12626020759810105,0.25,0.23076923076923078,0.5263157894736842,0.31581196581196574,0.1309973709613022,0.26436781609195403,0.24761904761904763,0.5516129032258065,0.33398223435614377,0.13533990637573198,1.0869565217391304,0.7777777777777778,1.5,1.0475040257648953,0.25232394769214034,1.5625,1.0769230769230769,1.736842105263158,1.3909188034188034,0.27231904230936443,1.6053639846743293,1.0761904761904764,1.8354838709677421,1.4320040973967023,0.30817718002578043,0.2608695652173913,0.2222222222222222,0.45454545454545453,0.29066022544283415,0.08723564077798263,0.375,0.3076923076923077,0.5263157894736842,0.3831196581196581,0.07979760860334231,0.08695652173913043,0.05555555555555555,0.0,0.047504025764895375,0.04403384513325476,0.125,0.07692307692307693,0.0,0.06730769230769232,0.06305229350291101,0.270413573700945,56.58,-0.983514752721304,57.00433333333333,0.3749591088793764,-29.858283989375213,-1.5846057883553717,21.033929028522923,-1.8582290668756718,71.57818181818182,-9.903711573160656,0.3278515149912842,high,high,1.0,0,0,1
2023-07-01,56.919,73.0,0.0,0.0,69.08219178082192,2072.205479452055,0.0,0.3013698630136986,27.0,311.0,234.0,1.0,0.0,0.0,0.0,0.0,0.0,22.0,0.0,0.0,0.0,0.0,0.0,0.0,0.0,0.0,0.0,0.0,0.0,0.0,0.0,0.0,0.0,0.0,0.0,11.518518518518519,8.666666666666666,24.0,0.5895833333333333,-0.2708333333333333,0.625,0.7083333333333334,17.0,6195.666666666667,5769.791666666667,0.4166666666666667,1.7083333333333333,0.5,0.08333333333333333,0.4166666666666667,14.15,17.0,12.0,2.0,3.0,1.0,1.0,0.0,0.0,0.0,0.0,8.0,8.0,4.0,4.0,2.0,2.0,0.7083333333333334,-0.38235294117647056,0.5882352941176471,2.411764705882353,-0.3946996466431095,0.6042402826855124,2.4876325088339226,0.7058823529411765,0.11764705882352941,0.17647058823529413,-0.9432739248144683,76.0695,0,0,1,0.0,0.0,0.0,0.0,0.0,0.0,0.0,0.0,0.0,0.0,1.0,1.0,1.0,1.0,0.0,18.0,23.0,18.0,21.666666666666668,3.2145502536643034,15.0,16.0,13.0,16.0,1.0000000000000981,0.8333333333333334,0.6956521739130435,0.7222222222222222,0.7457729468599036,0.07609414504804435,0.6916666666666667,0.5673913043478261,0.5833333333333334,0.6162137681159421,0.06627953275637279,-0.13333333333333333,-0.017391304347826084,-0.1111111111111111,-0.14051932367149755,0.12687373391261056,-0.16,-0.024999999999999994,-0.15384615384615385,-0.1891176470588236,0.18044710906398717,-0.17269076305220885,-0.028352490421455937,-0.15523809523809523,-0.19858096670559156,0.18454074537032011,0.3888888888888889,0.17391304347826086,0.16666666666666666,0.32648953301127215,0.13286305018036756,0.4666666666666667,0.25,0.23076923076923078,0.43496732026143786,0.17133130177700157,0.4899598393574297,0.26436781609195403,0.24761904761904763,0.45285597937829863,0.17294752298344637,1.2777777777777777,1.0869565217391304,0.7777777777777778,1.3576892109500804,0.3183027856624581,1.5333333333333334,1.5625,1.0769230769230769,1.835866013071895,0.4989560620903439,1.6144578313253015,1.6053639846743293,1.0761904761904764,1.902484774944518,0.5067732011153038,0.3888888888888889,0.2608695652173913,0.2222222222222222,0.3832528180354267,0.11966480343371132,0.4666666666666667,0.375,0.3076923076923077,0.5158496732026143,0.1708362050939689,0.0,0.08695652173913043,0.05555555555555555,0.05676328502415464,0.04919181607347016,0.0,0.125,0.07692307692307693,0.08088235294117647,0.07014258833948755,0.3278515149912842,56.733,0.270413573700945,56.81833333333333,0.29055521563304726,-15.132735364619798,-1.1114696919561469,-29.858283989375213,8.286921861972196,70.24809523809525,-1.8582290668756718,0.361917813032564,high,high,1.0,0,0,1
2023-08-01,57.125,80.0,0.0,0.0,69.8375,1413.825,0.0,0.2375,31.0,1870.0,1022.0,4.0,0.0,0.0,0.0,0.0,0.0,28.0,0.0,0.0,0.0,0.0,0.0,0.0,0.0,0.0,0.0,0.0,0.0,0.0,0.0,0.0,0.0,0.0,0.0,60.32258064516129,32.96774193548387,29.0,0.5793103448275863,-0.15517241379310345,0.4827586206896552,0.7241379310344828,21.0,3831.9655172413795,3550.9655172413795,0.20689655172413793,0.8620689655172413,0.2413793103448276,0.034482758620689655,0.7241379310344828,16.8,21.0,7.0,1.0,13.0,1.0,1.0,0.0,0.0,0.0,0.0,7.0,7.0,2.0,2.0,1.0,1.0,0.7241379310344828,-0.21428571428571427,0.2857142857142857,1.1904761904761905,-0.2199404761904762,0.29464285714285715,1.2589285714285714,0.3333333333333333,0.047619047619047616,0.6190476190476191,-1.0760872452166104,81.38608695652174,0,0,1,0.0,0.0,0.0,0.0,0.0,0.0,0.0,0.0,0.0,0.0,1.0,1.0,1.0,1.0,0.0,24.0,18.0,23.0,23.666666666666668,5.5075705472860905,17.0,15.0,16.0,17.666666666666668,3.055050463303925,0.7083333333333334,0.8333333333333334,0.6956521739130435,0.7552681992337167,0.06806665996372212,0.5895833333333333,0.6916666666666667,0.5673913043478261,0.6201867816091955,0.062116133565137614,-0.2708333333333333,-0.13333333333333333,-0.017391304347826084,-0.18644636015325666,0.07389253880266518,-0.38235294117647056,-0.16,-0.024999999999999994,-0.2522128851540617,0.11592696118683823,-0.3946996466431095,-0.17269076305220885,-0.028352490421455937,-0.2624436286285983,0.11694817045898234,0.4166666666666667,0.3888888888888889,0.17391304347826086,0.3374840357598978,0.1139417371934465,0.5882352941176471,0.4666666666666667,0.25,0.4468720821661997,0.1522288057924859,0.6042402826855124,0.4899598393574297,0.26436781609195403,0.4629476597285997,0.15655633127371194,1.7083333333333333,1.2777777777777777,1.0869565217391304,1.2827266922094507,0.42315388911639396,2.411764705882353,1.5333333333333334,1.5625,1.7118580765639584,0.6299124720347372,2.4876325088339226,1.6144578313253015,1.6053639846743293,1.7870063038625987,0.6322642430029275,0.5,0.3888888888888889,0.2608695652173913,0.3767560664112388,0.12973653808925548,0.7058823529411765,0.4666666666666667,0.375,0.5019607843137254,0.18876559288719594,0.08333333333333333,0.0,0.08695652173913043,0.03927203065134104,0.04187259194328524,0.11764705882352941,0.0,0.125,0.05508870214752568,0.05917815827261595,0.361917813032564,56.919,0.3278515149912842,56.744,0.16976748804824673,14.080037294390912,-0.9432739248144683,-15.132735364619798,6.989117789024157,76.0695,8.286921861972196,0.4148796498905982,high,high,1.0,0,0,1
2023-09-01,57.362,78.0,0.0,0.0,76.17948717948718,1990.923076923077,0.0,0.15384615384615385,20.0,110.0,71.0,1.0,0.0,0.0,0.0,0.0,0.0,13.0,0.0,0.0,0.0,0.0,0.0,0.0,0.0,0.0,0.0,0.0,0.0,0.0,0.0,0.0,0.0,0.0,0.0,5.5,3.55,21.0,0.6095238095238096,-0.14761904761904762,0.5714285714285714,0.7142857142857143,15.0,7422.619047619048,6229.857142857143,0.42857142857142855,1.1904761904761905,0.42857142857142855,0.0,0.5714285714285714,12.8,15.0,9.0,0.0,6.0,0.0,0.0,0.0,0.0,0.0,0.0,9.0,9.0,1.0,1.0,3.0,3.0,0.7142857142857143,-0.20666666666666667,0.6,1.6666666666666667,-0.20859375,0.6015625,1.68359375,0.6,0.0,0.4,-0.6573187813834965,89.425,0,0,1,0.0,0.0,0.0,0.0,0.0,0.0,0.0,0.0,0.0,0.0,1.0,1.0,1.0,1.0,0.0,29.0,24.0,18.0,24.666666666666668,4.041451884327363,21.0,17.0,15.0,17.666666666666668,3.055050463303925,0.7241379310344828,0.7083333333333334,0.8333333333333334,0.715585659551177,0.007982087470922805,0.5793103448275863,0.5895833333333333,0.6916666666666667,0.5928058292282432,0.0153623475446382,-0.15517241379310345,-0.2708333333333333,-0.13333333333333333,-0.19120826491516144,0.06906067604352585,-0.21428571428571427,-0.38235294117647056,-0.16,-0.2677684407096173,0.09930618451075655,-0.2199404761904762,-0.3946996466431095,-0.17269076305220885,-0.2744112909445287,0.10432714620994701,0.20689655172413793,0.4166666666666667,0.3888888888888889,0.3507115489874111,0.12468959827258586,0.2857142857142857,0.5882352941176471,0.4666666666666667,0.49131652661064423,0.17815390305106382,0.29464285714285715,0.6042402826855124,0.4899598393574297,0.5001485466094565,0.17797818386640413,0.8620689655172413,1.7083333333333333,1.2777777777777777,1.2536261631089216,0.4266518303504937,1.1904761904761905,2.411764705882353,1.5333333333333334,1.7563025210084031,0.6155585668751781,1.2589285714285714,2.4876325088339226,1.6144578313253015,1.8100516100874982,0.624036885313906,0.2413793103448276,0.5,0.3888888888888889,0.3899835796387521,0.1335587205815012,0.3333333333333333,0.7058823529411765,0.4666666666666667,0.5464052287581699,0.19197003055435322,0.034482758620689655,0.08333333333333333,0.0,0.03927203065134104,0.04187259194328525,0.047619047619047616,0.11764705882352941,0.0,0.05508870214752568,0.05917815827261595,0.4148796498905982,57.125,0.361917813032564,56.925666666666665,0.19608501557129104,-38.91584680467224,-1.0760872452166104,14.080037294390912,9.87750283137807,81.38608695652174,6.989117789024157,0.02091977267180134,medium,high,1.0,0,0,1
2023-10-01,57.374,67.0,0.0,0.0,73.61194029850746,2721.0746268656717,0.0,0.34328358208955223,30.0,510.0,174.0,3.0,0.0,0.0,0.0,0.0,0.0,25.0,0.0,0.0,0.0,0.0,0.0,0.0,0.0,0.0,0.0,0.0,0.0,0.0,0.0,0.0,0.0,0.0,0.0,17.0,5.8,29.0,0.6775862068965517,-0.08620689655172412,0.4482758620689655,0.8275862068965517,24.0,5830.379310344828,5355.689655172414,0.4827586206896552,1.4137931034482758,0.4827586206896552,0.0,0.5172413793103449,19.65,24.0,14.0,0.0,10.0,0.0,0.0,0.0,0.0,0.0,0.0,8.0,8.0,8.0,8.0,0.0,0.0,0.8275862068965517,-0.10416666666666664,0.5833333333333334,1.7083333333333333,-0.11857506361323157,0.6055979643765904,1.78117048346056,0.5833333333333334,0.0,0.4166666666666667,-0.3799114111561812,85.63952380952381,0,0,1,0.0,0.0,0.0,0.0,0.0,0.0,0.0,0.0,0.0,0.0,1.0,1.0,1.0,1.0,0.0,21.0,29.0,24.0,26.333333333333332,4.618802153516988,15.0,21.0,17.0,20.0,4.582575694955861,0.7142857142857143,0.7241379310344828,0.7083333333333334,0.755336617405583,0.06276359557837738,0.6095238095238096,0.5793103448275863,0.5895833333333333,0.6221401204159825,0.05033800494403589,-0.14761904761904762,-0.15517241379310345,-0.2708333333333333,-0.1296661193212917,0.03782580293848517,-0.20666666666666667,-0.21428571428571427,-0.38235294117647056,-0.17503968253968263,0.06149594097058924,-0.20859375,-0.2199404761904762,-0.3946996466431095,-0.1823697632679027,0.05553836355918843,0.42857142857142855,0.20689655172413793,0.4166666666666667,0.37274220032840716,0.14615966378636283,0.6,0.2857142857142857,0.5882352941176471,0.48968253968253955,0.17683814892321215,0.6015625,0.29464285714285715,0.6042402826855124,0.5006011071731491,0.17837648894918287,1.1904761904761905,0.8620689655172413,1.7083333333333333,1.1554460864805691,0.2775251560370555,1.6666666666666667,1.1904761904761905,2.411764705882353,1.5218253968253963,0.28771209600737896,1.68359375,1.2589285714285714,2.4876325088339226,1.574564268296377,0.2776683715894287,0.42857142857142855,0.2413793103448276,0.5,0.3842364532019704,0.12664985351903868,0.6,0.3333333333333333,0.7058823529411765,0.5055555555555555,0.149381440663875,0.0,0.034482758620689655,0.08333333333333333,0.011494252873563265,0.019908629972058074,0.0,0.047619047619047616,0.11764705882352941,0.015873015873015883,0.02749286996142895,0.02091977267180134,57.362,0.4148796498905982,57.135333333333335,0.22168070130628684,-42.20286687129799,-0.6573187813834965,-38.91584680467224,-4.2331296510776495,89.425,9.87750283137807,0.37822009969672443,high,medium,0.0,0,1,0
2023-11-01,57.591,73.0,0.0,0.0,71.28767123287672,2404.6164383561645,0.0,0.2602739726027397,23.0,410.0,146.0,1.0,0.0,0.0,0.0,0.0,0.0,18.0,0.0,0.0,0.0,0.0,0.0,0.0,0.0,0.0,0.0,0.0,0.0,0.0,0.0,0.0,0.0,0.0,0.0,17.82608695652174,6.3478260869565215,26.0,0.6307692307692307,-0.011538461538461527,0.2692307692307692,0.8076923076923077,21.0,6349.576923076923,5884.961538461538,0.15384615384615385,0.6923076923076923,0.19230769230769232,0.038461538461538464,0.7692307692307693,16.4,21.0,5.0,1.0,15.0,0.0,0.0,0.0,0.0,0.0,0.0,3.0,3.0,3.0,3.0,1.0,1.0,0.8076923076923077,-0.014285714285714271,0.19047619047619047,0.8571428571428571,-0.03018292682926829,0.20731707317073172,0.9207317073170733,0.23809523809523808,0.047619047619047616,0.7142857142857143,0.162066763386877,77.685,0,0,1,0.0,0.0,0.0,0.0,0.0,0.0,0.0,0.0,0.0,0.0,1.0,1.0,1.0,1.0,0.0,29.0,21.0,29.0,25.333333333333332,4.041451884327362,24.0,15.0,21.0,20.0,4.582575694955861,0.8275862068965517,0.7142857142857143,0.7241379310344828,0.7831880762915248,0.06049457350764427,0.6775862068965517,0.6095238095238096,0.5793103448275863,0.6392930823965308,0.03482261505049068,-0.08620689655172412,-0.14761904761904762,-0.15517241379310345,-0.08178813523641107,0.06814782143018469,-0.10416666666666664,-0.20666666666666667,-0.21428571428571427,-0.10837301587301595,0.09625942935622017,-0.11857506361323157,-0.20859375,-0.2199404761904762,-0.11911724681416674,0.08920664733124946,0.4827586206896552,0.42857142857142855,0.20689655172413793,0.3550587343690792,0.17634891513115578,0.5833333333333334,0.6,0.2857142857142857,0.4579365079365079,0.2317772864333883,0.6055979643765904,0.6015625,0.29464285714285715,0.4714925125157739,0.22879153897826376,1.4137931034482758,1.1904761904761905,0.8620689655172413,1.0988589954107195,0.3693651072393289,1.7083333333333333,1.6666666666666667,1.1904761904761905,1.4107142857142854,0.47985937802207324,1.78117048346056,1.68359375,1.2589285714285714,1.461831980259211,0.47113950562625195,0.4827586206896552,0.42857142857142855,0.2413793103448276,0.367879247189592,0.15444445962918285,0.5833333333333334,0.6,0.3333333333333333,0.47380952380952374,0.2043045834331462,0.0,0.0,0.034482758620689655,0.012820512820512867,0.022205779584218183,0.0,0.0,0.047619047619047616,0.015873015873015883,0.02749286996142895,0.37822009969672443,57.374,0.02091977267180134,57.287000000000006,0.14042435685574867,-142.65909331169092,-0.3799114111561812,-42.20286687129799,-9.288379308619177,85.63952380952381,-4.2331296510776495,-0.0955010331475381,medium,high,1.0,0,0,1
2023-12-01,57.536,63.0,0.0,0.0,72.58730158730158,1831.5396825396826,0.0,0.23809523809523808,20.0,114.0,60.0,1.0,0.0,0.0,0.0,0.0,0.0,13.0,0.0,0.0,0.0,0.0,0.0,0.0,0.0,0.0,0.0,0.0,0.0,0.0,0.0,0.0,0.0,0.0,0.0,5.7,3.0,20.0,0.5875,0.045000000000000005,0.2,0.75,15.0,5734.15,5367.35,0.2,0.5,0.2,0.0,0.8,11.75,15.0,4.0,0.0,11.0,0.0,0.0,0.0,0.0,0.0,0.0,9.0,9.0,0.0,0.0,0.0,0.0,0.75,0.06000000000000001,0.26666666666666666,0.6666666666666666,0.06297872340425534,0.26382978723404255,0.6638297872340426,0.26666666666666666,0.0,0.7333333333333333,-0.16603067733632892,71.9,0,0,1,0.0,0.0,0.0,0.0,0.0,0.0,0.0,0.0,0.0,0.0,1.0,1.0,1.0,1.0,0.0,26.0,29.0,21.0,25.0,4.582575694955823,21.0,24.0,15.0,20.0,4.582575694955861,0.8076923076923077,0.8275862068965517,0.7142857142857143,0.7950928381962866,0.04029844722609474,0.6307692307692307,0.6775862068965517,0.6095238095238096,0.6319518125552609,0.04505474495558479,-0.011538461538461527,-0.08620689655172412,-0.14761904761904762,-0.01758178603006186,0.06581188155543742,-0.014285714285714271,-0.10416666666666664,-0.20666666666666667,-0.01948412698412708,0.08220669821887135,-0.03018292682926829,-0.11857506361323157,-0.20859375,-0.028593089012748305,0.09078733437715664,0.15384615384615385,0.4827586206896552,0.42857142857142855,0.278868258178603,0.1780758386821878,0.19047619047619047,0.5833333333333334,0.6,0.34682539682539676,0.2083344671170969,0.20731707317073172,0.6055979643765904,0.6015625,0.35891494159378806,0.21549433173437538,0.6923076923076923,1.4137931034482758,1.1904761904761905,0.8687002652519894,0.4817574221741046,0.8571428571428571,1.7083333333333333,1.6666666666666667,1.0773809523809519,0.5546584309795364,0.9207317073170733,1.78117048346056,1.68359375,1.1219106593372254,0.5852070453377475,0.19230769230769232,0.4827586206896552,0.42857142857142855,0.29168877099911583,0.1655160369721985,0.23809523809523808,0.5833333333333334,0.6,0.3626984126984126,0.19160873619262897,0.038461538461538464,0.0,0.0,0.012820512820512867,0.022205779584218183,0.047619047619047616,0.0,0.0,0.015873015873015883,0.02749286996142895,-0.0955010331475381,57.591,0.37822009969672443,57.44233333333333,0.12888884098990602,-202.44585247870316,0.162066763386877,-142.65909331169092,-7.446740039904743,77.685,-9.288379308619177,0.5857202447163479,high,medium,0.0,0,1,0
2024-01-01,57.873,67.0,0.0,0.0,71.01492537313433,2294.089552238806,0.0,0.2835820895522388,27.0,684.0,209.0,3.0,0.0,0.0,0.0,0.0,0.0,21.0,0.0,0.0,0.0,0.0,0.0,0.0,0.0,0.0,0.0,0.0,0.0,0.0,0.0,0.0,0.0,0.0,0.0,25.333333333333332,7.7407407407407405,26.0,0.5942307692307692,0.05,0.2692307692307692,0.7307692307692307,19.0,5841.038461538462,5724.038461538462,0.07692307692307693,0.8846153846153846,0.19230769230769232,0.11538461538461539,0.6923076923076923,15.450000000000001,19.0,5.0,3.0,11.0,0.0,0.0,0.0,0.0,0.0,0.0,4.0,4.0,1.0,1.0,3.0,3.0,0.7307692307692307,0.06842105263157895,0.10526315789473684,1.2105263157894737,0.051132686084142384,0.10679611650485435,1.284789644012945,0.2631578947368421,0.15789473684210525,0.5789473684210527,-0.3502112341004736,74.15238095238095,0,0,1,0.0,0.0,0.0,0.0,0.0,0.0,0.0,0.0,0.0,0.0,1.0,1.0,1.0,1.0,0.0,20.0,26.0,29.0,24.0,3.4641016151377344,15.0,21.0,24.0,18.333333333333332,3.055050463303925,0.75,0.8076923076923077,0.8275862068965517,0.7628205128205131,0.04003203845126939,0.5875,0.6307692307692307,0.6775862068965517,0.6041666666666669,0.023283000799574037,0.045000000000000005,-0.011538461538461527,-0.08620689655172412,0.027820512820512844,0.03417742891065607,0.06000000000000001,-0.014285714285714271,-0.10416666666666664,0.03804511278195479,0.045514998934920975,0.06297872340425534,-0.03018292682926829,-0.11857506361323157,0.027976160886376347,0.05071431516824556,0.2,0.15384615384615385,0.4827586206896552,0.1435897435897436,0.06217618283580691,0.26666666666666666,0.19047619047619047,0.5833333333333334,0.18746867167919792,0.08074377398882668,0.26382978723404255,0.20731707317073172,0.6055979643765904,0.1926476589698761,0.07953796087666223,0.5,0.6923076923076923,1.4137931034482758,0.6923076923076922,0.19230769230769007,0.6666666666666666,0.8571428571428571,1.7083333333333333,0.9114452798663321,0.275966292001787,0.6638297872340426,0.9207317073170733,1.78117048346056,0.9564503795213536,0.31201707259499395,0.2,0.19230769230769232,0.4827586206896552,0.19487179487179487,0.004441155916830128,0.26666666666666666,0.23809523809523808,0.5833333333333334,0.2559732664995822,0.015581906007738682,0.0,0.038461538461538464,0.0,0.05128205128205133,0.058750970448152494,0.0,0.047619047619047616,0.0,0.0685045948203843,0.08099284870922102,0.5857202447163479,57.536,-0.0955010331475381,57.50033333333334,0.11281105146099786,110.93164210313344,-0.16603067733632892,-202.44585247870316,3.1326577919067455,71.9,-7.446740039904743,0.2954745736353681,high,high,1.0,0,0,1
2024-02-01,58.044,77.0,0.0,0.0,70.45454545454545,1896.4935064935064,0.0,0.2597402597402597,26.0,279.0,32.0,1.0,0.0,0.0,0.0,0.0,0.0,20.0,0.0,0.0,0.0,0.0,0.0,0.0,0.0,0.0,0.0,0.0,0.0,0.0,0.0,0.0,0.0,0.0,0.0,10.73076923076923,1.2307692307692308,25.0,0.63,-0.184,0.52,0.76,19.0,5775.8,5546.04,0.4,1.64,0.48,0.08,0.44,15.75,19.0,12.0,2.0,5.0,1.0,1.0,0.0,0.0,0.0,0.0,13.0,13.0,2.0,2.0,2.0,2.0,0.76,-0.2421052631578947,0.5263157894736842,2.1578947368421053,-0.24285714285714283,0.5301587301587302,2.1904761904761907,0.631578947368421,0.10526315789473684,0.2631578947368421,-0.19415976579071947,77.249,0,0,1,0.0,0.0,0.0,0.0,0.0,0.0,0.0,0.0,0.0,0.0,1.0,1.0,1.0,1.0,0.0,26.0,20.0,26.0,23.666666666666668,3.2145502536642967,19.0,15.0,21.0,17.666666666666668,2.309401076758544,0.7307692307692307,0.75,0.8076923076923077,0.746923076923077,0.014856313781399202,0.5942307692307692,0.5875,0.6307692307692307,0.6039102564102565,0.02284363924692421,0.05,0.045000000000000005,-0.011538461538461527,-0.029666666666666647,0.13367996608816693,0.06842105263157895,0.06000000000000001,-0.014285714285714271,-0.03789473684210536,0.17690161905840482,0.051132686084142384,0.06297872340425534,-0.03018292682926829,-0.0429152444562485,0.17325603655331137,0.07692307692307693,0.2,0.15384615384615385,0.22564102564102564,0.163057570211125,0.10526315789473684,0.26666666666666666,0.19047619047619047,0.29941520467836247,0.212428057695581,0.10679611650485435,0.26382978723404255,0.20731707317073172,0.30026154463254223,0.21401969622050426,0.8846153846153846,0.5,0.6923076923076923,1.0082051282051283,0.5799619112842087,1.2105263157894737,0.6666666666666666,0.8571428571428571,1.3450292397660817,0.7546579137188433,1.284789644012945,0.6638297872340426,0.9207317073170733,1.3796985405743927,0.7677356863647345,0.19230769230769232,0.2,0.19230769230769232,0.2907692307692308,0.1639237808164504,0.2631578947368421,0.26666666666666666,0.23809523809523808,0.3871345029239765,0.21170236816088947,0.11538461538461539,0.0,0.038461538461538464,0.06512820512820518,0.05911243590730758,0.15789473684210525,0.0,0.047619047619047616,0.08771929824561404,0.08039606482379204,0.2954745736353681,57.873,0.5857202447163479,57.666666666666664,0.18079362082710854,-44.559241142157035,-0.3502112341004736,110.93164210313344,4.176021063447211,74.15238095238095,3.1326577919067455,0.08614154779134076,medium,high,1.0,0,0,1
2024-03-01,58.094,63.0,0.0,0.0,69.68253968253968,2126.1746031746034,0.0,0.23809523809523808,20.0,512.0,312.0,3.0,0.0,0.0,0.0,0.0,0.0,17.0,0.0,0.0,0.0,0.0,0.0,0.0,0.0,0.0,0.0,0.0,0.0,0.0,0.0,0.0,0.0,0.0,0.0,25.6,15.6,22.0,0.6431818181818182,-0.0409090909090909,0.36363636363636365,0.7727272727272727,17.0,6399.818181818182,6149.318181818182,0.3181818181818182,1.1363636363636365,0.36363636363636365,0.045454545454545456,0.5909090909090909,14.15,17.0,8.0,1.0,8.0,0.0,0.0,0.0,0.0,0.0,0.0,8.0,8.0,2.0,2.0,1.0,1.0,0.7727272727272727,-0.05294117647058823,0.4117647058823529,1.4705882352941178,-0.058657243816254416,0.4275618374558304,1.5053003533568905,0.47058823529411764,0.058823529411764705,0.47058823529411764,-0.3602781406676119,81.27799999999999,0,0,1,0.0,0.0,0.0,0.0,0.0,0.0,0.0,0.0,0.0,0.0,1.0,1.0,1.0,1.0,0.0,25.0,26.0,20.0,24.333333333333332,2.081665999466098,19.0,19.0,15.0,18.333333333333332,1.1547005383793318,0.76,0.7307692307692307,0.75,0.7544988344988347,0.02151316893536169,0.63,0.5942307692307692,0.5875,0.6224708624708626,0.025329177489640718,-0.184,0.05,0.045000000000000005,-0.05830303030303028,0.11796572318148243,-0.2421052631578947,0.06842105263157895,0.06000000000000001,-0.07554179566563478,0.1564919780386389,-0.24285714285714283,0.051132686084142384,0.06297872340425534,-0.08346056686308508,0.14855607865669931,0.4,0.07692307692307693,0.2,0.26503496503496504,0.1679676026969875,0.5263157894736842,0.10526315789473684,0.26666666666666666,0.3477812177502579,0.21769645083246505,0.5301587301587302,0.10679611650485435,0.26382978723404255,0.35483889470647156,0.22085163676449032,1.64,0.8846153846153846,0.5,1.2203263403263402,0.38462810743949205,2.1578947368421053,1.2105263157894737,0.6666666666666666,1.613003095975232,0.4894775027609034,2.1904761904761907,1.284789644012945,0.6638297872340426,1.6601887292820088,0.4722921096722533,0.48,0.19230769230769232,0.2,0.3453146853146853,0.14471861973748776,0.631578947368421,0.2631578947368421,0.26666666666666666,0.45510835913312686,0.1846976933532466,0.08,0.11538461538461539,0.0,0.08027972027972033,0.03496587411580564,0.10526315789473684,0.15789473684210525,0.0,0.10732714138286893,0.04956784296604686,0.08614154779134076,58.044,0.2954745736353681,57.81766666666667,0.2584808181119268,85.55756863445527,-0.19415976579071947,-44.559241142157035,5.215601496459499,77.249,4.176021063447211,0.2599235721416848,high,medium,0.0,0,1,0
2024-04-01,58.245,69.0,0.0,0.0,70.02898550724638,2405.2753623188405,0.0,0.36231884057971014,26.0,204.0,60.0,0.0,0.0,0.0,0.0,0.0,0.0,20.0,0.0,0.0,0.0,0.0,0.0,0.0,0.0,0.0,0.0,0.0,0.0,0.0,0.0,0.0,0.0,0.0,0.0,7.846153846153846,2.3076923076923075,29.0,0.7620689655172415,-0.13793103448275862,0.5862068965517241,0.9310344827586207,27.0,5415.241379310345,5134.827586206897,0.41379310344827586,1.5172413793103448,0.4827586206896552,0.06896551724137931,0.4482758620689655,22.1,27.0,14.0,2.0,11.0,0.0,0.0,0.0,0.0,2.0,2.0,20.0,20.0,1.0,1.0,2.0,2.0,0.9310344827586207,-0.14814814814814814,0.4444444444444444,1.6296296296296295,-0.14886877828054298,0.4457013574660633,1.6334841628959276,0.5185185185185185,0.07407407407407407,0.4074074074074074,-0.9609012727613084,85.34727272727274,0,0,1,0.0,0.0,0.0,0.0,0.0,0.0,0.0,0.0,0.0,0.0,1.0,1.0,1.0,1.0,0.0,22.0,25.0,26.0,25.333333333333332,3.5118845842842235,17.0,19.0,19.0,21.0,5.291502622129198,0.7727272727272727,0.76,0.7307692307692307,0.821253918495298,0.09528549252246434,0.6431818181818182,0.63,0.5942307692307692,0.6784169278996867,0.07274398690490828,-0.0409090909090909,-0.184,0.05,-0.12094670846394982,0.07304178642291469,-0.05294117647058823,-0.2421052631578947,0.06842105263157895,-0.14773152925887714,0.09458273151868235,-0.058657243816254416,-0.24285714285714283,0.051132686084142384,-0.15012772165131355,0.0921064026301992,0.3181818181818182,0.4,0.07692307692307693,0.377324973876698,0.05168168993797945,0.4117647058823529,0.5263157894736842,0.10526315789473684,0.46084164660016036,0.059009650625035014,0.4275618374558304,0.5301587301587302,0.10679611650485435,0.46780730836020784,0.054754318521669613,1.1363636363636365,1.64,0.8846153846153846,1.431201671891327,0.26261096727626443,1.4705882352941178,2.1578947368421053,1.2105263157894737,1.7527042005886173,0.35980282000018254,1.5053003533568905,2.1904761904761907,1.284789644012945,1.776420235576336,0.3642657307488637,0.36363636363636365,0.48,0.19230769230769232,0.4421316614420063,0.06799291382360881,0.47058823529411764,0.631578947368421,0.2631578947368421,0.5402285670603523,0.0826619440813871,0.045454545454545456,0.08,0.11538461538461539,0.0648066875653083,0.017644234345644643,0.058823529411764705,0.10526315789473684,0.15789473684210525,0.07938692046019187,0.0236712806149533,0.2599235721416848,58.094,0.08614154779134076,58.00366666666667,0.115889315002955,166.71095586890573,-0.3602781406676119,85.55756863445527,5.006610309398307,81.27799999999999,5.215601496459499,-0.08584427847883047,medium,high,1.0,0,0,1
2024-05-01,58.195,69.0,0.0,0.0,72.08695652173913,1868.6811594202898,0.0,0.18840579710144928,15.0,479.0,127.0,1.0,0.0,0.0,0.0,0.0,0.0,15.0,0.0,0.0,0.0,0.0,0.0,0.0,0.0,0.0,0.0,0.0,0.0,0.0,0.0,0.0,0.0,0.0,0.0,31.933333333333334,8.466666666666667,17.0,0.7205882352941176,-0.09999999999999999,0.47058823529411764,0.8823529411764706,15.0,7622.529411764706,6853.823529411765,0.47058823529411764,1.588235294117647,0.5294117647058824,0.058823529411764705,0.4117647058823529,12.25,15.0,9.0,1.0,5.0,0.0,0.0,0.0,0.0,0.0,0.0,9.0,9.0,1.0,1.0,1.0,1.0,0.8823529411764706,-0.11333333333333333,0.5333333333333333,1.8,-0.12,0.5306122448979592,1.8244897959183675,0.6,0.06666666666666667,0.3333333333333333,-0.5880253684741786,80.02454545454545,0,0,1,0.0,0.0,0.0,0.0,0.0,0.0,0.0,0.0,0.0,0.0,1.0,1.0,1.0,1.0,0.0,29.0,22.0,25.0,22.666666666666668,6.027713773341698,27.0,17.0,19.0,19.666666666666668,6.429100507328651,0.9310344827586207,0.7727272727272727,0.76,0.8620382322207881,0.08108519431402232,0.7620689655172415,0.6431818181818182,0.63,0.7086130063310593,0.06034147024996278,-0.13793103448275862,-0.0409090909090909,-0.184,-0.09294670846394981,0.04889402903036813,-0.14814814814814814,-0.05294117647058823,-0.2421052631578947,-0.10480755265069001,0.048172695234848344,-0.14886877828054298,-0.058657243816254416,-0.24285714285714283,-0.1091753406989326,0.04606962311912671,0.41379310344827586,0.3181818181818182,0.4,0.4008543856414039,0.07702263828327739,0.4444444444444444,0.4117647058823529,0.5263157894736842,0.46318082788671017,0.06291281144131626,0.4457013574660633,0.4275618374558304,0.5301587301587302,0.46795847993995093,0.05501255533157442,1.5172413793103448,1.1363636363636365,1.64,1.4139467699305428,0.24300068110096237,1.6296296296296295,1.4705882352941178,2.1578947368421053,1.633405954974582,0.16473834755905942,1.6334841628959276,1.5053003533568905,2.1904761904761907,1.6544247707237283,0.16062178199989546,0.4827586206896552,0.36363636363636365,0.48,0.4586022496773004,0.08548694985379232,0.5185185185185185,0.47058823529411764,0.631578947368421,0.5297022512708787,0.06542673856902696,0.06896551724137931,0.045454545454545456,0.08,0.05774786403589654,0.011792338215597352,0.07407407407407407,0.058823529411764705,0.10526315789473684,0.06652142338416848,0.007626309712666498,-0.08584427847883047,58.245,0.2599235721416848,58.12766666666667,0.10464384039149792,-38.80480907425685,-0.9609012727613084,166.71095586890573,-6.236552267740381,85.34727272727274,5.006610309398307,-0.24572557779878323,low,medium,0.0,0,1,0
2024-06-01,58.052,56.0,0.0,0.0,74.32142857142857,1966.5535714285713,0.0,0.23214285714285715,15.0,222.0,188.0,2.0,0.0,0.0,0.0,0.0,0.0,17.0,0.0,0.0,0.0,0.0,0.0,0.0,0.0,0.0,0.0,0.0,0.0,0.0,0.0,0.0,0.0,0.0,0.0,14.8,12.533333333333333,14.0,0.65,-0.14999999999999997,0.42857142857142855,0.7857142857142857,11.0,7540.071428571428,6587.357142857143,0.35714285714285715,1.6428571428571428,0.42857142857142855,0.07142857142857142,0.5,9.1,11.0,6.0,1.0,4.0,0.0,0.0,0.0,0.0,0.0,0.0,5.0,5.0,1.0,1.0,2.0,2.0,0.7857142857142857,-0.1909090909090909,0.45454545454545453,2.090909090909091,-0.19230769230769232,0.46153846153846156,2.098901098901099,0.5454545454545454,0.09090909090909091,0.36363636363636365,-0.3525087655651186,79.76736842105262,0,0,1,0.0,0.0,0.0,0.0,0.0,0.0,0.0,0.0,0.0,0.0,1.0,1.0,1.0,1.0,0.0,17.0,29.0,22.0,20.0,7.937253933193766,15.0,27.0,17.0,17.666666666666668,8.326663997864543,0.8823529411764706,0.9310344827586207,0.7727272727272727,0.8663672365497925,0.07396720206658826,0.7205882352941176,0.7620689655172415,0.6431818181818182,0.7108857336037865,0.056660984480633156,-0.09999999999999999,-0.13793103448275862,-0.0409090909090909,-0.12931034482758616,0.02609094129383197,-0.11333333333333333,-0.14814814814814814,-0.05294117647058823,-0.15079685746352425,0.03885564677934822,-0.12,-0.14886877828054298,-0.058657243816254416,-0.1537254901960786,0.03639768302637887,0.47058823529411764,0.41379310344827586,0.3181818181818182,0.4138413986284169,0.056722704495546374,0.5333333333333333,0.4444444444444444,0.4117647058823529,0.47744107744107733,0.04866688610142742,0.5306122448979592,0.4457013574660633,0.4275618374558304,0.479284021300828,0.045151338513679966,1.588235294117647,1.5172413793103448,1.1363636363636365,1.5827779387617114,0.06298545116508668,1.8,1.6296296296296295,1.4705882352941178,1.8401795735129065,0.23324983160834942,1.8244897959183675,1.6334841628959276,1.5053003533568905,1.852291685905131,0.23395072108295134,0.5294117647058824,0.4827586206896552,0.36363636363636365,0.48024727132232203,0.05046705365543912,0.6,0.5185185185185185,0.47058823529411764,0.5546576879910212,0.04151302603417671,0.058823529411764705,0.06896551724137931,0.045454545454545456,0.0664058726939052,0.006680988416283107,0.06666666666666667,0.07407407407407407,0.058823529411764705,0.0772166105499439,0.012422980114084294,-0.24572557779878323,58.195,-0.08584427847883047,58.178,0.07692203844516239,-40.05211603713352,-0.5880253684741786,-38.80480907425685,-0.32137268888193793,80.02454545454545,-6.236552267740381,-1.0318335285605995,low,low,-1.0,1,0,0
2024-07-01,57.453,71.0,0.0,0.0,71.66197183098592,1827.0422535211267,0.0,0.22535211267605634,19.0,342.0,234.0,1.0,0.0,0.0,0.0,0.0,0.0,17.0,0.0,0.0,0.0,0.0,0.0,0.0,0.0,0.0,0.0,0.0,0.0,0.0,0.0,0.0,0.0,0.0,0.0,18.0,12.31578947368421,19.0,0.46578947368421053,-0.09736842105263156,0.2631578947368421,0.5789473684210527,11.0,6719.263157894737,6156.578947368421,0.2631578947368421,0.8421052631578947,0.2631578947368421,0.0,0.7368421052631579,8.85,11.0,5.0,0.0,6.0,0.0,0.0,1.0,1.0,0.0,0.0,5.0,5.0,1.0,1.0,0.0,0.0,0.5789473684210527,-0.16818181818181815,0.45454545454545453,1.4545454545454546,-0.18050847457627117,0.46892655367231645,1.5028248587570623,0.45454545454545453,0.0,0.5454545454545454,-0.04814210500640634,81.80045454545454,0,0,1,0.0,0.0,0.0,0.0,0.0,0.0,0.0,0.0,0.0,0.0,1.0,1.0,1.0,1.0,0.0,14.0,17.0,29.0,16.666666666666668,2.5166114784235716,11.0,15.0,27.0,12.333333333333334,2.309401076758549,0.7857142857142857,0.8823529411764706,0.9310344827586207,0.7490048651039366,0.15499813407238572,0.65,0.7205882352941176,0.7620689655172415,0.6121259029927762,0.13155393436750665,-0.14999999999999997,-0.09999999999999999,-0.13793103448275862,-0.11578947368421048,0.0296563886041717,-0.1909090909090909,-0.11333333333333333,-0.14814814814814814,-0.15747474747474757,0.039880829520060335,-0.19230769230769232,-0.12,-0.14886877828054298,-0.16427205562798797,0.03879196523655396,0.35714285714285715,0.47058823529411764,0.41379310344827586,0.3636296623912723,0.10386720140484731,0.45454545454545453,0.5333333333333333,0.4444444444444444,0.48080808080808074,0.04548820302706218,0.46153846153846156,0.5306122448979592,0.4457013574660633,0.487025753369579,0.03792733393159667,1.6428571428571428,1.588235294117647,1.5172413793103448,1.3577325667108948,0.4473807368639504,2.090909090909091,1.8,1.6296296296296295,1.7818181818181813,0.3185711903260891,2.098901098901099,1.8244897959183675,1.6334841628959276,1.8087385845255095,0.2983501240343557,0.42857142857142855,0.5294117647058824,0.4827586206896552,0.40704702933805104,0.13442565097532902,0.5454545454545454,0.6,0.5185185185185185,0.5333333333333332,0.07348094335140676,0.07142857142857142,0.058823529411764705,0.06896551724137931,0.04341736694677876,0.038125091285200495,0.09090909090909091,0.06666666666666667,0.07407407407407407,0.05252525252525253,0.04707547554639795,-1.0318335285605995,58.052,-0.24572557779878323,58.163999999999994,0.10016486409193505,-86.34300485287845,-0.3525087655651186,-40.05211603713352,2.548769208067969,79.76736842105262,-0.32137268888193793,0.053957147581495946,medium,low,-1.0,1,0,0
2024-08-01,57.484,64.0,0.0,0.0,72.25,2065.140625,0.0,0.234375,22.0,287.0,272.0,1.0,0.0,0.0,0.0,0.0,0.0,18.0,0.0,0.0,0.0,0.0,0.0,0.0,0.0,0.0,0.0,0.0,0.0,0.0,0.0,0.0,0.0,0.0,0.0,13.045454545454545,12.363636363636363,18.0,0.6944444444444444,-0.1222222222222222,0.5,0.8888888888888888,16.0,7216.5,6771.5,0.3888888888888889,1.1666666666666667,0.3888888888888889,0.0,0.6111111111111112,12.5,16.0,7.0,0.0,9.0,0.0,0.0,0.0,0.0,0.0,0.0,5.0,5.0,2.0,2.0,0.0,0.0,0.8888888888888888,-0.13749999999999998,0.4375,1.3125,-0.1436,0.46399999999999997,1.3960000000000001,0.4375,0.0,0.5625,0.2044845092463719,76.68318181818182,0,0,1,0.0,0.0,0.0,0.0,0.0,0.0,0.0,0.0,0.0,0.0,1.0,1.0,1.0,1.0,0.0,19.0,14.0,17.0,17.0,2.6457513110645787,11.0,11.0,15.0,12.666666666666666,2.886751345948166,0.5789473684210527,0.7857142857142857,0.8823529411764706,0.7511835143414093,0.1578297093584815,0.46578947368421053,0.65,0.7205882352941176,0.6034113060428851,0.12123800442441046,-0.09736842105263156,-0.14999999999999997,-0.09999999999999999,-0.1231968810916179,0.026329322922497053,-0.16818181818181815,-0.1909090909090909,-0.11333333333333333,-0.16553030303030314,0.026803090258087872,-0.18050847457627117,-0.19230769230769232,-0.12,-0.17213872229465463,0.025409631784558354,0.2631578947368421,0.35714285714285715,0.47058823529411764,0.3363965469228627,0.06538254937996707,0.45454545454545453,0.45454545454545453,0.5333333333333333,0.44886363636363624,0.009841197770283323,0.46892655367231645,0.46153846153846156,0.5306122448979592,0.46482167173692585,0.003761958888152479,0.8421052631578947,1.6428571428571428,1.588235294117647,1.2172096908939014,0.40276151899603563,1.4545454545454546,2.090909090909091,1.8,1.6193181818181817,0.4145391621332585,1.5028248587570623,2.098901098901099,1.8244897959183675,1.6659086525527202,0.37876738449631403,0.2631578947368421,0.42857142857142855,0.5294117647058824,0.3602060707323865,0.0863564550972344,0.45454545454545453,0.5454545454545454,0.6,0.4791666666666666,0.05803618729562347,0.0,0.07142857142857142,0.058823529411764705,0.023809523809523853,0.04123930494211708,0.0,0.09090909090909091,0.06666666666666667,0.030303030303030314,0.052486388108157075,0.053957147581495946,57.453,-1.0318335285605995,57.9,0.3936610216906107,-524.751907335919,-0.04814210500640634,-86.34300485287845,-6.255799867749112,81.80045454545454,2.548769208067969,0.08524111056988914,medium,medium,0.0,0,1,0
2024-09-01,57.533,62.0,0.0,0.0,71.54838709677419,1744.3709677419354,0.0,0.27419354838709675,19.0,605.0,309.0,3.0,0.0,0.0,0.0,0.0,0.0,18.0,0.0,0.0,0.0,0.0,0.0,0.0,0.0,0.0,0.0,0.0,0.0,0.0,0.0,0.0,0.0,0.0,0.0,31.842105263157894,16.263157894736842,20.0,0.765,-0.11499999999999999,0.55,0.95,19.0,4906.7,4757.5,0.5,1.35,0.5,0.0,0.5,15.3,19.0,10.0,0.0,9.0,0.0,0.0,0.0,0.0,0.0,0.0,14.0,14.0,1.0,1.0,0.0,0.0,0.95,-0.12105263157894736,0.5263157894736842,1.4210526315789473,-0.12483660130718954,0.5392156862745098,1.4738562091503267,0.5263157894736842,0.0,0.47368421052631576,0.10266914598881233,70.236,0,0,1,0.0,0.0,0.0,0.0,0.0,0.0,0.0,0.0,0.0,0.0,1.0,1.0,1.0,1.0,0.0,18.0,19.0,14.0,19.0,0.999999999999956,16.0,11.0,11.0,15.333333333333334,4.041451884327407,0.8888888888888888,0.5789473684210527,0.7857142857142857,0.8059454191033141,0.19894654617627391,0.6944444444444444,0.46578947368421053,0.65,0.6417446393762184,0.1564119140449823,-0.1222222222222222,-0.09736842105263156,-0.14999999999999997,-0.11153021442495124,0.012785046620841666,-0.13749999999999998,-0.16818181818181815,-0.1909090909090909,-0.14224481658692198,0.023920180199885115,-0.1436,-0.18050847457627117,-0.19230769230769232,-0.14964835862782036,0.02832448322370782,0.3888888888888889,0.2631578947368421,0.35714285714285715,0.3840155945419103,0.1184962339262964,0.4375,0.45454545454545453,0.45454545454545453,0.4727870813397128,0.04713415774185722,0.46399999999999997,0.46892655367231645,0.46153846153846156,0.4907140799822753,0.04207578986146106,1.1666666666666667,0.8421052631578947,1.6428571428571428,1.119590643274854,0.2571991055811936,1.3125,1.4545454545454546,2.090909090909091,1.3960326953748003,0.074254465825261,1.3960000000000001,1.5028248587570623,2.098901098901099,1.4575603559691295,0.05524539560264419,0.3888888888888889,0.2631578947368421,0.42857142857142855,0.3840155945419103,0.11849623392629557,0.4375,0.45454545454545453,0.5454545454545454,0.4727870813397128,0.04713415774185664,0.0,0.0,0.07142857142857142,0.0,0.0,0.0,0.0,0.09090909090909091,0.0,0.0,0.08524111056988914,57.484,0.053957147581495946,57.663000000000004,0.33724027042813726,-49.79123535215471,0.2044845092463719,-524.751907335919,-8.407556474988587,76.68318181818182,-6.255799867749112,0.7978030000173719,high,medium,0.0,0,1,0
2024-10-01,57.992,73.0,0.0,0.0,75.9041095890411,2278.205479452055,0.0,0.273972602739726,29.0,254.0,113.0,1.0,0.0,0.0,0.0,0.0,0.0,24.0,0.0,0.0,0.0,0.0,0.0,0.0,0.0,0.0,0.0,0.0,0.0,0.0,0.0,0.0,0.0,0.0,0.0,8.758620689655173,3.896551724137931,30.0,0.6533333333333334,-0.12666666666666665,0.43333333333333335,0.8,24.0,5487.4,5066.066666666667,0.36666666666666664,1.4666666666666666,0.43333333333333335,0.06666666666666667,0.5,19.6,24.0,13.0,2.0,9.0,0.0,0.0,0.0,0.0,1.0,1.0,12.0,12.0,2.0,2.0,2.0,2.0,0.8,-0.15833333333333333,0.4583333333333333,1.8333333333333333,-0.16836734693877548,0.4744897959183674,1.885204081632653,0.5416666666666666,0.08333333333333333,0.375,-0.3534708205611046,71.985,0,0,1,0.0,0.0,0.0,0.0,0.0,0.0,0.0,0.0,0.0,0.0,1.0,1.0,1.0,1.0,0.0,20.0,18.0,19.0,22.666666666666668,6.429100507328625,19.0,16.0,11.0,19.666666666666668,4.041451884327406,0.95,0.8888888888888888,0.5789473684210527,0.8796296296296298,0.07542745131265219,0.765,0.6944444444444444,0.46578947368421053,0.7042592592592594,0.05647662395627214,-0.11499999999999999,-0.1222222222222222,-0.09736842105263156,-0.12129629629629628,0.005888190035409576,-0.12105263157894736,-0.13749999999999998,-0.16818181818181815,-0.13896198830409368,0.01868330105136999,-0.12483660130718954,-0.1436,-0.18050847457627117,-0.14560131608198848,0.02183427130351189,0.5,0.3888888888888889,0.2631578947368421,0.4185185185185185,0.07143445008143033,0.5263157894736842,0.4375,0.45454545454545453,0.4740497076023391,0.046446899036223344,0.5392156862745098,0.46399999999999997,0.46892655367231645,0.4925684940642923,0.040736707775961306,1.35,1.1666666666666667,0.8421052631578947,1.3277777777777777,0.15122952876461793,1.4210526315789473,1.3125,1.4545454545454546,1.5222953216374266,0.2747806434148528,1.4738562091503267,1.3960000000000001,1.5028248587570623,1.5850200969276598,0.26286539489030897,0.5,0.3888888888888889,0.2631578947368421,0.4407407407407407,0.055924699520523556,0.5263157894736842,0.4375,0.45454545454545453,0.5018274853801169,0.05623549936779592,0.0,0.0,0.0,0.022222222222222268,0.03849001794597608,0.0,0.0,0.0,0.027777777777777787,0.04811252243247898,0.7978030000173719,57.533,0.08524111056988914,57.49000000000001,0.040336088040429555,-444.2814461509417,0.10266914598881233,-49.79123535215471,2.4901759781308597,70.236,-8.407556474988587,1.6088425989791766,high,high,1.0,0,0,1
2024-11-01,58.925,68.0,0.0,0.0,68.92647058823529,1781.6617647058824,0.0,0.19117647058823528,20.0,414.0,73.0,2.0,0.0,0.0,0.0,0.0,0.0,18.0,0.0,0.0,0.0,0.0,0.0,0.0,0.0,0.0,0.0,0.0,0.0,0.0,0.0,0.0,0.0,0.0,0.0,20.7,3.65,21.0,0.6928571428571428,-0.047619047619047616,0.38095238095238093,0.8571428571428571,18.0,5977.428571428572,5513.0,0.3333333333333333,0.9047619047619048,0.3333333333333333,0.0,0.6666666666666666,14.55,18.0,7.0,0.0,11.0,0.0,0.0,0.0,0.0,0.0,0.0,10.0,10.0,2.0,2.0,0.0,0.0,0.8571428571428571,-0.05555555555555555,0.3888888888888889,1.0555555555555556,-0.06116838487972508,0.3951890034364261,1.0790378006872852,0.3888888888888889,0.0,0.6111111111111112,-0.2898820108846027,69.95,0,0,1,0.0,0.0,0.0,0.0,0.0,0.0,0.0,0.0,0.0,0.0,1.0,1.0,1.0,1.0,0.0,30.0,20.0,18.0,23.666666666666668,5.507570547286088,24.0,19.0,16.0,20.333333333333332,3.21455025366435,0.8,0.95,0.8888888888888888,0.8690476190476192,0.07570530045516417,0.6533333333333334,0.765,0.6944444444444444,0.7037301587301589,0.05662179762902696,-0.12666666666666665,-0.11499999999999999,-0.1222222222222222,-0.0964285714285714,0.04267089158503995,-0.15833333333333333,-0.12105263157894736,-0.13749999999999998,-0.11164717348927888,0.05203042266445868,-0.16836734693877548,-0.12483660130718954,-0.1436,-0.11812411104189684,0.05391379703568956,0.36666666666666664,0.5,0.3888888888888889,0.39999999999999997,0.08819171036882055,0.4583333333333333,0.5263157894736842,0.4375,0.4578460038986354,0.06871474636909711,0.4744897959183674,0.5392156862745098,0.46399999999999997,0.4696314952097677,0.07213614667187308,1.4666666666666666,1.35,1.1666666666666667,1.2404761904761905,0.29653134573307033,1.8333333333333333,1.4210526315789473,1.3125,1.4366471734892785,0.3891233226167169,1.885204081632653,1.4738562091503267,1.3960000000000001,1.4793660304900882,0.40311138253802387,0.43333333333333335,0.5,0.3888888888888889,0.4222222222222222,0.0838870492807858,0.5416666666666666,0.5263157894736842,0.4375,0.4856237816764131,0.08412575093043087,0.06666666666666667,0.0,0.0,0.022222222222222268,0.03849001794597608,0.08333333333333333,0.0,0.0,0.027777777777777787,0.04811252243247898,1.6088425989791766,57.992,0.7978030000173719,57.66966666666667,0.2802219358504502,-17.989832817192706,-0.3534708205611046,-444.2814461509417,-2.826977842606093,71.985,2.4901759781308597,-0.18328383538396276,medium,high,1.0,0,0,1
2024-12-01,58.817,69.0,0.0,0.0,70.84057971014492,2864.014492753623,0.0,0.391304347826087,32.0,457.0,251.0,3.0,0.0,0.0,0.0,0.0,0.0,21.0,0.0,0.0,0.0,0.0,0.0,0.0,0.0,0.0,0.0,0.0,0.0,0.0,0.0,0.0,0.0,0.0,0.0,14.28125,7.84375,31.0,0.6403225806451613,-0.06935483870967742,0.3225806451612903,0.7741935483870968,24.0,5831.387096774193,5475.612903225807,0.3548387096774194,1.096774193548387,0.3548387096774194,0.0,0.6451612903225806,19.85,24.0,11.0,0.0,13.0,0.0,0.0,1.0,1.0,0.0,0.0,9.0,9.0,5.0,5.0,0.0,0.0,0.7741935483870968,-0.08958333333333333,0.4583333333333333,1.4166666666666667,-0.10340050377833751,0.4760705289672543,1.4710327455919394,0.4583333333333333,0.0,0.5416666666666666,-0.26985065357261595,70.11809523809524,0,0,1,0.0,0.0,0.0,0.0,0.0,0.0,0.0,0.0,0.0,0.0,1.0,1.0,1.0,1.0,0.0,21.0,30.0,20.0,27.333333333333332,5.5075705472860825,18.0,24.0,19.0,22.0,3.464101615137784,0.8571428571428571,0.8,0.95,0.8104454685099848,0.04244970924587443,0.6928571428571428,0.6533333333333334,0.765,0.6621710189452127,0.027359615712436218,-0.047619047619047616,-0.12666666666666665,-0.11499999999999999,-0.08121351766513053,0.04083629169257248,-0.05555555555555555,-0.15833333333333333,-0.12105263157894736,-0.10115740740740753,0.052357304115461696,-0.06116838487972508,-0.16836734693877548,-0.12483660130718954,-0.11097874519894617,0.05399978401721671,0.3333333333333333,0.36666666666666664,0.5,0.3516129032258064,0.016899175962909647,0.3888888888888889,0.4583333333333333,0.5263157894736842,0.4351851851851851,0.04009376869372564,0.3951890034364261,0.4744897959183674,0.5392156862745098,0.44858310944068247,0.04624740637308683,0.9047619047619048,1.4666666666666666,1.35,1.1560675883256528,0.28560640812308374,1.0555555555555556,1.8333333333333333,1.4210526315789473,1.435185185185185,0.3892194362404314,1.0790378006872852,1.885204081632653,1.4738562091503267,1.4784248759706256,0.4031339737940373,0.3333333333333333,0.43333333333333335,0.5,0.3738351254480287,0.052636943861677096,0.3888888888888889,0.5416666666666666,0.5263157894736842,0.46296296296296285,0.07649403537897383,0.0,0.06666666666666667,0.0,0.022222222222222268,0.03849001794597608,0.0,0.08333333333333333,0.0,0.027777777777777787,0.04811252243247898,-0.18328383538396276,58.925,1.6088425989791766,58.15,0.7093229165891454,-6.910176057789563,-0.2898820108846027,-17.989832817192706,0.2403077027808953,69.95,-2.826977842606093,-0.9453049288471016,low,medium,0.0,0,1,0
2025-01-01,58.261,69.0,0.0,0.0,71.82608695652173,1336.8695652173913,0.0,0.2318840579710145,19.0,92.0,11.0,0.0,0.0,0.0,0.0,0.0,0.0,17.0,0.0,0.0,0.0,0.0,0.0,0.0,0.0,0.0,0.0,0.0,0.0,0.0,0.0,0.0,0.0,0.0,0.0,4.842105263157895,0.5789473684210527,19.0,0.5263157894736842,0.03157894736842105,0.15789473684210525,0.631578947368421,12.0,4724.526315789473,4346.631578947368,0.15789473684210525,0.7894736842105263,0.21052631578947367,0.05263157894736842,0.7368421052631579,10.0,12.0,4.0,1.0,7.0,0.0,0.0,1.0,1.0,0.0,0.0,6.0,6.0,1.0,1.0,1.0,1.0,0.631578947368421,0.04999999999999999,0.25,1.25,0.034999999999999996,0.265,1.315,0.3333333333333333,0.08333333333333333,0.5833333333333334,-0.18810636651202703,75.74249999999999,0,0,1,0.0,0.0,0.0,0.0,0.0,0.0,0.0,0.0,0.0,0.0,1.0,1.0,1.0,1.0,0.0,31.0,21.0,30.0,23.666666666666668,6.4291005073286245,24.0,18.0,24.0,18.0,6.000000000000017,0.7741935483870968,0.8571428571428571,0.8,0.7543051176327918,0.11408957711633387,0.6403225806451613,0.6928571428571428,0.6533333333333334,0.6198318376586629,0.0851405221255003,-0.06935483870967742,-0.047619047619047616,-0.12666666666666665,-0.02846497965343464,0.05312312145138361,-0.08958333333333333,-0.05555555555555555,-0.15833333333333333,-0.031712962962963095,0.07278206270959628,-0.10340050377833751,-0.06116838487972508,-0.16836734693877548,-0.043189629552687674,0.07093025866198643,0.3548387096774194,0.3333333333333333,0.36666666666666664,0.2820222599509526,0.10803403073929267,0.4583333333333333,0.3888888888888889,0.4583333333333333,0.3657407407407407,0.10607814108694183,0.4760705289672543,0.3951890034364261,0.4744897959183674,0.3787531774678934,0.10649081805995891,1.096774193548387,0.9047619047619048,1.4666666666666666,0.9303365941736063,0.1552383628930177,1.4166666666666667,1.0555555555555556,1.8333333333333333,1.2407407407407405,0.180733530517973,1.4710327455919394,1.0790378006872852,1.885204081632653,1.2883568487597412,0.19735096234553645,0.3548387096774194,0.3333333333333333,0.43333333333333335,0.29956611960007545,0.07785682564745364,0.4583333333333333,0.3888888888888889,0.5416666666666666,0.39351851851851843,0.06262846878920762,0.0,0.0,0.06666666666666667,0.01754385964912285,0.030386856273139487,0.0,0.0,0.08333333333333333,0.027777777777777787,0.04811252243247898,-0.9453049288471016,58.817,-0.18328383538396276,58.577999999999996,0.5103557582692856,-30.292417668201722,-0.26985065357261595,-6.910176057789563,8.021331359339335,70.11809523809524,0.2403077027808953,-0.34671564168140545,low,low,-1.0,1,0,0
2025-02-01,58.059,77.0,0.0,0.0,73.51948051948052,2208.6363636363635,0.0,0.24675324675324675,22.0,394.0,247.0,2.0,0.0,0.0,0.0,0.0,0.0,18.0,0.0,0.0,0.0,0.0,0.0,0.0,0.0,0.0,0.0,0.0,0.0,0.0,0.0,0.0,0.0,0.0,0.0,17.90909090909091,11.227272727272727,23.0,0.6195652173913043,-0.25217391304347825,0.6086956521739131,0.7391304347826086,17.0,7366.04347826087,6915.04347826087,0.34782608695652173,1.6956521739130435,0.43478260869565216,0.08695652173913043,0.4782608695652174,14.25,17.0,10.0,2.0,5.0,0.0,0.0,4.0,4.0,0.0,0.0,7.0,7.0,1.0,1.0,2.0,2.0,0.7391304347826086,-0.3411764705882353,0.47058823529411764,2.2941176470588234,-0.3554385964912281,0.47017543859649125,2.3508771929824563,0.5882352941176471,0.11764705882352941,0.29411764705882354,-0.0071884316155049425,71.53315789473685,0,0,1,0.0,0.0,0.0,0.0,0.0,0.0,0.0,0.0,0.0,0.0,1.0,1.0,1.0,1.0,0.0,19.0,31.0,21.0,24.333333333333332,6.110100926607774,12.0,24.0,18.0,17.666666666666668,6.027713773341725,0.631578947368421,0.7741935483870968,0.8571428571428571,0.7149676435127089,0.07431427499069992,0.5263157894736842,0.6403225806451613,0.6928571428571428,0.5954011958367166,0.06072324152721405,0.03157894736842105,-0.06935483870967742,-0.047619047619047616,-0.09664993479491152,0.1438321527013707,0.04999999999999999,-0.08958333333333333,-0.05555555555555555,-0.126919934640523,0.19824296742468928,0.034999999999999996,-0.10340050377833751,-0.06116838487972508,-0.14127970008985535,0.19795630715492438,0.15789473684210525,0.3548387096774194,0.3333333333333333,0.28685317782534875,0.11173631390455879,0.25,0.4583333333333333,0.3888888888888889,0.39297385620915026,0.12397051393377136,0.265,0.4760705289672543,0.3951890034364261,0.40374865585458175,0.12019600720784758,0.7894736842105263,1.096774193548387,0.9047619047619048,1.1939666838906522,0.46084124048752456,1.25,1.4166666666666667,1.0555555555555556,1.6535947712418295,0.5609336950817748,1.315,1.4710327455919394,1.0790378006872852,1.7123033128581318,0.5584970946271902,0.21052631578947367,0.3548387096774194,0.3333333333333333,0.33338254472084844,0.11365736442478366,0.3333333333333333,0.4583333333333333,0.3888888888888889,0.45996732026143783,0.12745883585645562,0.05263157894736842,0.0,0.0,0.04652936689549966,0.0437982523873559,0.08333333333333333,0.0,0.0,0.06699346405228758,0.0605016620312938,-0.34671564168140545,58.261,-0.9453049288471016,58.66766666666667,0.3562994994831816,-96.17852827163861,-0.18810636651202703,-30.292417668201722,-5.5574375090116535,75.74249999999999,8.021331359339335,0.6114469763516484,high,low,-1.0,1,0,0
2025-03-01,58.414,63.0,0.0,0.0,77.74603174603175,960.2380952380952,0.0,0.14285714285714285,13.0,55.0,5.0,0.0,0.0,0.0,0.0,0.0,0.0,13.0,0.0,0.0,0.0,0.0,0.0,0.0,0.0,0.0,0.0,0.0,0.0,0.0,0.0,0.0,0.0,0.0,0.0,4.230769230769231,0.38461538461538464,13.0,0.6884615384615386,-0.015384615384615377,0.38461538461538464,0.8461538461538461,11.0,4609.153846153846,4410.615384615385,0.15384615384615385,1.2307692307692308,0.3076923076923077,0.15384615384615385,0.5384615384615384,8.950000000000001,11.0,4.0,2.0,5.0,0.0,0.0,0.0,0.0,0.0,0.0,5.0,5.0,0.0,0.0,2.0,2.0,0.8461538461538461,-0.018181818181818174,0.18181818181818182,1.4545454545454546,-0.01955307262569831,0.1843575418994413,1.4748603351955305,0.36363636363636365,0.18181818181818182,0.45454545454545453,-0.1852649110455139,68.23904761904762,0,0,1,0.0,0.0,0.0,0.0,0.0,0.0,0.0,0.0,0.0,0.0,1.0,1.0,1.0,1.0,0.0,23.0,19.0,31.0,18.333333333333332,5.03322295684716,17.0,12.0,24.0,13.333333333333334,3.214550253664353,0.7391304347826086,0.631578947368421,0.7741935483870968,0.7389544094349588,0.10728755769373226,0.6195652173913043,0.5263157894736842,0.6403225806451613,0.6114475151088424,0.08137710855313256,-0.25217391304347825,0.03157894736842105,-0.06935483870967742,-0.07865986035322418,0.1520912190672489,-0.3411764705882353,0.04999999999999999,-0.08958333333333333,-0.10311942959001796,0.20896304974627722,-0.3554385964912281,0.034999999999999996,-0.10340050377833751,-0.11333055637230895,0.21143849401396664,0.34782608695652173,0.15789473684210525,0.3548387096774194,0.21985565921492692,0.11084412721630305,0.47058823529411764,0.25,0.4583333333333333,0.3008021390374331,0.15093932206091307,0.47017543859649125,0.265,0.4760705289672543,0.3065109934986441,0.1473612549282003,1.6956521739130435,0.7894736842105263,1.096774193548387,1.2386316962976,0.4531404060255723,2.2941176470588234,1.25,1.4166666666666667,1.6662210338680923,0.5533085291101971,2.3508771929824563,1.315,1.4710327455919394,1.7135791760593289,0.5576741014901235,0.43478260869565216,0.21052631578947367,0.3548387096774194,0.31766707739247785,0.11246040747718267,0.5882352941176471,0.3333333333333333,0.4583333333333333,0.42840166369578125,0.13924676108176384,0.08695652173913043,0.05263157894736842,0.0,0.09781141817755094,0.05147299413772405,0.11764705882352941,0.08333333333333333,0.0,0.1275995246583482,0.049991049473046736,0.6114469763516484,58.059,-0.34671564168140545,58.379,0.39253534872489754,2477.2647074489864,-0.0071884316155049425,-96.17852827163861,-4.605011679390136,71.53315789473685,-5.5574375090116535,-0.17461567432465186,medium,high,1.0,0,0,1
2025-04-01,58.312,99.0,0.0,0.0,73.43434343434343,1521.5757575757575,0.0,0.1919191919191919,25.0,319.0,55.0,1.0,0.0,0.0,0.0,0.0,0.0,20.0,0.0,0.0,0.0,0.0,0.0,0.0,0.0,0.0,0.0,0.0,0.0,0.0,0.0,0.0,0.0,0.0,0.0,12.76,2.2,24.0,0.5520833333333334,-0.03333333333333333,0.2916666666666667,0.6666666666666666,16.0,6154.333333333333,5655.375,0.3333333333333333,1.2916666666666667,0.375,0.041666666666666664,0.5833333333333334,13.25,16.0,9.0,1.0,6.0,0.0,0.0,6.0,6.0,1.0,1.0,3.0,3.0,2.0,2.0,1.0,1.0,0.6666666666666666,-0.049999999999999996,0.5,1.9375,-0.05849056603773584,0.49433962264150944,1.9622641509433962,0.5625,0.0625,0.375,-0.24922929029523652,63.53666666666667,0,0,1,0.0,0.0,0.0,0.0,0.0,0.0,0.0,0.0,0.0,0.0,1.0,1.0,1.0,1.0,0.0,13.0,23.0,19.0,20.0,6.082762530298213,11.0,17.0,12.0,14.666666666666666,3.214550253664353,0.8461538461538461,0.7391304347826086,0.631578947368421,0.7506503158677074,0.09029641546167085,0.6884615384615386,0.6195652173913043,0.5263157894736842,0.6200366963953922,0.06819032503102188,-0.015384615384615377,-0.25217391304347825,0.03157894736842105,-0.10029728725380897,0.13183482550123915,-0.018181818181818174,-0.3411764705882353,0.04999999999999999,-0.1364527629233513,0.17800827658734494,-0.01955307262569831,-0.3554385964912281,0.034999999999999996,-0.14449407838488756,0.18371778462533295,0.15384615384615385,0.34782608695652173,0.15789473684210525,0.27833519137866963,0.10805392323384125,0.18181818181818182,0.47058823529411764,0.25,0.3841354723707664,0.17582797706333023,0.1843575418994413,0.47017543859649125,0.265,0.3829575343791472,0.17241648618198915,1.2307692307692308,1.6956521739130435,0.7894736842105263,1.4060293571163136,0.2526621388963386,1.4545454545454546,2.2941176470588234,1.25,1.8953877005347588,0.421367358649327,1.4748603351955305,2.3508771929824563,1.315,1.9293338930404609,0.4389358554457359,0.3076923076923077,0.43478260869565216,0.21052631578947367,0.3724916387959866,0.06358227000687756,0.36363636363636365,0.5882352941176471,0.3333333333333333,0.5047905525846702,0.12291848979739022,0.15384615384615385,0.08695652173913043,0.05263157894736842,0.09415644741731703,0.05643525966354569,0.18181818181818182,0.11764705882352941,0.08333333333333333,0.12065508021390375,0.059715938179130096,-0.17461567432465186,58.414,0.6114469763516484,58.24466666666667,0.17806272302726325,34.52590071630377,-0.1852649110455139,2477.2647074489864,-6.8910412973999025,68.23904761904762,-4.605011679390136,0.010289477294556093,medium,medium,0.0,0,1,0
2025-05-01,58.318,71.0,0.0,0.0,72.49295774647888,1638.619718309859,0.0,0.19718309859154928,15.0,301.0,94.0,2.0,0.0,0.0,0.0,0.0,0.0,11.0,0.0,0.0,0.0,0.0,0.0,0.0,0.0,0.0,0.0,0.0,0.0,0.0,0.0,0.0,0.0,0.0,0.0,20.066666666666666,6.266666666666667,20.0,0.6325000000000001,-0.08499999999999999,0.4,0.8,16.0,6061.95,5519.15,0.4,1.15,0.4,0.0,0.6,12.65,16.0,8.0,0.0,8.0,0.0,0.0,2.0,2.0,0.0,0.0,7.0,7.0,1.0,1.0,0.0,0.0,0.8,-0.10625,0.5,1.4375,-0.11660079051383399,0.5217391304347826,1.4901185770750989,0.5,0.0,0.5,0.2750474535483146,62.16761904761905,0,0,1,0.0,0.0,0.0,0.0,0.0,0.0,0.0,0.0,0.0,0.0,1.0,1.0,1.0,1.0,0.0,24.0,13.0,23.0,19.0,5.567764362830015,16.0,11.0,17.0,14.333333333333334,2.8867513459481673,0.6666666666666666,0.8461538461538461,0.7391304347826086,0.7709401709401712,0.09320551029207147,0.5520833333333334,0.6884615384615386,0.6195652173913043,0.6243482905982908,0.06855356652374385,-0.03333333333333333,-0.015384615384615377,-0.25217391304347825,-0.04457264957264955,0.03614300922630291,-0.049999999999999996,-0.018181818181818174,-0.3411764705882353,-0.05814393939393952,0.044595335785589066,-0.05849056603773584,-0.01955307262569831,-0.3554385964912281,-0.06488147639242287,0.04883848572790558,0.3333333333333333,0.15384615384615385,0.34782608695652173,0.29572649572649573,0.1273131362828412,0.5,0.18181818181818182,0.47058823529411764,0.39393939393939387,0.1837023583785178,0.49433962264150944,0.1843575418994413,0.47017543859649125,0.4001454316585777,0.18737927655387487,1.2916666666666667,1.2307692307692308,1.6956521739130435,1.2241452991452992,0.07106524089685662,1.9375,1.4545454545454546,2.2941176470588234,1.6098484848484844,0.28388249931260867,1.9622641509433962,1.4748603351955305,2.3508771929824563,1.642414354404675,0.2771030904658174,0.375,0.3076923076923077,0.43478260869565216,0.36089743589743595,0.047742426106064786,0.5625,0.36363636363636365,0.5882352941176471,0.4753787878787878,0.10169237695953644,0.041666666666666664,0.15384615384615385,0.08695652173913043,0.06517094017094022,0.07957071017677587,0.0625,0.18181818181818182,0.11764705882352941,0.08143939393939394,0.09237688180498352,0.010289477294556093,58.312,-0.17461567432465186,58.26166666666666,0.18277399522877272,-210.35920104835748,-0.24922929029523652,34.52590071630377,-2.1547362977508366,63.53666666666667,-6.8910412973999025,-1.2380397132960685,low,medium,0.0,0,1,0
2025-06-01,57.596,67.0,0.0,0.0,73.43283582089552,2584.5373134328356,0.0,0.22388059701492538,19.0,488.0,216.0,2.0,0.0,0.0,0.0,0.0,0.0,13.0,0.0,0.0,0.0,0.0,0.0,0.0,0.0,0.0,0.0,0.0,0.0,0.0,0.0,0.0,0.0,0.0,0.0,25.68421052631579,11.368421052631579,18.0,0.6361111111111111,-0.2833333333333333,0.6111111111111112,0.7777777777777778,14.0,8654.777777777777,8074.055555555556,0.4444444444444444,1.7222222222222223,0.5,0.05555555555555555,0.4444444444444444,11.45,14.0,9.0,1.0,4.0,0.0,0.0,0.0,0.0,0.0,0.0,6.0,6.0,3.0,3.0,1.0,1.0,0.7777777777777778,-0.36428571428571427,0.5714285714285714,2.2142857142857144,-0.36026200873362446,0.5807860262008734,2.2314410480349345,0.6428571428571429,0.07142857142857142,0.2857142857142857,0.08601531210013097,68.16900000000001,0,0,1,0.0,0.0,0.0,0.0,0.0,0.0,0.0,0.0,0.0,0.0,1.0,1.0,1.0,1.0,0.0,20.0,24.0,13.0,20.666666666666668,3.055050463303878,16.0,16.0,11.0,15.333333333333334,1.1547005383793467,0.8,0.6666666666666666,0.8461538461538461,0.7481481481481483,0.07143445008142803,0.6325000000000001,0.5520833333333334,0.6884615384615386,0.6068981481481482,0.04750534678592784,-0.08499999999999999,-0.03333333333333333,-0.015384615384615377,-0.13388888888888886,0.13197572728571216,-0.10625,-0.049999999999999996,-0.018181818181818174,-0.1735119047619049,0.16759176717598734,-0.11660079051383399,-0.05849056603773584,-0.01955307262569831,-0.17845112176173158,0.16011120670738632,0.4,0.3333333333333333,0.15384615384615385,0.3925925925925926,0.05592469952052563,0.5,0.5,0.18181818181818182,0.5238095238095237,0.04123930494211674,0.5217391304347826,0.49433962264150944,0.1843575418994413,0.532288259759055,0.04417814243731082,1.15,1.2916666666666667,1.2307692307692308,1.3879629629629628,0.2980172820685418,1.4375,1.9375,1.4545454545454546,1.863095238095238,0.39370174361458776,1.4901185770750989,1.9622641509433962,1.4748603351955305,1.894607925351143,0.37526360752614485,0.4,0.375,0.3076923076923077,0.425,0.0661437827766145,0.5,0.5625,0.36363636363636365,0.5684523809523808,0.07161434175902318,0.0,0.041666666666666664,0.15384615384615385,0.03240740740740745,0.02891202777036433,0.0,0.0625,0.18181818181818182,0.044642857142857144,0.038918740567339564,-1.2380397132960685,58.318,0.010289477294556093,58.348000000000006,0.05723635207255045,-68.72710109093173,0.2750474535483146,-210.35920104835748,9.653548011520341,62.16761904761905,-2.1547362977508366,-0.052086950482665983,medium,low,-1.0,1,0,0
2025-07-01,57.566,84.0,0.0,0.0,77.08333333333333,2459.8928571428573,0.0,0.25,24.0,261.0,143.0,2.0,0.0,0.0,0.0,0.0,0.0,19.0,0.0,0.0,0.0,0.0,0.0,0.0,0.0,0.0,0.0,0.0,0.0,0.0,0.0,0.0,0.0,0.0,0.0,10.875,5.958333333333333,25.0,0.69,-0.23199999999999998,0.56,0.84,21.0,8313.64,7778.12,0.28,1.48,0.4,0.12,0.48,17.25,21.0,10.0,3.0,8.0,0.0,0.0,1.0,1.0,0.0,0.0,11.0,11.0,0.0,0.0,3.0,3.0,0.84,-0.2761904761904762,0.3333333333333333,1.7619047619047619,-0.2866666666666667,0.3391304347826087,1.8231884057971015,0.47619047619047616,0.14285714285714285,0.38095238095238093,0.02330675909896861,68.39090909090909,0,0,1,0.0,0.0,0.0,0.0,0.0,0.0,0.0,0.0,0.0,0.0,1.0,1.0,1.0,1.0,0.0,18.0,20.0,24.0,21.0,3.6055512754639762,14.0,16.0,16.0,17.0,3.6055512754640198,0.7777777777777778,0.8,0.6666666666666666,0.805925925925926,0.03153155059820884,0.6361111111111111,0.6325000000000001,0.5520833333333334,0.6528703703703704,0.03220585471912716,-0.2833333333333333,-0.08499999999999999,-0.03333333333333333,-0.2001111111111111,0.10294029193519783,-0.36428571428571427,-0.10625,-0.049999999999999996,-0.24890873015873027,0.13116336268806364,-0.36026200873362446,-0.11660079051383399,-0.05849056603773584,-0.2545098219713752,0.12497297432507516,0.4444444444444444,0.4,0.3333333333333333,0.3748148148148149,0.08506593908121932,0.5714285714285714,0.5,0.5,0.46825396825396814,0.12218098665349769,0.5807860262008734,0.5217391304347826,0.49433962264150944,0.4805518638060881,0.12598273459162684,1.7222222222222223,1.15,1.2916666666666667,1.4507407407407407,0.28723099778842304,2.2142857142857144,1.4375,1.9375,1.8045634920634914,0.3901459174765957,2.2314410480349345,1.4901185770750989,1.9622641509433962,1.8482493436357113,0.3712960940294249,0.5,0.4,0.375,0.43333333333333335,0.05773502691896226,0.6428571428571429,0.5,0.5625,0.5396825396825395,0.09014140231428987,0.05555555555555555,0.0,0.041666666666666664,0.05851851851851856,0.060054844618398606,0.07142857142857142,0.0,0.0625,0.07142857142857142,0.07142857142857768,-0.052086950482665983,57.596,-1.2380397132960685,58.07533333333333,0.41512568377762954,-72.90394171698516,0.08601531210013097,-68.72710109093173,0.3255278659054506,68.16900000000001,9.653548011520341,3.5785011986241733,high,medium,0.0,0,1,0
2025-08-01,59.626,85.0,0.0,0.0,80.6,791.1058823529412,0.0,0.11764705882352941,14.0,133.0,23.0,0.0,0.0,0.0,0.0,0.0,0.0,15.0,0.0,0.0,0.0,0.0,0.0,0.0,0.0,0.0,0.0,0.0,0.0,0.0,0.0,0.0,0.0,0.0,0.0,9.5,1.6428571428571428,15.0,0.86,-0.49,0.8,1.0,15.0,4413.933333333333,4082.0666666666666,0.7333333333333333,2.6666666666666665,0.7333333333333333,0.0,0.26666666666666666,12.9,15.0,11.0,0.0,4.0,0.0,0.0,7.0,7.0,0.0,0.0,3.0,3.0,2.0,2.0,0.0,0.0,1.0,-0.49,0.7333333333333333,2.6666666666666665,-0.5036821705426356,0.748062015503876,2.7286821705426356,0.7333333333333333,0.0,0.26666666666666666,-0.08598056018594735,64.86428571428571,0,0,1,0.0,0.0,0.0,0.0,0.0,0.0,0.0,0.0,0.0,0.0,1.0,1.0,1.0,1.0,0.0,25.0,18.0,20.0,19.333333333333332,5.131601439446878,21.0,14.0,16.0,16.666666666666668,3.7859388972002117,0.84,0.7777777777777778,0.8,0.8725925925925928,0.11464024961275848,0.69,0.6361111111111111,0.6325000000000001,0.7287037037037037,0.11685478660398807,-0.23199999999999998,-0.2833333333333333,-0.08499999999999999,-0.3351111111111111,0.13657124039747057,-0.2761904761904762,-0.36428571428571427,-0.10625,-0.37682539682539695,0.10745492471990854,-0.2866666666666667,-0.36026200873362446,-0.11660079051383399,-0.3835369486476424,0.11036405371150576,0.28,0.4444444444444444,0.4,0.4859259259259259,0.22949577938864546,0.3333333333333333,0.5714285714285714,0.5,0.546031746031746,0.20120573812686768,0.3391304347826087,0.5807860262008734,0.5217391304347826,0.5559928254957859,0.20559009345953339,1.48,1.7222222222222223,1.15,1.9562962962962962,0.6270067372522149,1.7619047619047619,2.2142857142857144,1.4375,2.214285714285714,0.4523809523809502,1.8231884057971015,2.2314410480349345,1.4901185770750989,2.2611038747915573,0.4534750841740336,0.4,0.5,0.4,0.5444444444444444,0.17105338131489603,0.47619047619047616,0.6428571428571429,0.5,0.6174603174603174,0.13043910954953455,0.12,0.05555555555555555,0.0,0.05851851851851856,0.060054844618398606,0.14285714285714285,0.07142857142857142,0.0,0.07142857142857142,0.07142857142857768,3.5785011986241733,57.566,-0.052086950482665983,57.826666666666675,0.4257714566898368,-468.90826313879154,0.02330675909896861,-72.90394171698516,-5.156567478779362,68.39090909090909,0.3255278659054506,0.21467145205111837,high,high,1.0,0,0,1
2025-09-01,59.754,57.0,0.0,0.0,79.64912280701755,2530.6666666666665,0.0,0.22807017543859648,18.0,135.0,30.0,0.0,0.0,0.0,0.0,0.0,0.0,13.0,0.0,0.0,0.0,0.0,0.0,0.0,0.0,0.0,0.0,0.0,0.0,0.0,0.0,0.0,0.0,0.0,0.0,7.5,1.6666666666666667,19.0,0.5131578947368421,-0.14736842105263157,0.3684210526315789,0.631578947368421,12.0,7251.210526315789,6422.263157894737,0.3684210526315789,1.4210526315789473,0.42105263157894735,0.05263157894736842,0.5263157894736842,9.75,12.0,8.0,1.0,3.0,0.0,0.0,3.0,3.0,1.0,1.0,4.0,4.0,1.0,1.0,1.0,1.0,0.631578947368421,-0.2333333333333333,0.5833333333333334,2.25,-0.2564102564102564,0.6205128205128205,2.353846153846154,0.6666666666666666,0.08333333333333333,0.25,-0.023213765213991686,63.959047619047624,0,0,1,0.0,0.0,0.0,0.0,0.0,0.0,0.0,0.0,0.0,0.0,1.0,1.0,1.0,1.0,0.0,15.0,25.0,18.0,19.666666666666668,5.03322295684716,15.0,21.0,14.0,16.0,4.582575694955864,1.0,0.84,0.7777777777777778,0.8238596491228072,0.18474009093959326,0.86,0.69,0.6361111111111111,0.6877192982456141,0.17343230003726076,-0.49,-0.23199999999999998,-0.2833333333333333,-0.2897894736842105,0.1784763770769545,-0.49,-0.2761904761904762,-0.36428571428571427,-0.3331746031746033,0.13749486350606746,-0.5036821705426356,-0.2866666666666667,-0.36026200873362446,-0.34891969787318633,0.13487931568803527,0.7333333333333333,0.28,0.4444444444444444,0.4605847953216374,0.24030895609143957,0.7333333333333333,0.3333333333333333,0.5714285714285714,0.5499999999999999,0.20207259421636906,0.748062015503876,0.3391304347826087,0.5807860262008734,0.569235090266435,0.2092326782369652,2.6666666666666665,1.48,1.7222222222222223,1.8559064327485377,0.7027572950444365,2.6666666666666665,1.7619047619047619,2.2142857142857144,2.226190476190476,0.45285063337167014,2.7286821705426356,1.8231884057971015,2.2314410480349345,2.3019055767286303,0.45497594129989716,0.7333333333333333,0.4,0.5,0.5181286549707602,0.186669744511406,0.7333333333333333,0.47619047619047616,0.6428571428571429,0.6253968253968253,0.13344666385386433,0.0,0.12,0.05555555555555555,0.05754385964912285,0.06015062656589459,0.0,0.14285714285714285,0.07142857142857142,0.07539682539682539,0.07175849730169317,0.21467145205111837,59.626,3.5785011986241733,58.26266666666666,1.180776580616283,-73.00114681296792,-0.08598056018594735,-468.90826313879154,-1.3955878574312575,64.86428571428571,-5.156567478779362,0.6024701275228361,high,high,1.0,0,0,1
2025-10-01,60.114,92.0,0.0,0.0,79.45652173913044,1300.108695652174,0.0,0.15217391304347827,21.0,805.0,466.0,2.0,0.0,0.0,0.0,0.0,0.0,18.0,0.0,0.0,0.0,0.0,0.0,0.0,0.0,0.0,0.0,0.0,0.0,0.0,0.0,0.0,0.0,0.0,0.0,38.333333333333336,22.19047619047619,20.0,0.5525,-0.1275,0.35,0.7,14.0,4825.4,4698.95,0.4,1.2,0.4,0.0,0.6,11.05,14.0,8.0,0.0,6.0,1.0,1.0,1.0,1.0,0.0,0.0,7.0,7.0,0.0,0.0,0.0,0.0,0.7,-0.18214285714285713,0.5714285714285714,1.7142857142857142,-0.18981900452488684,0.5837104072398189,1.755656108597285,0.5714285714285714,0.0,0.42857142857142855,-0.07998330606176761,60.89454545454546,0,0,1,0.0,0.0,0.0,0.0,0.0,0.0,0.0,0.0,0.0,0.0,1.0,1.0,1.0,1.0,0.0,19.0,15.0,25.0,18.0,2.6457513110645827,12.0,15.0,21.0,13.666666666666666,1.527525231652019,0.631578947368421,1.0,0.84,0.7771929824561404,0.19596577612148372,0.5131578947368421,0.86,0.69,0.6418859649122809,0.18991379501847602,-0.14736842105263157,-0.49,-0.23199999999999998,-0.25495614035087716,0.20379622299701383,-0.2333333333333333,-0.49,-0.2761904761904762,-0.30182539682539694,0.16496174457458854,-0.2564102564102564,-0.5036821705426356,-0.2866666666666667,-0.31663714382592645,0.1653722474344051,0.3684210526315789,0.7333333333333333,0.28,0.5005847953216374,0.2021836267830829,0.5833333333333334,0.7333333333333333,0.3333333333333333,0.6293650793650793,0.09023568703072936,0.6205128205128205,0.748062015503876,0.3391304347826087,0.6507617477521718,0.08625028106674859,1.4210526315789473,2.6666666666666665,1.48,1.7625730994152045,0.7907306432920741,2.25,2.6666666666666665,1.7619047619047619,2.21031746031746,0.4774289450601553,2.353846153846154,2.7286821705426356,1.8231884057971015,2.279394810995358,0.4907669315932215,0.42105263157894735,0.7333333333333333,0.4,0.5181286549707602,0.186669744511406,0.6666666666666666,0.7333333333333333,0.47619047619047616,0.6571428571428569,0.08137146424111848,0.05263157894736842,0.0,0.12,0.01754385964912285,0.03038685627313948,0.08333333333333333,0.0,0.14285714285714285,0.027777777777777776,0.04811252243247893,0.6024701275228361,59.754,0.21467145205111837,58.982,1.2279609114294732,244.55119763836967,-0.023213765213991686,-73.00114681296792,-4.791350525972382,63.959047619047624,-1.3955878574312575,1.2359849619057117,high,high,1.0,0,0,1
2025-11-01,60.857,102.0,0.0,0.0,81.93137254901961,1426.0098039215686,0.0,0.16666666666666666,19.0,419.0,127.0,1.0,0.0,0.0,0.0,0.0,0.0,12.0,0.0,0.0,0.0,0.0,0.0,0.0,0.0,0.0,0.0,0.0,0.0,0.0,0.0,0.0,0.0,0.0,0.0,22.05263157894737,6.684210526315789,20.0,0.655,-0.065,0.45,0.8,16.0,7217.3,6963.4,0.1,0.85,0.2,0.1,0.7,13.1,16.0,4.0,2.0,10.0,0.0,0.0,0.0,0.0,0.0,0.0,6.0,6.0,1.0,1.0,2.0,2.0,0.8,-0.08125,0.125,1.0625,-0.08091603053435115,0.13740458015267176,1.1106870229007635,0.25,0.125,0.625,-0.15385844109971475,60.06222222222222,0,0,1,0.0,0.0,0.0,0.0,0.0,0.0,0.0,0.0,0.0,0.0,1.0,1.0,1.0,1.0,0.0,20.0,19.0,15.0,19.666666666666668,0.5773502691895707,14.0,12.0,15.0,14.0,2.000000000000055,0.7,0.631578947368421,1.0,0.7105263157894739,0.08470251020753078,0.5525,0.5131578947368421,0.86,0.5735526315789475,0.07322708295890705,-0.1275,-0.14736842105263157,-0.49,-0.1132894736842105,0.042983642124705845,-0.18214285714285713,-0.2333333333333333,-0.49,-0.16557539682539693,0.07738343249993943,-0.18981900452488684,-0.2564102564102564,-0.5036821705426356,-0.17571509715649825,0.08859314861341007,0.4,0.3684210526315789,0.7333333333333333,0.2894736842105263,0.16484694487753554,0.5714285714285714,0.5833333333333334,0.7333333333333333,0.42658730158730157,0.2612500836325894,0.5837104072398189,0.6205128205128205,0.748062015503876,0.44720926930177035,0.26892901195251423,1.2,1.4210526315789473,2.6666666666666665,1.157017543859649,0.28794252145211413,1.7142857142857142,2.25,2.6666666666666665,1.6755952380952375,0.5946946924354378,1.755656108597285,2.353846153846154,2.7286821705426356,1.7400630951147342,0.6217262361886626,0.4,0.42105263157894735,0.7333333333333333,0.34035087719298246,0.12200237649623646,0.5714285714285714,0.6666666666666666,0.7333333333333333,0.4960317460317459,0.21832610640442723,0.0,0.05263157894736842,0.0,0.05087719298245619,0.050023078699591175,0.0,0.08333333333333333,0.0,0.06944444444444443,0.0636468846521715,1.2359849619057117,60.114,0.6024701275228361,59.83133333333333,0.25302437300035496,92.36319261533976,-0.07998330606176761,244.55119763836967,-1.366827235691459,60.89454545454546,-4.791350525972382,0.3204232873786017,high,high,1.0,0,0,1
2025-12-01,61.052,71.0,0.0,0.0,75.73239436619718,2043.9859154929577,0.0,0.19718309859154928,17.0,300.0,21.0,1.0,0.0,0.0,0.0,0.0,0.0,12.0,0.0,0.0,0.0,0.0,0.0,0.0,0.0,0.0,0.0,0.0,0.0,0.0,0.0,0.0,0.0,0.0,0.0,17.647058823529413,1.2352941176470589,19.0,0.7052631578947368,-0.07894736842105263,0.5789473684210527,0.8421052631578947,16.0,7071.263157894737,6573.0,0.42105263157894735,1.1578947368421053,0.42105263157894735,0.0,0.5789473684210527,13.4,16.0,8.0,0.0,8.0,0.0,0.0,1.0,1.0,1.0,1.0,8.0,8.0,1.0,1.0,0.0,0.0,0.8421052631578947,-0.09375,0.5,1.375,-0.09664179104477612,0.5111940298507462,1.417910447761194,0.5,0.0,0.5,0.5527629340487368,57.972272727272724,0,0,1,0.0,0.0,0.0,0.0,0.0,0.0,0.0,0.0,0.0,0.0,1.0,1.0,1.0,1.0,0.0,20.0,20.0,19.0,19.666666666666668,0.5773502691895707,16.0,14.0,12.0,15.333333333333334,1.1547005383793467,0.8,0.7,0.631578947368421,0.7807017543859652,0.07299173355338372,0.655,0.5525,0.5131578947368421,0.6375877192982458,0.0778558683846045,-0.065,-0.1275,-0.14736842105263157,-0.09048245614035084,0.03280786775331516,-0.08125,-0.18214285714285713,-0.2333333333333333,-0.11904761904761918,0.05499835727293442,-0.08091603053435115,-0.18981900452488684,-0.2564102564102564,-0.12245894203467149,0.05886304783072261,0.1,0.4,0.3684210526315789,0.30701754385964913,0.17959120502786657,0.125,0.5714285714285714,0.5833333333333334,0.3988095238095237,0.23980044141052048,0.13740458015267176,0.5837104072398189,0.6205128205128205,0.41076967241441226,0.2395015897606114,0.85,1.2,1.4210526315789473,1.069298245614035,0.19108114426453032,1.0625,1.7142857142857142,2.25,1.383928571428571,0.3259845761344321,1.1106870229007635,1.755656108597285,2.353846153846154,1.4280845264197477,0.32260488880899335,0.2,0.4,0.42105263157894735,0.34035087719298246,0.12200237649623646,0.25,0.5714285714285714,0.6666666666666666,0.4404761904761904,0.1687791295090218,0.1,0.0,0.05263157894736842,0.03333333333333338,0.05773502691896327,0.125,0.0,0.08333333333333333,0.041666666666666664,0.0721687836487098,0.3204232873786017,60.857,1.2359849619057117,60.24166666666667,0.5624734067778734,-459.2672134839156,-0.15385844109971475,92.36319261533976,-3.4796406420277926,60.06222222222222,-1.366827235691459,0.8533708969403087,high,high,1.0,0,0,1
2026-01-01,61.573,70.0,0.0,0.0,75.98571428571428,3092.6714285714284,0.0,0.2857142857142857,22.0,104.0,18.0,0.0,0.0,0.0,0.0,0.0,0.0,18.0,0.0,0.0,0.0,0.0,0.0,0.0,0.0,0.0,0.0,0.0,0.0,0.0,0.0,0.0,0.0,0.0,0.0,4.7272727272727275,0.8181818181818182,24.0,0.6937500000000001,0.01666666666666667,0.2916666666666667,0.8333333333333334,20.0,8861.75,7693.458333333333,0.16666666666666666,0.75,0.20833333333333334,0.041666666666666664,0.75,16.650000000000002,20.0,5.0,1.0,14.0,2.0,2.0,1.0,1.0,0.0,0.0,3.0,3.0,0.0,0.0,1.0,1.0,0.8333333333333334,0.020000000000000004,0.2,0.9,0.014114114114114104,0.2102102102102102,0.9219219219219219,0.25,0.05,0.7,0.43919639936339927,60.037,0,0,1,0.0,0.0,0.0,0.0,0.0,0.0,0.0,0.0,0.0,0.0,1.0,1.0,1.0,1.0,0.0,19.0,20.0,20.0,21.0,2.6457513110645756,16.0,16.0,14.0,17.333333333333332,2.309401076758551,0.8421052631578947,0.8,0.7,0.8251461988304096,0.022214526214291447,0.7052631578947368,0.655,0.5525,0.684671052631579,0.026332806997678336,-0.07894736842105263,-0.065,-0.1275,-0.042426900584795306,0.05164948730960983,-0.09375,-0.08125,-0.18214285714285713,-0.0516666666666668,0.06237904963474158,-0.09664179104477612,-0.08091603053435115,-0.18981900452488684,-0.054481235821671165,0.05992342121839488,0.42105263157894735,0.1,0.4,0.22923976608187135,0.169426215913479,0.5,0.125,0.5714285714285714,0.2749999999999999,0.19843134832984516,0.5111940298507462,0.13740458015267176,0.5837104072398189,0.286269606737876,0.19816258987637186,1.1578947368421053,0.85,1.2,0.919298245614035,0.21259401266206487,1.375,1.0625,1.7142857142857142,1.1124999999999996,0.2414150989478357,1.417910447761194,1.1106870229007635,1.755656108597285,1.150173130861293,0.2503408056679076,0.42105263157894735,0.2,0.4,0.2764619883040936,0.1252884739434881,0.5,0.25,0.5714285714285714,0.3333333333333332,0.14433756729740688,0.0,0.1,0.0,0.04722222222222227,0.050230948111181714,0.0,0.125,0.0,0.05833333333333333,0.06291528696059688,0.8533708969403087,61.052,0.3204232873786017,60.67433333333333,0.49496094121899736,-20.545251443238854,0.5527629340487368,-459.2672134839156,3.561577243039382,57.972272727272724,-3.4796406420277926,8.78469459016127,high,high,1.0,0,0,1
2026-02-01,66.982,59.0,0.0,0.0,79.69491525423729,1790.8983050847457,0.0,0.23728813559322035,16.0,331.0,200.0,1.0,0.0,0.0,0.0,0.0,0.0,14.0,0.0,0.0,0.0,0.0,0.0,0.0,0.0,0.0,0.0,0.0,0.0,0.0,0.0,0.0,0.0,0.0,0.0,20.6875,12.5,17.0,0.5235294117647059,-0.1941176470588235,0.47058823529411764,0.6470588235294118,11.0,6160.235294117647,5841.588235294118,0.4117647058823529,1.3529411764705883,0.4117647058823529,0.0,0.5882352941176471,8.9,11.0,7.0,0.0,4.0,1.0,1.0,0.0,0.0,0.0,0.0,7.0,7.0,0.0,0.0,0.0,0.0,0.6470588235294118,-0.3,0.6363636363636364,2.090909090909091,-0.30280898876404494,0.6516853932584269,2.1460674157303368,0.6363636363636364,0.0,0.36363636363636365,0.5451288589595198,64.50842105263159,0,0,1,0.0,0.0,0.0,0.0,0.0,0.0,0.0,0.0,0.0,0.0,1.0,1.0,1.0,1.0,0.0,24.0,19.0,20.0,20.0,3.60555127546398,20.0,16.0,16.0,15.666666666666666,4.509249752822919,0.8333333333333334,0.8421052631578947,0.8,0.774165806673547,0.11016521938077414,0.6937500000000001,0.7052631578947368,0.655,0.6408475232198144,0.1017634151241126,0.01666666666666667,-0.07894736842105263,-0.065,-0.08546611627106981,0.10554324840239963,0.020000000000000004,-0.09375,-0.08125,-0.12458333333333345,0.16221288738362802,0.014114114114114104,-0.09664179104477612,-0.08091603053435115,-0.1284455552315691,0.16083741121647266,0.16666666666666666,0.42105263157894735,0.1,0.3331613347093223,0.14426337808297754,0.2,0.5,0.125,0.4454545454545454,0.22323689377833988,0.2102102102102102,0.5111940298507462,0.13740458015267176,0.4576965444397944,0.22554726781948498,0.75,1.1578947368421053,0.85,1.0869453044375645,0.30766846123681135,0.9,1.375,1.0625,1.4553030303030299,0.5995019167687131,0.9219219219219219,1.417910447761194,1.1106870229007635,1.4952999284711508,0.6157311883413715,0.20833333333333334,0.42105263157894735,0.2,0.3470502235982112,0.12022207835711779,0.25,0.5,0.25,0.462121212121212,0.1959472296420843,0.041666666666666664,0.0,0.1,0.013888888888888935,0.024056261216236014,0.05,0.0,0.125,0.016666666666666666,0.02886751345949851,8.78469459016127,61.573,0.8533708969403087,61.160666666666664,0.3701625768935771,24.119610213031372,0.43919639936339927,-20.545251443238854,7.447775626083231,60.037,3.561577243039382,1.8109342808515727,high,high,1.0,0,0,1
2026-03-01,68.195,79.0,0.0,0.0,70.10126582278481,1701.2151898734178,0.0,0.24050632911392406,25.0,281.0,74.0,0.0,0.0,0.0,0.0,0.0,0.0,21.0,0.0,0.0,0.0,0.0,0.0,0.0,0.0,0.0,0.0,0.0,0.0,0.0,0.0,0.0,0.0,0.0,0.0,11.24,2.96,28.0,0.6196428571428572,-0.16428571428571428,0.5357142857142857,0.75,21.0,4947.142857142857,4786.0,0.42857142857142855,1.3214285714285714,0.42857142857142855,0.0,0.5714285714285714,17.35,21.0,12.0,0.0,9.0,1.0,1.0,0.0,0.0,0.0,0.0,13.0,13.0,1.0,1.0,0.0,0.0,0.75,-0.21904761904761902,0.5714285714285714,1.7619047619047619,-0.22737752161383284,0.5821325648414984,1.8069164265129682,0.5714285714285714,0.0,0.42857142857142855,0.6791435695236223,91.38363636363637,0,0,1,0.0,0.0,0.0,0.0,0.0,0.0,0.0,0.0,0.0,0.0,1.0,1.0,1.0,1.0,0.0,17.0,24.0,19.0,23.0,5.567764362830013,11.0,20.0,16.0,17.333333333333332,5.5075705472861225,0.6470588235294118,0.8333333333333334,0.8421052631578947,0.7434640522875821,0.09330909500175862,0.5235294117647059,0.6937500000000001,0.7052631578947368,0.6123074229691878,0.08534704804900899,-0.1941176470588235,0.01666666666666667,-0.07894736842105263,-0.11391223155929035,0.11406411595972477,-0.3,0.020000000000000004,-0.09375,-0.16634920634920647,0.16638161564818224,-0.30280898876404494,0.014114114114114104,-0.09664179104477612,-0.17202413208792133,0.1655538026850649,0.4117647058823529,0.16666666666666666,0.42105263157894735,0.3356676003734827,0.14660014726192735,0.6363636363636364,0.2,0.5,0.4692640692640692,0.23543894094226323,0.6516853932584269,0.2102102102102102,0.5111940298507462,0.48134272277004514,0.2373689712461479,1.3529411764705883,0.75,1.1578947368421053,1.1414565826330534,0.33937730203151917,2.090909090909091,0.9,1.375,1.5842712842712838,0.6150051666324413,2.1460674157303368,0.9219219219219219,1.417910447761194,1.6249685880550757,0.6320299118257643,0.4117647058823529,0.20833333333333334,0.42105263157894735,0.34955648926237154,0.12259119589026343,0.6363636363636364,0.25,0.5,0.4859307359307358,0.20688553545896882,0.0,0.041666666666666664,0.0,0.013888888888888935,0.024056261216236014,0.0,0.05,0.0,0.016666666666666666,0.02886751345949851,1.8109342808515727,66.982,8.78469459016127,63.202333333333335,3.2836367541695144,24.584042536272,0.5451288589595198,24.119610213031372,41.66156119226301,64.50842105263159,7.447775626083231,7.730772050736867,high,high,1.0,0,0,1
2026-04-01,73.467,62.0,0.0,0.0,70.54838709677419,2603.6129032258063,0.0,0.25806451612903225,18.0,122.0,59.0,0.0,0.0,0.0,0.0,0.0,0.0,15.0,0.0,0.0,0.0,0.0,0.0,0.0,0.0,0.0,0.0,0.0,0.0,0.0,0.0,0.0,0.0,0.0,0.0,6.777777777777778,3.2777777777777777,18.0,0.6888888888888889,-0.033333333333333326,0.3333333333333333,0.8333333333333334,15.0,8725.777777777777,8113.944444444444,0.3888888888888889,1.1666666666666667,0.3888888888888889,0.0,0.6111111111111112,12.4,15.0,7.0,0.0,8.0,2.0,2.0,0.0,0.0,1.0,1.0,5.0,5.0,1.0,1.0,1.0,1.0,0.8333333333333334,-0.039999999999999994,0.4666666666666667,1.4,-0.044354838709677394,0.47580645161290325,1.4516129032258065,0.4666666666666667,0.0,0.5333333333333333,1.82286722043167,100.31666666666668,0,0,1,0.0,0.0,0.0,0.0,0.0,0.0,0.0,0.0,0.0,0.0,1.0,1.0,1.0,1.0,0.0,28.0,17.0,24.0,21.0,6.082762530298213,21.0,11.0,20.0,15.666666666666666,5.0332229568471885,0.75,0.6470588235294118,0.8333333333333334,0.7434640522875818,0.09330909500175862,0.6196428571428572,0.5235294117647059,0.6937500000000001,0.6106870525988174,0.08304272391347337,-0.16428571428571428,-0.1941176470588235,0.01666666666666667,-0.13057889822595703,0.08552783740811533,-0.21904761904761902,-0.3,0.020000000000000004,-0.18634920634920646,0.133048448486809,-0.22737752161383284,-0.30280898876404494,0.014114114114114104,-0.19151378302918518,0.13290708306569765,0.42857142857142855,0.4117647058823529,0.16666666666666666,0.4097416744475568,0.019918470851295642,0.5714285714285714,0.6363636363636364,0.2,0.5581529581529581,0.08562386823757909,0.5821325648414984,0.6516853932584269,0.2102102102102102,0.5698748032376094,0.08857787572661546,1.3214285714285714,1.3529411764705883,0.75,1.2803454715219422,0.09970162523311461,1.7619047619047619,2.090909090909091,0.9,1.7509379509379503,0.3455850780665867,1.8069164265129682,2.1460674157303368,0.9219219219219219,1.8015322484897036,0.34725856290984597,0.42857142857142855,0.4117647058823529,0.20833333333333334,0.4097416744475568,0.01991847085129011,0.5714285714285714,0.6363636363636364,0.25,0.5581529581529581,0.08562386823757848,0.0,0.0,0.041666666666666664,0.0,0.0,0.0,0.0,0.05,0.0,0.0,7.730772050736867,68.195,1.8109342808515727,65.58333333333333,3.525609498134103,168.40675554217498,0.6791435695236223,24.584042536272,9.77530623478775,91.38363636363637,41.66156119226301,,,high,1.0,0,0,1
